DateTime,Over surface temperature (ºC),Surface temperature (ºC),AccelX
2024-08-27 00:00:00+00:00,6.37,4.25,1.014
2024-08-27 00:01:00+00:00,6.18,4.25,0.702
2024-08-27 00:02:00+00:00,6.12,4.25,1.016
2024-08-27 00:03:00+00:00,6.0,4.25,1.018
2024-08-27 00:04:00+00:00,6.0,4.25,1.01
2024-08-27 00:05:00+00:00,6.0,4.25,1.014
2024-08-27 00:06:00+00:00,5.93,4.25,1.014
2024-08-27 00:07:00+00:00,6.0,4.25,1.016
2024-08-27 00:08:00+00:00,6.0,4.31,1.014
2024-08-27 00:09:00+00:00,6.06,4.25,1.014
2024-08-27 00:10:00+00:00,6.06,4.31,1.015
2024-08-27 00:11:00+00:00,6.12,4.25,1.015
2024-08-27 00:12:00+00:00,6.06,4.31,1.015
2024-08-27 00:13:00+00:00,6.18,4.25,1.014
2024-08-27 00:14:00+00:00,6.18,4.31,1.014
2024-08-27 00:15:00+00:00,6.25,4.25,1.015
2024-08-27 00:16:00+00:00,6.12,4.31,0.943
2024-08-27 00:17:00+00:00,6.12,4.31,1.008
2024-08-27 00:18:00+00:00,6.06,4.25,1.023
2024-08-27 00:19:00+00:00,6.06,4.25,1.03
2024-08-27 00:20:00+00:00,6.12,4.31,1.016
2024-08-27 00:21:00+00:00,6.12,4.31,1.013
2024-08-27 00:22:00+00:00,6.12,4.37,1.014
2024-08-27 00:23:00+00:00,6.12,4.31,1.014
2024-08-27 00:24:00+00:00,6.18,4.37,1.014
2024-08-27 00:25:00+00:00,6.18,4.37,1.013
2024-08-27 00:26:00+00:00,6.25,4.31,1.014
2024-08-27 00:27:00+00:00,6.25,4.37,1.014
2024-08-27 00:28:00+00:00,6.31,4.31,1.013
2024-08-27 00:29:00+00:00,6.37,4.31,1.014
2024-08-27 00:30:00+00:00,6.37,4.31,1.015
2024-08-27 00:31:00+00:00,6.18,4.37,0.652
2024-08-27 00:32:00+00:00,6.06,4.37,0.888
2024-08-27 00:33:00+00:00,6.0,4.37,0.996
2024-08-27 00:34:00+00:00,6.0,4.37,1.015
2024-08-27 00:35:00+00:00,6.0,4.37,1.013
2024-08-27 00:36:00+00:00,6.0,4.37,1.016
2024-08-27 00:37:00+00:00,6.0,4.37,1.016
2024-08-27 00:38:00+00:00,6.0,4.31,1.016
2024-08-27 00:39:00+00:00,6.06,4.37,1.016
2024-08-27 00:40:00+00:00,6.06,4.37,1.016
2024-08-27 00:41:00+00:00,6.12,4.31,1.016
2024-08-27 00:42:00+00:00,6.12,4.31,1.016
2024-08-27 00:43:00+00:00,6.18,4.37,1.016
2024-08-27 00:44:00+00:00,6.25,4.37,1.015
2024-08-27 00:45:00+00:00,6.25,4.31,1.015
2024-08-27 00:46:00+00:00,6.12,4.43,1.011
2024-08-27 00:47:00+00:00,6.06,4.37,0.968
2024-08-27 00:48:00+00:00,6.0,4.37,0.978
2024-08-27 00:49:00+00:00,5.93,4.25,1.06
2024-08-27 00:50:00+00:00,5.81,4.06,0.962
2024-08-27 00:51:00+00:00,5.75,4.0,0.744
2024-08-27 00:52:00+00:00,5.68,4.0,0.965
2024-08-27 00:53:00+00:00,5.62,3.93,1.039
2024-08-27 00:54:00+00:00,5.56,3.93,1.021
2024-08-27 00:55:00+00:00,5.62,3.93,1.012
2024-08-27 00:56:00+00:00,5.56,3.93,1.015
2024-08-27 00:57:00+00:00,5.62,3.87,1.014
2024-08-27 00:58:00+00:00,5.62,3.93,1.015
2024-08-27 00:59:00+00:00,5.62,3.93,1.015
2024-08-27 01:00:00+00:00,5.62,3.93,1.016
2024-08-27 01:01:00+00:00,5.68,3.93,1.016
2024-08-27 01:02:00+00:00,5.68,3.93,1.014
2024-08-27 01:03:00+00:00,5.75,3.93,1.014
2024-08-27 01:04:00+00:00,5.81,3.87,1.015
2024-08-27 01:05:00+00:00,5.81,3.87,1.032
2024-08-27 01:06:00+00:00,5.62,3.87,1.019
2024-08-27 01:07:00+00:00,5.56,3.87,0.99
2024-08-27 01:08:00+00:00,5.56,3.87,0.994
2024-08-27 01:09:00+00:00,5.5,3.93,1.019
2024-08-27 01:10:00+00:00,5.5,3.87,1.019
2024-08-27 01:11:00+00:00,5.5,3.93,1.015
2024-08-27 01:12:00+00:00,5.5,3.87,1.016
2024-08-27 01:13:00+00:00,5.56,3.87,1.016
2024-08-27 01:14:00+00:00,5.56,3.87,1.016
2024-08-27 01:15:00+00:00,5.62,3.93,1.016
2024-08-27 01:16:00+00:00,5.62,3.93,1.016
2024-08-27 01:17:00+00:00,5.68,3.93,1.016
2024-08-27 01:18:00+00:00,5.68,3.93,1.016
2024-08-27 01:19:00+00:00,5.75,3.93,1.016
2024-08-27 01:20:00+00:00,5.75,3.93,1.025
2024-08-27 01:21:00+00:00,5.75,3.87,0.988
2024-08-27 01:22:00+00:00,5.62,3.93,0.859
2024-08-27 01:23:00+00:00,5.62,3.93,1.011
2024-08-27 01:24:00+00:00,5.62,3.93,1.022
2024-08-27 01:25:00+00:00,5.62,3.87,1.019
2024-08-27 01:26:00+00:00,5.62,3.93,1.016
2024-08-27 01:27:00+00:00,5.68,3.93,1.016
2024-08-27 01:28:00+00:00,5.68,4.0,1.016
2024-08-27 01:29:00+00:00,5.68,3.93,1.016
2024-08-27 01:30:00+00:00,5.68,4.0,1.016
2024-08-27 01:31:00+00:00,5.75,3.93,1.016
2024-08-27 01:32:00+00:00,5.81,3.87,1.016
2024-08-27 01:33:00+00:00,5.81,3.93,1.016
2024-08-27 01:34:00+00:00,5.81,3.93,1.016
2024-08-27 01:35:00+00:00,5.87,3.93,1.015
2024-08-27 01:36:00+00:00,5.75,3.93,0.927
2024-08-27 01:37:00+00:00,5.68,3.93,0.995
2024-08-27 01:38:00+00:00,5.62,4.0,1.017
2024-08-27 01:39:00+00:00,5.62,3.93,1.014
2024-08-27 01:40:00+00:00,5.62,3.87,1.019
2024-08-27 01:41:00+00:00,5.68,3.93,1.016
2024-08-27 01:42:00+00:00,5.62,3.93,1.014
2024-08-27 01:43:00+00:00,5.62,3.93,1.016
2024-08-27 01:44:00+00:00,5.68,4.0,1.015
2024-08-27 01:45:00+00:00,5.75,3.93,1.016
2024-08-27 01:46:00+00:00,5.75,3.93,1.016
2024-08-27 01:47:00+00:00,5.81,3.93,1.015
2024-08-27 01:48:00+00:00,5.87,3.93,1.015
2024-08-27 01:49:00+00:00,5.81,3.93,1.015
2024-08-27 01:50:00+00:00,5.87,3.93,1.038
2024-08-27 01:51:00+00:00,5.81,4.0,0.93
2024-08-27 01:52:00+00:00,5.75,3.93,0.913
2024-08-27 01:53:00+00:00,5.81,3.93,1.02
2024-08-27 01:54:00+00:00,5.75,4.0,1.016
2024-08-27 01:55:00+00:00,5.81,3.93,1.015
2024-08-27 01:56:00+00:00,5.81,3.93,1.016
2024-08-27 01:57:00+00:00,5.81,4.0,1.015
2024-08-27 01:58:00+00:00,5.81,3.93,1.014
2024-08-27 01:59:00+00:00,5.87,4.0,1.015
2024-08-27 02:00:00+00:00,5.93,3.93,1.015
2024-08-27 02:01:00+00:00,5.93,4.0,1.015
2024-08-27 02:02:00+00:00,5.93,3.93,1.014
2024-08-27 02:03:00+00:00,5.93,3.93,1.015
2024-08-27 02:04:00+00:00,6.0,3.93,1.016
2024-08-27 02:05:00+00:00,6.06,4.0,1.024
2024-08-27 02:06:00+00:00,6.0,4.0,0.974
2024-08-27 02:07:00+00:00,6.0,4.0,0.945
2024-08-27 02:08:00+00:00,6.0,4.0,1.034
2024-08-27 02:09:00+00:00,5.93,4.0,1.021
2024-08-27 02:10:00+00:00,5.93,3.93,1.016
2024-08-27 02:11:00+00:00,6.0,4.0,1.015
2024-08-27 02:12:00+00:00,6.0,4.0,1.016
2024-08-27 02:13:00+00:00,6.0,4.0,1.016
2024-08-27 02:14:00+00:00,6.0,4.0,1.016
2024-08-27 02:15:00+00:00,6.0,4.0,1.016
2024-08-27 02:16:00+00:00,6.06,4.0,1.016
2024-08-27 02:17:00+00:00,6.06,4.0,1.016
2024-08-27 02:18:00+00:00,6.06,3.93,1.016
2024-08-27 02:19:00+00:00,6.06,3.93,1.016
2024-08-27 02:20:00+00:00,6.12,4.0,1.017
2024-08-27 02:21:00+00:00,5.93,4.0,0.606
2024-08-27 02:22:00+00:00,5.81,4.0,0.876
2024-08-27 02:23:00+00:00,5.75,4.0,0.999
2024-08-27 02:24:00+00:00,5.75,4.0,1.017
2024-08-27 02:25:00+00:00,5.75,4.0,1.014
2024-08-27 02:26:00+00:00,5.68,4.0,1.015
2024-08-27 02:27:00+00:00,5.75,4.06,1.015
2024-08-27 02:28:00+00:00,5.75,4.0,1.014
2024-08-27 02:29:00+00:00,5.81,4.0,1.015
2024-08-27 02:30:00+00:00,5.87,4.0,1.013
2024-08-27 02:31:00+00:00,5.81,4.06,1.014
2024-08-27 02:32:00+00:00,5.87,4.0,1.014
2024-08-27 02:33:00+00:00,5.87,4.0,1.016
2024-08-27 02:34:00+00:00,5.93,4.06,1.013
2024-08-27 02:35:00+00:00,6.0,4.06,1.015
2024-08-27 02:36:00+00:00,5.87,4.06,0.909
2024-08-27 02:37:00+00:00,5.75,4.12,0.86
2024-08-27 02:38:00+00:00,5.68,4.0,1.03
2024-08-27 02:39:00+00:00,5.68,4.06,1.026
2024-08-27 02:40:00+00:00,5.68,4.06,1.013
2024-08-27 02:41:00+00:00,5.68,4.12,1.014
2024-08-27 02:42:00+00:00,5.68,4.06,1.016
2024-08-27 02:43:00+00:00,5.68,4.06,1.016
2024-08-27 02:44:00+00:00,5.75,4.0,1.015
2024-08-27 02:45:00+00:00,5.75,4.06,1.016
2024-08-27 02:46:00+00:00,5.81,4.0,1.015
2024-08-27 02:47:00+00:00,5.81,4.06,1.014
2024-08-27 02:48:00+00:00,5.87,4.06,1.015
2024-08-27 02:49:00+00:00,5.87,4.06,1.016
2024-08-27 02:50:00+00:00,5.93,4.06,1.0
2024-08-27 02:51:00+00:00,5.75,4.12,1.006
2024-08-27 02:52:00+00:00,5.75,4.06,0.98
2024-08-27 02:53:00+00:00,5.68,4.06,1.02
2024-08-27 02:54:00+00:00,5.68,4.0,1.019
2024-08-27 02:55:00+00:00,5.68,4.06,1.019
2024-08-27 02:56:00+00:00,5.68,4.12,1.017
2024-08-27 02:57:00+00:00,5.68,4.06,1.015
2024-08-27 02:58:00+00:00,5.68,4.06,1.016
2024-08-27 02:59:00+00:00,5.75,4.06,1.016
2024-08-27 03:00:00+00:00,5.81,4.06,1.015
2024-08-27 03:01:00+00:00,5.81,4.06,1.015
2024-08-27 03:02:00+00:00,5.81,4.06,1.015
2024-08-27 03:03:00+00:00,5.87,4.06,1.014
2024-08-27 03:04:00+00:00,5.87,4.06,1.015
2024-08-27 03:05:00+00:00,5.93,4.06,0.999
2024-08-27 03:06:00+00:00,5.87,4.06,0.991
2024-08-27 03:07:00+00:00,5.81,4.06,0.99
2024-08-27 03:08:00+00:00,5.75,4.12,0.985
2024-08-27 03:09:00+00:00,5.68,4.06,1.014
2024-08-27 03:10:00+00:00,5.68,4.06,1.011
2024-08-27 03:11:00+00:00,5.75,4.12,1.016
2024-08-27 03:12:00+00:00,5.75,4.12,1.016
2024-08-27 03:13:00+00:00,5.75,4.06,1.015
2024-08-27 03:14:00+00:00,5.75,4.18,1.016
2024-08-27 03:15:00+00:00,5.75,4.12,1.016
2024-08-27 03:16:00+00:00,5.81,4.12,1.016
2024-08-27 03:17:00+00:00,5.87,4.12,1.016
2024-08-27 03:18:00+00:00,5.93,4.06,1.016
2024-08-27 03:19:00+00:00,5.93,4.12,1.016
2024-08-27 03:20:00+00:00,5.93,4.06,1.019
2024-08-27 03:21:00+00:00,5.87,4.12,0.974
2024-08-27 03:22:00+00:00,5.81,4.12,0.981
2024-08-27 03:23:00+00:00,5.81,4.12,1.011
2024-08-27 03:24:00+00:00,5.75,4.12,1.011
2024-08-27 03:25:00+00:00,5.75,4.18,1.016
2024-08-27 03:26:00+00:00,5.75,4.12,1.016
2024-08-27 03:27:00+00:00,5.81,4.12,1.016
2024-08-27 03:28:00+00:00,5.81,4.12,1.016
2024-08-27 03:29:00+00:00,5.87,4.12,1.016
2024-08-27 03:30:00+00:00,5.81,4.12,1.016
2024-08-27 03:31:00+00:00,5.87,4.18,1.016
2024-08-27 03:32:00+00:00,5.93,4.12,1.016
2024-08-27 03:33:00+00:00,5.93,4.12,1.016
2024-08-27 03:34:00+00:00,6.0,4.12,1.015
2024-08-27 03:35:00+00:00,5.93,4.12,1.016
2024-08-27 03:36:00+00:00,5.87,4.18,0.924
2024-08-27 03:37:00+00:00,5.81,4.18,1.005
2024-08-27 03:38:00+00:00,5.81,4.18,0.997
2024-08-27 03:39:00+00:00,5.81,4.12,1.006
2024-08-27 03:40:00+00:00,5.81,4.12,1.019
2024-08-27 03:41:00+00:00,5.81,4.12,1.015
2024-08-27 03:42:00+00:00,5.81,4.18,1.014
2024-08-27 03:43:00+00:00,5.81,4.18,1.015
2024-08-27 03:44:00+00:00,5.87,4.18,1.016
2024-08-27 03:45:00+00:00,5.87,4.18,1.015
2024-08-27 03:46:00+00:00,5.93,4.18,1.014
2024-08-27 03:47:00+00:00,5.93,4.18,1.015
2024-08-27 03:48:00+00:00,6.0,4.18,1.016
2024-08-27 03:49:00+00:00,6.0,4.18,1.015
2024-08-27 03:50:00+00:00,6.06,4.18,0.97
2024-08-27 03:51:00+00:00,6.0,4.18,0.872
2024-08-27 03:52:00+00:00,5.93,4.25,0.916
2024-08-27 03:53:00+00:00,6.0,4.18,1.027
2024-08-27 03:54:00+00:00,6.0,4.25,1.015
2024-08-27 03:55:00+00:00,6.0,4.25,1.015
2024-08-27 03:56:00+00:00,6.0,4.18,1.014
2024-08-27 03:57:00+00:00,6.0,4.25,1.016
2024-08-27 03:58:00+00:00,6.0,4.25,1.016
2024-08-27 03:59:00+00:00,6.06,4.18,1.014
2024-08-27 04:00:00+00:00,6.06,4.25,1.016
2024-08-27 04:01:00+00:00,6.06,4.18,1.015
2024-08-27 04:02:00+00:00,6.12,4.18,1.016
2024-08-27 04:03:00+00:00,6.12,4.25,1.015
2024-08-27 04:04:00+00:00,6.12,4.25,1.016
2024-08-27 04:05:00+00:00,6.18,4.25,0.57
2024-08-27 04:06:00+00:00,5.93,4.25,0.966
2024-08-27 04:07:00+00:00,5.87,4.25,0.939
2024-08-27 04:08:00+00:00,5.81,4.18,0.982
2024-08-27 04:09:00+00:00,5.81,4.5,1.023
2024-08-27 04:10:00+00:00,5.81,5.06,1.015
2024-08-27 04:11:00+00:00,5.81,4.93,1.015
2024-08-27 04:12:00+00:00,5.87,4.93,1.016
2024-08-27 04:13:00+00:00,5.81,4.81,1.017
2024-08-27 04:14:00+00:00,5.87,4.87,0.977
2024-08-27 04:15:00+00:00,6.06,5.5,0.808
2024-08-27 04:16:00+00:00,6.12,5.68,1.024
2024-08-27 04:17:00+00:00,6.25,5.75,0.949
2024-08-27 04:18:00+00:00,6.25,5.68,0.935
2024-08-27 04:19:00+00:00,6.37,5.68,1.009
2024-08-27 04:20:00+00:00,6.37,5.68,0.807
2024-08-27 04:21:00+00:00,6.43,5.68,0.965
2024-08-27 04:22:00+00:00,6.43,5.75,1.057
2024-08-27 04:23:00+00:00,6.5,5.75,0.974
2024-08-27 04:24:00+00:00,6.5,5.81,1.015
2024-08-27 04:25:00+00:00,6.62,5.87,0.97
2024-08-27 04:26:00+00:00,6.62,5.93,1.013
2024-08-27 04:27:00+00:00,6.68,6.0,0.953
2024-08-27 04:28:00+00:00,6.68,6.06,0.934
2024-08-27 04:29:00+00:00,6.81,6.12,0.951
2024-08-27 04:30:00+00:00,6.87,6.18,0.937
2024-08-27 04:31:00+00:00,6.87,6.18,0.947
2024-08-27 04:32:00+00:00,6.87,6.12,0.83
2024-08-27 04:33:00+00:00,6.93,6.06,0.963
2024-08-27 04:34:00+00:00,7.0,6.06,0.989
2024-08-27 04:35:00+00:00,7.06,6.06,0.928
2024-08-27 04:36:00+00:00,7.06,6.18,1.02
2024-08-27 04:37:00+00:00,7.06,6.31,0.966
2024-08-27 04:38:00+00:00,7.18,6.5,0.976
2024-08-27 04:39:00+00:00,7.18,6.68,0.972
2024-08-27 04:40:00+00:00,7.18,6.75,1.019
2024-08-27 04:41:00+00:00,7.25,6.81,0.941
2024-08-27 04:42:00+00:00,7.31,6.81,1.029
2024-08-27 04:43:00+00:00,7.37,6.81,0.89
2024-08-27 04:44:00+00:00,7.37,6.81,0.97
2024-08-27 04:45:00+00:00,7.5,6.75,1.018
2024-08-27 04:46:00+00:00,7.5,6.81,0.928
2024-08-27 04:47:00+00:00,7.56,6.93,0.962
2024-08-27 04:48:00+00:00,7.62,7.0,0.912
2024-08-27 04:49:00+00:00,7.68,7.12,0.991
2024-08-27 04:50:00+00:00,7.75,7.31,1.011
2024-08-27 04:51:00+00:00,7.75,7.31,0.93
2024-08-27 04:52:00+00:00,7.81,7.37,0.918
2024-08-27 04:53:00+00:00,7.93,7.37,1.021
2024-08-27 04:54:00+00:00,7.87,7.37,1.06
2024-08-27 04:55:00+00:00,7.93,7.37,0.999
2024-08-27 04:56:00+00:00,7.93,7.31,0.945
2024-08-27 04:57:00+00:00,8.0,7.37,1.012
2024-08-27 04:58:00+00:00,8.06,7.37,0.989
2024-08-27 04:59:00+00:00,8.12,7.43,0.977
2024-08-27 05:00:00+00:00,8.18,7.5,0.973
2024-08-27 05:01:00+00:00,8.25,7.43,0.984
2024-08-27 05:02:00+00:00,8.25,7.5,1.004
2024-08-27 05:03:00+00:00,8.25,7.43,1.024
2024-08-27 05:04:00+00:00,8.31,7.56,1.001
2024-08-27 05:05:00+00:00,8.31,7.56,1.024
2024-08-27 05:06:00+00:00,8.37,7.62,0.794
2024-08-27 05:07:00+00:00,8.37,7.68,0.98
2024-08-27 05:08:00+00:00,8.43,7.81,1.013
2024-08-27 05:09:00+00:00,8.5,7.87,0.988
2024-08-27 05:10:00+00:00,8.5,7.87,0.976
2024-08-27 05:11:00+00:00,8.56,7.87,0.959
2024-08-27 05:12:00+00:00,8.62,7.87,0.979
2024-08-27 05:13:00+00:00,8.62,7.81,0.998
2024-08-27 05:14:00+00:00,8.68,7.75,1.035
2024-08-27 05:15:00+00:00,8.75,7.68,1.042
2024-08-27 05:16:00+00:00,8.75,7.68,0.961
2024-08-27 05:17:00+00:00,8.75,7.75,0.954
2024-08-27 05:18:00+00:00,8.81,7.75,0.995
2024-08-27 05:19:00+00:00,8.81,7.75,0.988
2024-08-27 05:20:00+00:00,8.81,7.87,0.914
2024-08-27 05:21:00+00:00,8.87,8.0,1.032
2024-08-27 05:22:00+00:00,8.93,8.0,0.849
2024-08-27 05:23:00+00:00,8.87,8.06,0.99
2024-08-27 05:24:00+00:00,8.93,8.06,0.963
2024-08-27 05:25:00+00:00,8.93,8.06,1.004
2024-08-27 05:26:00+00:00,9.0,7.93,0.883
2024-08-27 05:27:00+00:00,9.0,7.87,1.007
2024-08-27 05:28:00+00:00,9.06,7.87,0.877
2024-08-27 05:29:00+00:00,9.0,7.81,0.972
2024-08-27 05:30:00+00:00,9.06,7.81,1.013
2024-08-27 05:31:00+00:00,9.06,7.81,0.89
2024-08-27 05:32:00+00:00,9.12,7.87,1.024
2024-08-27 05:33:00+00:00,9.12,7.93,1.016
2024-08-27 05:34:00+00:00,9.12,8.0,1.031
2024-08-27 05:35:00+00:00,9.18,8.0,0.995
2024-08-27 05:36:00+00:00,9.18,7.93,1.04
2024-08-27 05:37:00+00:00,9.18,7.93,1.0
2024-08-27 05:38:00+00:00,9.18,7.93,1.002
2024-08-27 05:39:00+00:00,9.18,7.75,1.007
2024-08-27 05:40:00+00:00,9.25,7.81,0.983
2024-08-27 05:41:00+00:00,9.18,7.81,0.977
2024-08-27 05:42:00+00:00,9.25,7.81,1.009
2024-08-27 05:43:00+00:00,9.25,7.68,0.917
2024-08-27 05:44:00+00:00,9.25,7.68,0.996
2024-08-27 05:45:00+00:00,9.25,7.62,0.917
2024-08-27 05:46:00+00:00,9.18,7.5,1.026
2024-08-27 05:47:00+00:00,9.25,7.37,0.997
2024-08-27 05:48:00+00:00,9.25,7.31,0.986
2024-08-27 05:49:00+00:00,9.25,7.25,0.996
2024-08-27 05:50:00+00:00,9.25,7.18,0.797
2024-08-27 05:51:00+00:00,9.18,7.06,0.984
2024-08-27 05:52:00+00:00,9.18,7.0,0.803
2024-08-27 05:53:00+00:00,9.12,6.87,0.948
2024-08-27 05:54:00+00:00,9.12,6.81,0.988
2024-08-27 05:55:00+00:00,9.12,6.75,0.894
2024-08-27 05:56:00+00:00,9.06,6.68,0.992
2024-08-27 05:57:00+00:00,9.06,6.56,1.017
2024-08-27 05:58:00+00:00,9.0,6.5,0.879
2024-08-27 05:59:00+00:00,8.93,6.37,1.002
2024-08-27 06:00:00+00:00,8.93,6.31,0.932
2024-08-27 06:01:00+00:00,8.87,6.25,0.827
2024-08-27 06:02:00+00:00,8.81,6.12,0.985
2024-08-27 06:03:00+00:00,8.75,6.06,0.912
2024-08-27 06:04:00+00:00,8.68,5.93,1.036
2024-08-27 06:05:00+00:00,8.68,5.93,1.027
2024-08-27 06:06:00+00:00,8.68,5.81,1.001
2024-08-27 06:07:00+00:00,8.56,5.75,0.879
2024-08-27 06:08:00+00:00,8.5,5.62,0.959
2024-08-27 06:09:00+00:00,8.5,5.5,1.011
2024-08-27 06:10:00+00:00,8.43,5.43,1.028
2024-08-27 06:11:00+00:00,8.37,5.31,1.035
2024-08-27 06:12:00+00:00,8.31,5.25,1.014
2024-08-27 06:13:00+00:00,8.25,5.18,0.772
2024-08-27 06:14:00+00:00,8.25,5.06,0.821
2024-08-27 06:15:00+00:00,8.12,5.0,0.954
2024-08-27 06:16:00+00:00,8.06,4.87,1.018
2024-08-27 06:17:00+00:00,8.0,4.81,0.962
2024-08-27 06:18:00+00:00,7.93,4.75,1.016
2024-08-27 06:19:00+00:00,7.81,4.62,0.843
2024-08-27 06:20:00+00:00,7.75,4.56,0.998
2024-08-27 06:21:00+00:00,7.68,4.5,0.965
2024-08-27 06:22:00+00:00,7.62,4.37,1.03
2024-08-27 06:23:00+00:00,7.56,4.37,1.017
2024-08-27 06:24:00+00:00,7.5,4.37,1.027
2024-08-27 06:25:00+00:00,7.43,4.37,1.009
2024-08-27 06:26:00+00:00,7.37,4.31,1.012
2024-08-27 06:27:00+00:00,7.31,4.37,1.014
2024-08-27 06:28:00+00:00,7.25,4.37,1.013
2024-08-27 06:29:00+00:00,7.25,4.37,1.013
2024-08-27 06:30:00+00:00,7.18,4.37,1.014
2024-08-27 06:31:00+00:00,7.18,4.31,1.013
2024-08-27 06:32:00+00:00,7.18,4.31,1.015
2024-08-27 06:33:00+00:00,7.12,4.31,1.015
2024-08-27 06:34:00+00:00,7.12,4.31,1.015
2024-08-27 06:35:00+00:00,7.06,4.31,1.015
2024-08-27 06:36:00+00:00,7.06,4.31,0.946
2024-08-27 06:37:00+00:00,7.0,4.25,0.964
2024-08-27 06:38:00+00:00,7.0,4.25,1.058
2024-08-27 06:39:00+00:00,6.93,4.25,1.014
2024-08-27 06:40:00+00:00,6.87,4.18,0.99
2024-08-27 06:41:00+00:00,6.81,4.18,1.014
2024-08-27 06:42:00+00:00,6.81,4.25,1.012
2024-08-27 06:43:00+00:00,6.81,4.25,1.016
2024-08-27 06:44:00+00:00,6.75,4.18,1.013
2024-08-27 06:45:00+00:00,6.75,4.25,1.016
2024-08-27 06:46:00+00:00,6.75,4.18,1.015
2024-08-27 06:47:00+00:00,6.75,4.18,1.015
2024-08-27 06:48:00+00:00,6.75,4.18,1.014
2024-08-27 06:49:00+00:00,6.75,4.18,1.014
2024-08-27 06:50:00+00:00,6.68,4.18,1.014
2024-08-27 06:51:00+00:00,6.62,4.12,0.99
2024-08-27 06:52:00+00:00,6.68,4.12,1.006
2024-08-27 06:53:00+00:00,6.68,4.12,1.002
2024-08-27 06:54:00+00:00,6.62,4.12,1.008
2024-08-27 06:55:00+00:00,6.62,4.18,1.002
2024-08-27 06:56:00+00:00,6.56,4.12,1.008
2024-08-27 06:57:00+00:00,6.56,4.12,1.012
2024-08-27 06:58:00+00:00,6.62,4.12,1.012
2024-08-27 06:59:00+00:00,6.56,4.12,1.015
2024-08-27 07:00:00+00:00,6.56,4.12,1.016
2024-08-27 07:01:00+00:00,6.56,4.12,1.015
2024-08-27 07:02:00+00:00,6.56,4.12,1.015
2024-08-27 07:03:00+00:00,6.5,4.12,1.016
2024-08-27 07:04:00+00:00,6.56,4.12,1.016
2024-08-27 07:05:00+00:00,6.56,4.18,1.015
2024-08-27 07:06:00+00:00,6.56,4.12,1.018
2024-08-27 07:07:00+00:00,6.56,4.12,1.003
2024-08-27 07:08:00+00:00,6.56,4.06,1.01
2024-08-27 07:09:00+00:00,6.5,4.06,1.012
2024-08-27 07:10:00+00:00,6.56,4.12,1.022
2024-08-27 07:11:00+00:00,6.5,4.06,1.014
2024-08-27 07:12:00+00:00,6.5,4.06,1.021
2024-08-27 07:13:00+00:00,6.56,4.12,1.016
2024-08-27 07:14:00+00:00,6.5,4.06,1.012
2024-08-27 07:15:00+00:00,6.5,4.06,1.014
2024-08-27 07:16:00+00:00,6.43,4.12,1.014
2024-08-27 07:17:00+00:00,6.56,4.06,1.013
2024-08-27 07:18:00+00:00,6.56,4.12,1.014
2024-08-27 07:19:00+00:00,6.5,4.06,1.015
2024-08-27 07:20:00+00:00,6.5,4.06,1.014
2024-08-27 07:21:00+00:00,6.5,4.06,0.733
2024-08-27 07:22:00+00:00,6.5,4.06,1.022
2024-08-27 07:23:00+00:00,6.43,4.06,1.016
2024-08-27 07:24:00+00:00,6.43,4.12,0.971
2024-08-27 07:25:00+00:00,6.43,4.06,1.021
2024-08-27 07:26:00+00:00,6.43,4.06,1.02
2024-08-27 07:27:00+00:00,6.43,4.12,1.016
2024-08-27 07:28:00+00:00,6.43,4.06,1.016
2024-08-27 07:29:00+00:00,6.43,4.06,1.015
2024-08-27 07:30:00+00:00,6.37,4.12,1.015
2024-08-27 07:31:00+00:00,6.43,4.06,1.016
2024-08-27 07:32:00+00:00,6.43,4.06,1.014
2024-08-27 07:33:00+00:00,6.43,4.06,1.014
2024-08-27 07:34:00+00:00,6.43,4.0,1.015
2024-08-27 07:35:00+00:00,6.43,4.06,1.014
2024-08-27 07:36:00+00:00,6.43,4.06,1.022
2024-08-27 07:37:00+00:00,6.43,4.06,0.878
2024-08-27 07:38:00+00:00,6.43,4.06,1.003
2024-08-27 07:39:00+00:00,6.43,4.06,1.028
2024-08-27 07:40:00+00:00,6.37,4.06,1.006
2024-08-27 07:41:00+00:00,6.37,4.06,1.009
2024-08-27 07:42:00+00:00,6.43,4.06,1.014
2024-08-27 07:43:00+00:00,6.37,4.06,1.013
2024-08-27 07:44:00+00:00,6.37,4.0,1.015
2024-08-27 07:45:00+00:00,6.43,4.06,1.016
2024-08-27 07:46:00+00:00,6.43,4.06,1.015
2024-08-27 07:47:00+00:00,6.37,4.06,1.016
2024-08-27 07:48:00+00:00,6.37,4.06,1.015
2024-08-27 07:49:00+00:00,6.37,4.06,1.014
2024-08-27 07:50:00+00:00,6.37,4.06,1.015
2024-08-27 07:51:00+00:00,6.37,4.06,0.96
2024-08-27 07:52:00+00:00,6.43,4.0,0.985
2024-08-27 07:53:00+00:00,6.37,4.06,1.016
2024-08-27 07:54:00+00:00,6.37,4.06,1.024
2024-08-27 07:55:00+00:00,6.37,4.0,1.026
2024-08-27 07:56:00+00:00,6.37,4.06,0.999
2024-08-27 07:57:00+00:00,6.37,4.06,1.018
2024-08-27 07:58:00+00:00,6.37,4.06,1.013
2024-08-27 07:59:00+00:00,6.37,4.06,1.015
2024-08-27 08:00:00+00:00,6.37,4.06,1.014
2024-08-27 08:01:00+00:00,6.37,4.06,1.012
2024-08-27 08:02:00+00:00,6.37,4.06,1.013
2024-08-27 08:03:00+00:00,6.37,4.06,1.014
2024-08-27 08:04:00+00:00,6.37,4.06,1.013
2024-08-27 08:05:00+00:00,6.37,4.06,1.014
2024-08-27 08:06:00+00:00,6.37,4.06,1.044
2024-08-27 08:07:00+00:00,6.37,4.06,0.99
2024-08-27 08:08:00+00:00,6.37,4.06,1.067
2024-08-27 08:09:00+00:00,6.31,4.06,0.988
2024-08-27 08:10:00+00:00,6.37,4.06,1.015
2024-08-27 08:11:00+00:00,6.31,4.06,1.015
2024-08-27 08:12:00+00:00,6.31,4.06,1.016
2024-08-27 08:13:00+00:00,6.37,4.06,1.016
2024-08-27 08:14:00+00:00,6.31,4.06,1.013
2024-08-27 08:15:00+00:00,6.31,4.06,1.014
2024-08-27 08:16:00+00:00,6.31,4.12,1.014
2024-08-27 08:17:00+00:00,6.31,4.12,1.015
2024-08-27 08:18:00+00:00,6.31,4.06,1.014
2024-08-27 08:19:00+00:00,6.31,4.12,1.014
2024-08-27 08:20:00+00:00,6.31,4.06,1.014
2024-08-27 08:21:00+00:00,6.31,4.06,0.915
2024-08-27 08:22:00+00:00,6.31,4.12,1.041
2024-08-27 08:23:00+00:00,6.31,4.06,1.011
2024-08-27 08:24:00+00:00,6.31,4.06,1.011
2024-08-27 08:25:00+00:00,6.31,4.06,1.027
2024-08-27 08:26:00+00:00,6.31,4.06,1.011
2024-08-27 08:27:00+00:00,6.31,4.06,1.016
2024-08-27 08:28:00+00:00,6.31,4.06,1.016
2024-08-27 08:29:00+00:00,6.25,4.06,1.011
2024-08-27 08:30:00+00:00,6.25,4.06,1.014
2024-08-27 08:31:00+00:00,6.25,4.06,1.013
2024-08-27 08:32:00+00:00,6.25,4.06,1.015
2024-08-27 08:33:00+00:00,6.25,4.06,1.014
2024-08-27 08:34:00+00:00,6.31,4.06,1.015
2024-08-27 08:35:00+00:00,6.25,4.06,1.014
2024-08-27 08:36:00+00:00,6.25,4.06,0.889
2024-08-27 08:37:00+00:00,6.25,4.06,0.978
2024-08-27 08:38:00+00:00,6.31,4.06,1.022
2024-08-27 08:39:00+00:00,6.31,4.06,1.012
2024-08-27 08:40:00+00:00,6.25,4.0,1.039
2024-08-27 08:41:00+00:00,6.25,4.06,1.011
2024-08-27 08:42:00+00:00,6.31,4.0,1.015
2024-08-27 08:43:00+00:00,6.31,4.06,1.011
2024-08-27 08:44:00+00:00,6.25,4.06,1.013
2024-08-27 08:45:00+00:00,6.25,4.06,1.014
2024-08-27 08:46:00+00:00,6.31,4.06,1.014
2024-08-27 08:47:00+00:00,6.25,4.06,1.013
2024-08-27 08:48:00+00:00,6.31,4.12,1.013
2024-08-27 08:49:00+00:00,6.25,4.06,1.012
2024-08-27 08:50:00+00:00,6.31,4.06,1.014
2024-08-27 08:51:00+00:00,6.31,4.06,0.873
2024-08-27 08:52:00+00:00,6.25,4.06,1.015
2024-08-27 08:53:00+00:00,6.25,4.06,1.001
2024-08-27 08:54:00+00:00,6.25,4.12,1.054
2024-08-27 08:55:00+00:00,6.25,4.06,0.995
2024-08-27 08:56:00+00:00,6.25,4.06,1.029
2024-08-27 08:57:00+00:00,6.25,4.0,1.015
2024-08-27 08:58:00+00:00,6.25,4.06,1.013
2024-08-27 08:59:00+00:00,6.25,4.12,1.014
2024-08-27 09:00:00+00:00,6.25,4.06,1.015
2024-08-27 09:01:00+00:00,6.18,4.06,1.015
2024-08-27 09:02:00+00:00,6.25,4.06,1.014
2024-08-27 09:03:00+00:00,6.25,4.06,1.016
2024-08-27 09:04:00+00:00,6.25,4.06,1.015
2024-08-27 09:05:00+00:00,6.25,4.06,1.015
2024-08-27 09:06:00+00:00,6.31,4.12,0.937
2024-08-27 09:07:00+00:00,6.25,4.06,1.016
2024-08-27 09:08:00+00:00,6.25,4.12,1.015
2024-08-27 09:09:00+00:00,6.31,4.12,1.025
2024-08-27 09:10:00+00:00,6.31,4.06,1.026
2024-08-27 09:11:00+00:00,6.25,4.12,1.007
2024-08-27 09:12:00+00:00,6.25,4.06,1.014
2024-08-27 09:13:00+00:00,6.25,4.12,1.016
2024-08-27 09:14:00+00:00,6.25,4.12,1.013
2024-08-27 09:15:00+00:00,6.31,4.12,1.015
2024-08-27 09:16:00+00:00,6.25,4.12,1.013
2024-08-27 09:17:00+00:00,6.25,4.12,1.014
2024-08-27 09:18:00+00:00,6.31,4.12,1.014
2024-08-27 09:19:00+00:00,6.25,4.06,1.015
2024-08-27 09:20:00+00:00,6.31,4.12,1.014
2024-08-27 09:21:00+00:00,6.31,4.06,0.813
2024-08-27 09:22:00+00:00,6.31,4.12,1.001
2024-08-27 09:23:00+00:00,6.25,4.12,1.021
2024-08-27 09:24:00+00:00,6.31,4.12,1.015
2024-08-27 09:25:00+00:00,6.31,4.12,1.017
2024-08-27 09:26:00+00:00,6.25,4.06,1.006
2024-08-27 09:27:00+00:00,6.25,4.12,1.015
2024-08-27 09:28:00+00:00,6.31,4.12,1.015
2024-08-27 09:29:00+00:00,6.25,4.12,1.015
2024-08-27 09:30:00+00:00,6.31,4.12,1.015
2024-08-27 09:31:00+00:00,6.25,4.06,1.015
2024-08-27 09:32:00+00:00,6.25,4.06,1.015
2024-08-27 09:33:00+00:00,6.31,4.12,1.013
2024-08-27 09:34:00+00:00,6.31,4.12,1.014
2024-08-27 09:35:00+00:00,6.31,4.12,1.013
2024-08-27 09:36:00+00:00,6.25,4.12,0.886
2024-08-27 09:37:00+00:00,6.31,4.12,0.99
2024-08-27 09:38:00+00:00,6.25,4.12,1.024
2024-08-27 09:39:00+00:00,6.31,4.12,1.032
2024-08-27 09:40:00+00:00,6.25,4.06,1.002
2024-08-27 09:41:00+00:00,6.25,4.06,1.027
2024-08-27 09:42:00+00:00,6.31,4.12,1.008
2024-08-27 09:43:00+00:00,6.31,4.06,1.01
2024-08-27 09:44:00+00:00,6.25,4.12,1.018
2024-08-27 09:45:00+00:00,6.31,4.12,1.014
2024-08-27 09:46:00+00:00,6.31,4.12,1.014
2024-08-27 09:47:00+00:00,6.37,4.12,1.013
2024-08-27 09:48:00+00:00,6.31,4.12,1.014
2024-08-27 09:49:00+00:00,6.31,4.12,1.015
2024-08-27 09:50:00+00:00,6.31,4.12,1.014
2024-08-27 09:51:00+00:00,6.31,4.12,0.987
2024-08-27 09:52:00+00:00,6.31,4.12,0.971
2024-08-27 09:53:00+00:00,6.31,4.12,1.006
2024-08-27 09:54:00+00:00,6.31,4.12,1.0
2024-08-27 09:55:00+00:00,6.31,4.18,1.014
2024-08-27 09:56:00+00:00,6.31,4.18,0.993
2024-08-27 09:57:00+00:00,6.31,4.12,1.017
2024-08-27 09:58:00+00:00,6.31,4.12,1.016
2024-08-27 09:59:00+00:00,6.25,4.12,1.012
2024-08-27 10:00:00+00:00,6.25,4.12,1.012
2024-08-27 10:01:00+00:00,6.31,4.12,1.015
2024-08-27 10:02:00+00:00,6.31,4.18,1.016
2024-08-27 10:03:00+00:00,6.31,4.12,1.015
2024-08-27 10:04:00+00:00,6.31,4.18,1.014
2024-08-27 10:05:00+00:00,6.31,4.12,1.015
2024-08-27 10:06:00+00:00,6.31,4.12,0.994
2024-08-27 10:07:00+00:00,6.31,4.18,0.981
2024-08-27 10:08:00+00:00,6.31,4.12,1.037
2024-08-27 10:09:00+00:00,6.25,4.12,1.013
2024-08-27 10:10:00+00:00,6.31,4.18,1.003
2024-08-27 10:11:00+00:00,6.31,4.18,1.016
2024-08-27 10:12:00+00:00,6.31,4.18,1.006
2024-08-27 10:13:00+00:00,6.31,4.18,1.016
2024-08-27 10:14:00+00:00,6.31,4.12,1.015
2024-08-27 10:15:00+00:00,6.31,4.12,1.014
2024-08-27 10:16:00+00:00,6.25,4.12,1.016
2024-08-27 10:17:00+00:00,6.31,4.18,1.014
2024-08-27 10:18:00+00:00,6.31,4.12,1.015
2024-08-27 10:19:00+00:00,6.31,4.18,1.014
2024-08-27 10:20:00+00:00,6.31,4.12,1.014
2024-08-27 10:21:00+00:00,6.31,4.12,0.945
2024-08-27 10:22:00+00:00,6.31,4.18,1.027
2024-08-27 10:23:00+00:00,6.31,4.18,1.009
2024-08-27 10:24:00+00:00,6.31,4.18,1.018
2024-08-27 10:25:00+00:00,6.31,4.18,1.016
2024-08-27 10:26:00+00:00,6.31,4.12,1.017
2024-08-27 10:27:00+00:00,6.31,4.18,1.015
2024-08-27 10:28:00+00:00,6.31,4.18,1.016
2024-08-27 10:29:00+00:00,6.31,4.18,1.014
2024-08-27 10:30:00+00:00,6.31,4.18,1.015
2024-08-27 10:31:00+00:00,6.31,4.25,1.014
2024-08-27 10:32:00+00:00,6.25,4.18,1.016
2024-08-27 10:33:00+00:00,6.31,4.18,1.016
2024-08-27 10:34:00+00:00,6.31,4.18,1.016
2024-08-27 10:35:00+00:00,6.31,4.12,1.016
2024-08-27 10:36:00+00:00,6.37,4.18,0.983
2024-08-27 10:37:00+00:00,6.31,4.12,0.95
2024-08-27 10:38:00+00:00,6.25,4.18,1.038
2024-08-27 10:39:00+00:00,6.25,4.12,1.025
2024-08-27 10:40:00+00:00,6.25,4.12,1.043
2024-08-27 10:41:00+00:00,6.25,4.18,1.006
2024-08-27 10:42:00+00:00,6.18,4.18,1.006
2024-08-27 10:43:00+00:00,6.18,4.18,1.012
2024-08-27 10:44:00+00:00,6.25,4.18,1.013
2024-08-27 10:45:00+00:00,6.25,4.18,1.014
2024-08-27 10:46:00+00:00,6.25,4.18,1.016
2024-08-27 10:47:00+00:00,6.25,4.18,1.014
2024-08-27 10:48:00+00:00,6.25,4.18,1.014
2024-08-27 10:49:00+00:00,6.25,4.18,1.013
2024-08-27 10:50:00+00:00,6.25,4.18,1.014
2024-08-27 10:51:00+00:00,6.25,4.18,1.002
2024-08-27 10:52:00+00:00,6.25,4.18,0.998
2024-08-27 10:53:00+00:00,6.25,4.18,1.019
2024-08-27 10:54:00+00:00,6.25,4.18,1.001
2024-08-27 10:55:00+00:00,6.31,4.25,1.017
2024-08-27 10:56:00+00:00,6.25,4.18,1.016
2024-08-27 10:57:00+00:00,6.25,4.25,1.014
2024-08-27 10:58:00+00:00,6.25,4.18,1.015
2024-08-27 10:59:00+00:00,6.25,4.18,1.015
2024-08-27 11:00:00+00:00,6.25,4.18,1.016
2024-08-27 11:01:00+00:00,6.31,4.18,1.014
2024-08-27 11:02:00+00:00,6.31,4.18,1.014
2024-08-27 11:03:00+00:00,6.25,4.25,1.015
2024-08-27 11:04:00+00:00,6.25,4.18,1.016
2024-08-27 11:05:00+00:00,6.25,4.18,1.015
2024-08-27 11:06:00+00:00,6.25,4.18,0.951
2024-08-27 11:07:00+00:00,6.31,4.25,0.957
2024-08-27 11:08:00+00:00,6.31,4.25,1.05
2024-08-27 11:09:00+00:00,6.31,4.18,1.029
2024-08-27 11:10:00+00:00,6.31,4.18,1.025
2024-08-27 11:11:00+00:00,6.25,4.18,1.003
2024-08-27 11:12:00+00:00,6.25,4.18,1.02
2024-08-27 11:13:00+00:00,6.25,4.25,1.02
2024-08-27 11:14:00+00:00,6.25,4.25,1.015
2024-08-27 11:15:00+00:00,6.31,4.18,1.016
2024-08-27 11:16:00+00:00,6.25,4.25,1.016
2024-08-27 11:17:00+00:00,6.25,4.18,1.015
2024-08-27 11:18:00+00:00,6.31,4.18,1.015
2024-08-27 11:19:00+00:00,6.25,4.18,1.015
2024-08-27 11:20:00+00:00,6.31,4.18,1.015
2024-08-27 11:21:00+00:00,6.25,4.18,1.018
2024-08-27 11:22:00+00:00,6.31,4.25,1.005
2024-08-27 11:23:00+00:00,6.18,4.25,0.997
2024-08-27 11:24:00+00:00,6.18,4.25,1.042
2024-08-27 11:25:00+00:00,6.18,4.25,0.987
2024-08-27 11:26:00+00:00,6.25,4.18,1.021
2024-08-27 11:27:00+00:00,6.18,4.18,1.014
2024-08-27 11:28:00+00:00,6.25,4.25,1.016
2024-08-27 11:29:00+00:00,6.18,4.25,1.017
2024-08-27 11:30:00+00:00,6.18,4.18,1.015
2024-08-27 11:31:00+00:00,6.18,4.18,1.016
2024-08-27 11:32:00+00:00,6.18,4.18,1.016
2024-08-27 11:33:00+00:00,6.18,4.25,1.015
2024-08-27 11:34:00+00:00,6.25,4.25,1.016
2024-08-27 11:35:00+00:00,6.25,4.25,1.016
2024-08-27 11:36:00+00:00,6.25,4.25,1.017
2024-08-27 11:37:00+00:00,6.25,4.25,0.857
2024-08-27 11:38:00+00:00,6.31,4.25,1.008
2024-08-27 11:39:00+00:00,6.31,4.25,1.055
2024-08-27 11:40:00+00:00,6.31,4.25,0.991
2024-08-27 11:41:00+00:00,6.31,4.25,1.02
2024-08-27 11:42:00+00:00,6.31,4.18,1.007
2024-08-27 11:43:00+00:00,6.25,4.25,1.014
2024-08-27 11:44:00+00:00,6.25,4.25,1.014
2024-08-27 11:45:00+00:00,6.31,4.25,1.012
2024-08-27 11:46:00+00:00,6.31,4.25,1.014
2024-08-27 11:47:00+00:00,6.31,4.25,1.013
2024-08-27 11:48:00+00:00,6.31,4.25,1.015
2024-08-27 11:49:00+00:00,6.31,4.25,1.014
2024-08-27 11:50:00+00:00,6.37,4.18,1.014
2024-08-27 11:51:00+00:00,6.31,4.25,1.011
2024-08-27 11:52:00+00:00,6.37,4.25,0.978
2024-08-27 11:53:00+00:00,6.37,4.25,1.024
2024-08-27 11:54:00+00:00,6.31,4.25,1.032
2024-08-27 11:55:00+00:00,6.37,4.18,1.011
2024-08-27 11:56:00+00:00,6.31,4.25,1.01
2024-08-27 11:57:00+00:00,6.31,4.25,1.016
2024-08-27 11:58:00+00:00,6.31,4.25,1.015
2024-08-27 11:59:00+00:00,6.31,4.25,1.016
2024-08-27 12:00:00+00:00,6.31,4.25,1.014
2024-08-27 12:01:00+00:00,6.31,4.31,1.015
2024-08-27 12:02:00+00:00,6.31,4.25,1.015
2024-08-27 12:03:00+00:00,6.31,4.25,1.015
2024-08-27 12:04:00+00:00,6.31,4.31,1.016
2024-08-27 12:05:00+00:00,6.37,4.25,1.015
2024-08-27 12:06:00+00:00,6.37,4.25,0.971
2024-08-27 12:07:00+00:00,6.37,4.25,0.992
2024-08-27 12:08:00+00:00,6.37,4.25,1.05
2024-08-27 12:09:00+00:00,6.37,4.18,1.044
2024-08-27 12:10:00+00:00,6.37,4.25,1.021
2024-08-27 12:11:00+00:00,6.37,4.25,1.013
2024-08-27 12:12:00+00:00,6.37,4.25,1.018
2024-08-27 12:13:00+00:00,6.31,4.25,1.016
2024-08-27 12:14:00+00:00,6.37,4.25,1.014
2024-08-27 12:15:00+00:00,6.37,4.31,1.013
2024-08-27 12:16:00+00:00,6.37,4.25,1.017
2024-08-27 12:17:00+00:00,6.37,4.31,1.016
2024-08-27 12:18:00+00:00,6.37,4.31,1.015
2024-08-27 12:19:00+00:00,6.37,4.31,1.016
2024-08-27 12:20:00+00:00,6.37,4.31,1.015
2024-08-27 12:21:00+00:00,6.37,4.25,0.798
2024-08-27 12:22:00+00:00,6.43,4.31,0.976
2024-08-27 12:23:00+00:00,6.43,4.31,0.997
2024-08-27 12:24:00+00:00,6.37,4.25,0.995
2024-08-27 12:25:00+00:00,6.37,4.25,1.016
2024-08-27 12:26:00+00:00,6.37,4.31,1.014
2024-08-27 12:27:00+00:00,6.43,4.31,1.01
2024-08-27 12:28:00+00:00,6.37,4.25,1.013
2024-08-27 12:29:00+00:00,6.37,4.31,1.015
2024-08-27 12:30:00+00:00,6.37,4.25,1.016
2024-08-27 12:31:00+00:00,6.43,4.31,1.016
2024-08-27 12:32:00+00:00,6.37,4.31,1.014
2024-08-27 12:33:00+00:00,6.43,4.31,1.014
2024-08-27 12:34:00+00:00,6.37,4.31,1.015
2024-08-27 12:35:00+00:00,6.43,4.31,1.014
2024-08-27 12:36:00+00:00,6.43,4.31,0.993
2024-08-27 12:37:00+00:00,6.37,4.31,0.986
2024-08-27 12:38:00+00:00,6.43,4.31,1.013
2024-08-27 12:39:00+00:00,6.43,4.25,1.016
2024-08-27 12:40:00+00:00,6.43,4.31,1.0
2024-08-27 12:41:00+00:00,6.43,4.31,1.009
2024-08-27 12:42:00+00:00,6.43,4.25,1.016
2024-08-27 12:43:00+00:00,6.37,4.31,1.011
2024-08-27 12:44:00+00:00,6.43,4.31,1.014
2024-08-27 12:45:00+00:00,6.43,4.31,1.015
2024-08-27 12:46:00+00:00,6.43,4.31,1.013
2024-08-27 12:47:00+00:00,6.43,4.31,1.014
2024-08-27 12:48:00+00:00,6.43,4.31,1.014
2024-08-27 12:49:00+00:00,6.43,4.31,1.014
2024-08-27 12:50:00+00:00,6.5,4.31,1.015
2024-08-27 12:51:00+00:00,6.5,4.31,0.948
2024-08-27 12:52:00+00:00,6.5,4.31,0.972
2024-08-27 12:53:00+00:00,6.5,4.31,1.031
2024-08-27 12:54:00+00:00,6.5,4.31,1.042
2024-08-27 12:55:00+00:00,6.5,4.31,1.014
2024-08-27 12:56:00+00:00,6.5,4.31,1.007
2024-08-27 12:57:00+00:00,6.5,4.31,1.018
2024-08-27 12:58:00+00:00,6.43,4.31,1.014
2024-08-27 12:59:00+00:00,6.5,4.31,1.016
2024-08-27 13:00:00+00:00,6.5,4.31,1.016
2024-08-27 13:01:00+00:00,6.5,4.31,1.015
2024-08-27 13:02:00+00:00,6.56,4.31,1.016
2024-08-27 13:03:00+00:00,6.5,4.31,1.014
2024-08-27 13:04:00+00:00,6.5,4.31,1.015
2024-08-27 13:05:00+00:00,6.5,4.31,1.015
2024-08-27 13:06:00+00:00,6.56,4.31,1.013
2024-08-27 13:07:00+00:00,6.5,4.31,1.002
2024-08-27 13:08:00+00:00,6.56,4.37,0.999
2024-08-27 13:09:00+00:00,6.56,4.37,1.006
2024-08-27 13:10:00+00:00,6.56,4.31,0.998
2024-08-27 13:11:00+00:00,6.56,4.37,1.017
2024-08-27 13:12:00+00:00,6.5,4.31,1.015
2024-08-27 13:13:00+00:00,6.56,4.37,1.015
2024-08-27 13:14:00+00:00,6.56,4.37,1.016
2024-08-27 13:15:00+00:00,6.5,4.37,1.015
2024-08-27 13:16:00+00:00,6.56,4.37,1.016
2024-08-27 13:17:00+00:00,6.56,4.31,1.015
2024-08-27 13:18:00+00:00,6.5,4.37,1.016
2024-08-27 13:19:00+00:00,6.56,4.37,1.016
2024-08-27 13:20:00+00:00,6.56,4.37,1.015
2024-08-27 13:21:00+00:00,6.56,4.37,1.014
2024-08-27 13:22:00+00:00,6.56,4.37,0.939
2024-08-27 13:23:00+00:00,6.56,4.31,0.989
2024-08-27 13:24:00+00:00,6.43,4.31,1.017
2024-08-27 13:25:00+00:00,6.37,4.25,1.012
2024-08-27 13:26:00+00:00,6.43,4.18,0.993
2024-08-27 13:27:00+00:00,6.37,4.12,1.016
2024-08-27 13:28:00+00:00,6.43,4.06,1.003
2024-08-27 13:29:00+00:00,6.43,4.0,0.972
2024-08-27 13:30:00+00:00,6.43,4.0,0.968
2024-08-27 13:31:00+00:00,6.43,3.93,0.977
2024-08-27 13:32:00+00:00,6.37,3.93,1.023
2024-08-27 13:33:00+00:00,6.37,3.93,1.026
2024-08-27 13:34:00+00:00,6.37,3.93,1.011
2024-08-27 13:35:00+00:00,6.37,4.0,1.016
2024-08-27 13:36:00+00:00,6.31,4.0,1.012
2024-08-27 13:37:00+00:00,6.31,4.0,1.013
2024-08-27 13:38:00+00:00,6.31,4.0,1.015
2024-08-27 13:39:00+00:00,6.31,4.0,1.014
2024-08-27 13:40:00+00:00,6.31,3.93,1.013
2024-08-27 13:41:00+00:00,6.31,4.0,1.013
2024-08-27 13:42:00+00:00,6.31,3.93,1.014
2024-08-27 13:43:00+00:00,6.31,4.0,0.993
2024-08-27 13:44:00+00:00,6.31,3.93,0.903
2024-08-27 13:45:00+00:00,6.31,3.93,0.994
2024-08-27 13:46:00+00:00,6.31,4.0,1.002
2024-08-27 13:47:00+00:00,6.31,3.93,1.022
2024-08-27 13:48:00+00:00,6.31,4.0,1.018
2024-08-27 13:49:00+00:00,6.31,3.93,1.015
2024-08-27 13:50:00+00:00,6.31,4.0,1.012
2024-08-27 13:51:00+00:00,6.31,4.0,1.014
2024-08-27 13:52:00+00:00,6.25,4.0,1.013
2024-08-27 13:53:00+00:00,6.25,3.93,1.016
2024-08-27 13:54:00+00:00,6.25,3.93,1.012
2024-08-27 13:55:00+00:00,6.25,3.93,1.014
2024-08-27 13:56:00+00:00,6.25,4.0,1.014
2024-08-27 13:57:00+00:00,6.25,3.93,1.014
2024-08-27 13:58:00+00:00,6.25,4.0,1.026
2024-08-27 13:59:00+00:00,6.25,3.93,0.962
2024-08-27 14:00:00+00:00,6.25,4.0,0.941
2024-08-27 14:01:00+00:00,6.25,3.93,1.005
2024-08-27 14:02:00+00:00,6.25,3.93,1.018
2024-08-27 14:03:00+00:00,6.31,3.93,0.999
2024-08-27 14:04:00+00:00,6.31,3.93,1.005
2024-08-27 14:05:00+00:00,6.31,4.0,1.016
2024-08-27 14:06:00+00:00,6.31,3.93,1.015
2024-08-27 14:07:00+00:00,6.25,3.93,1.016
2024-08-27 14:08:00+00:00,6.25,3.93,1.016
2024-08-27 14:09:00+00:00,6.31,4.0,1.016
2024-08-27 14:10:00+00:00,6.25,4.0,1.015
2024-08-27 14:11:00+00:00,6.25,3.93,1.015
2024-08-27 14:12:00+00:00,6.25,4.0,1.015
2024-08-27 14:13:00+00:00,6.31,3.93,1.002
2024-08-27 14:14:00+00:00,6.31,4.0,0.988
2024-08-27 14:15:00+00:00,6.31,3.93,0.966
2024-08-27 14:16:00+00:00,6.25,3.93,1.02
2024-08-27 14:17:00+00:00,6.25,3.93,1.062
2024-08-27 14:18:00+00:00,6.25,3.93,1.011
2024-08-27 14:19:00+00:00,6.25,3.93,1.016
2024-08-27 14:20:00+00:00,6.25,3.93,1.016
2024-08-27 14:21:00+00:00,6.25,3.93,1.014
2024-08-27 14:22:00+00:00,6.25,4.0,1.015
2024-08-27 14:23:00+00:00,6.25,4.0,1.015
2024-08-27 14:24:00+00:00,6.18,4.0,1.015
2024-08-27 14:25:00+00:00,6.25,4.0,1.015
2024-08-27 14:26:00+00:00,6.25,3.93,1.014
2024-08-27 14:27:00+00:00,6.25,3.93,1.014
2024-08-27 14:28:00+00:00,6.25,4.0,1.018
2024-08-27 14:29:00+00:00,6.25,3.93,0.991
2024-08-27 14:30:00+00:00,6.25,3.93,0.979
2024-08-27 14:31:00+00:00,6.25,4.0,1.017
2024-08-27 14:32:00+00:00,6.25,4.0,1.016
2024-08-27 14:33:00+00:00,6.25,4.0,1.01
2024-08-27 14:34:00+00:00,6.25,4.0,1.009
2024-08-27 14:35:00+00:00,6.25,4.0,1.009
2024-08-27 14:36:00+00:00,6.18,3.93,1.014
2024-08-27 14:37:00+00:00,6.25,3.93,1.015
2024-08-27 14:38:00+00:00,6.25,4.0,1.013
2024-08-27 14:39:00+00:00,6.25,4.0,1.014
2024-08-27 14:40:00+00:00,6.25,4.0,1.014
2024-08-27 14:41:00+00:00,6.31,3.93,1.014
2024-08-27 14:42:00+00:00,6.31,4.0,1.014
2024-08-27 14:43:00+00:00,6.25,3.93,1.01
2024-08-27 14:44:00+00:00,6.31,3.93,0.984
2024-08-27 14:45:00+00:00,6.31,4.0,0.975
2024-08-27 14:46:00+00:00,6.31,4.0,1.053
2024-08-27 14:47:00+00:00,6.25,4.0,1.003
2024-08-27 14:48:00+00:00,6.25,4.0,1.011
2024-08-27 14:49:00+00:00,6.25,4.0,1.017
2024-08-27 14:50:00+00:00,6.25,4.0,1.016
2024-08-27 14:51:00+00:00,6.31,4.0,1.016
2024-08-27 14:52:00+00:00,6.25,3.93,1.013
2024-08-27 14:53:00+00:00,6.31,4.0,1.015
2024-08-27 14:54:00+00:00,6.25,4.0,1.014
2024-08-27 14:55:00+00:00,6.25,4.0,1.015
2024-08-27 14:56:00+00:00,6.25,3.93,1.014
2024-08-27 14:57:00+00:00,6.25,4.0,1.015
2024-08-27 14:58:00+00:00,6.25,3.93,1.022
2024-08-27 14:59:00+00:00,6.25,4.0,0.889
2024-08-27 15:00:00+00:00,6.31,3.93,0.999
2024-08-27 15:01:00+00:00,6.31,4.0,1.022
2024-08-27 15:02:00+00:00,6.31,4.0,1.004
2024-08-27 15:03:00+00:00,6.25,4.0,1.014
2024-08-27 15:04:00+00:00,6.25,4.0,1.012
2024-08-27 15:05:00+00:00,6.25,4.0,1.014
2024-08-27 15:06:00+00:00,6.25,4.0,1.016
2024-08-27 15:07:00+00:00,6.25,4.0,1.015
2024-08-27 15:08:00+00:00,6.25,4.0,1.014
2024-08-27 15:09:00+00:00,6.25,4.0,1.015
2024-08-27 15:10:00+00:00,6.31,4.0,1.015
2024-08-27 15:11:00+00:00,6.31,4.0,1.015
2024-08-27 15:12:00+00:00,6.31,4.0,1.016
2024-08-27 15:13:00+00:00,6.31,3.93,0.998
2024-08-27 15:14:00+00:00,6.31,3.93,0.954
2024-08-27 15:15:00+00:00,6.31,4.0,0.991
2024-08-27 15:16:00+00:00,6.31,4.0,0.962
2024-08-27 15:17:00+00:00,6.25,3.93,1.033
2024-08-27 15:18:00+00:00,6.25,4.0,1.002
2024-08-27 15:19:00+00:00,6.31,3.93,1.017
2024-08-27 15:20:00+00:00,6.25,4.0,1.012
2024-08-27 15:21:00+00:00,6.31,4.0,1.015
2024-08-27 15:22:00+00:00,6.31,4.0,1.011
2024-08-27 15:23:00+00:00,6.31,3.93,1.013
2024-08-27 15:24:00+00:00,6.31,4.0,1.014
2024-08-27 15:25:00+00:00,6.31,4.0,1.013
2024-08-27 15:26:00+00:00,6.31,4.0,1.013
2024-08-27 15:27:00+00:00,6.31,4.06,1.015
2024-08-27 15:28:00+00:00,6.31,4.06,1.04
2024-08-27 15:29:00+00:00,6.31,4.06,0.937
2024-08-27 15:30:00+00:00,6.31,4.06,1.057
2024-08-27 15:31:00+00:00,6.31,4.0,1.031
2024-08-27 15:32:00+00:00,6.31,4.06,1.012
2024-08-27 15:33:00+00:00,6.31,4.06,1.03
2024-08-27 15:34:00+00:00,6.31,4.06,1.016
2024-08-27 15:35:00+00:00,6.31,4.0,1.018
2024-08-27 15:36:00+00:00,6.37,4.0,1.012
2024-08-27 15:37:00+00:00,6.37,4.0,1.012
2024-08-27 15:38:00+00:00,6.37,4.0,1.011
2024-08-27 15:39:00+00:00,6.37,4.06,1.013
2024-08-27 15:40:00+00:00,6.37,4.0,1.014
2024-08-27 15:41:00+00:00,6.37,4.06,1.014
2024-08-27 15:42:00+00:00,6.37,4.06,1.013
2024-08-27 15:43:00+00:00,6.37,4.06,0.989
2024-08-27 15:44:00+00:00,6.37,4.06,0.93
2024-08-27 15:45:00+00:00,6.37,4.06,1.029
2024-08-27 15:46:00+00:00,6.43,4.0,0.987
2024-08-27 15:47:00+00:00,6.37,4.06,1.03
2024-08-27 15:48:00+00:00,6.37,4.06,1.008
2024-08-27 15:49:00+00:00,6.37,4.0,1.028
2024-08-27 15:50:00+00:00,6.37,4.0,1.012
2024-08-27 15:51:00+00:00,6.43,4.0,1.015
2024-08-27 15:52:00+00:00,6.37,4.06,1.014
2024-08-27 15:53:00+00:00,6.37,4.06,1.014
2024-08-27 15:54:00+00:00,6.37,4.06,1.016
2024-08-27 15:55:00+00:00,6.37,4.0,1.016
2024-08-27 15:56:00+00:00,6.37,4.06,1.016
2024-08-27 15:57:00+00:00,6.43,4.06,1.017
2024-08-27 15:58:00+00:00,6.43,4.12,1.013
2024-08-27 15:59:00+00:00,6.43,4.25,1.021
2024-08-27 16:00:00+00:00,6.43,4.43,1.02
2024-08-27 16:01:00+00:00,6.43,4.56,1.002
2024-08-27 16:02:00+00:00,6.43,4.62,0.99
2024-08-27 16:03:00+00:00,6.43,4.68,0.996
2024-08-27 16:04:00+00:00,6.43,4.75,0.93
2024-08-27 16:05:00+00:00,6.5,4.75,0.835
2024-08-27 16:06:00+00:00,6.56,4.75,1.001
2024-08-27 16:07:00+00:00,6.56,4.81,0.935
2024-08-27 16:08:00+00:00,6.56,4.87,1.023
2024-08-27 16:09:00+00:00,6.56,4.93,0.793
2024-08-27 16:10:00+00:00,6.62,4.93,0.887
2024-08-27 16:11:00+00:00,6.56,5.0,1.001
2024-08-27 16:12:00+00:00,6.56,5.12,1.019
2024-08-27 16:13:00+00:00,6.56,5.18,0.928
2024-08-27 16:14:00+00:00,6.56,5.25,0.98
2024-08-27 16:15:00+00:00,6.5,5.25,0.646
2024-08-27 16:16:00+00:00,6.56,5.31,0.904
2024-08-27 16:17:00+00:00,6.56,5.31,0.951
2024-08-27 16:18:00+00:00,6.56,5.31,1.005
2024-08-27 16:19:00+00:00,6.56,5.37,1.029
2024-08-27 16:20:00+00:00,6.56,5.37,0.984
2024-08-27 16:21:00+00:00,6.56,5.43,1.004
2024-08-27 16:22:00+00:00,6.62,5.5,0.987
2024-08-27 16:23:00+00:00,6.68,5.62,0.86
2024-08-27 16:24:00+00:00,6.68,5.68,0.995
2024-08-27 16:25:00+00:00,6.68,5.75,0.928
2024-08-27 16:26:00+00:00,6.75,5.75,0.975
2024-08-27 16:27:00+00:00,6.81,5.81,0.945
2024-08-27 16:28:00+00:00,6.81,5.81,0.89
2024-08-27 16:29:00+00:00,6.87,5.81,0.997
2024-08-27 16:30:00+00:00,6.93,5.87,0.99
2024-08-27 16:31:00+00:00,6.93,5.93,0.969
2024-08-27 16:32:00+00:00,7.0,6.0,0.9
2024-08-27 16:33:00+00:00,7.06,6.12,0.992
2024-08-27 16:34:00+00:00,7.06,6.06,0.976
2024-08-27 16:35:00+00:00,7.06,6.06,0.998
2024-08-27 16:36:00+00:00,7.12,6.12,0.896
2024-08-27 16:37:00+00:00,7.18,6.12,0.973
2024-08-27 16:38:00+00:00,7.25,6.25,1.016
2024-08-27 16:39:00+00:00,7.25,6.31,1.007
2024-08-27 16:40:00+00:00,7.31,6.43,0.967
2024-08-27 16:41:00+00:00,7.31,6.5,0.961
2024-08-27 16:42:00+00:00,7.43,6.56,0.957
2024-08-27 16:43:00+00:00,7.43,6.56,1.014
2024-08-27 16:44:00+00:00,7.43,6.62,1.001
2024-08-27 16:45:00+00:00,7.5,6.62,1.03
2024-08-27 16:46:00+00:00,7.56,6.56,0.894
2024-08-27 16:47:00+00:00,7.56,6.62,1.019
2024-08-27 16:48:00+00:00,7.62,6.62,1.009
2024-08-27 16:49:00+00:00,7.68,6.68,0.904
2024-08-27 16:50:00+00:00,7.75,6.75,0.921
2024-08-27 16:51:00+00:00,7.75,6.87,1.03
2024-08-27 16:52:00+00:00,7.81,7.0,0.978
2024-08-27 16:53:00+00:00,7.81,6.93,0.98
2024-08-27 16:54:00+00:00,7.87,7.06,0.97
2024-08-27 16:55:00+00:00,7.93,7.06,0.946
2024-08-27 16:56:00+00:00,8.0,7.06,1.044
2024-08-27 16:57:00+00:00,8.06,7.06,0.999
2024-08-27 16:58:00+00:00,8.06,7.0,0.958
2024-08-27 16:59:00+00:00,8.12,6.93,0.976
2024-08-27 17:00:00+00:00,8.12,6.87,0.981
2024-08-27 17:01:00+00:00,8.18,6.87,0.965
2024-08-27 17:02:00+00:00,8.25,6.87,0.992
2024-08-27 17:03:00+00:00,8.25,6.93,0.849
2024-08-27 17:04:00+00:00,8.31,7.06,0.997
2024-08-27 17:05:00+00:00,8.31,7.12,1.011
2024-08-27 17:06:00+00:00,8.37,7.12,0.944
2024-08-27 17:07:00+00:00,8.37,7.25,0.966
2024-08-27 17:08:00+00:00,8.43,7.18,0.979
2024-08-27 17:09:00+00:00,8.43,7.18,0.964
2024-08-27 17:10:00+00:00,8.56,7.18,0.887
2024-08-27 17:11:00+00:00,8.56,7.18,1.003
2024-08-27 17:12:00+00:00,8.56,7.18,1.005
2024-08-27 17:13:00+00:00,8.56,7.12,1.045
2024-08-27 17:14:00+00:00,8.68,7.12,0.85
2024-08-27 17:15:00+00:00,8.62,7.12,0.984
2024-08-27 17:16:00+00:00,8.68,7.18,0.891
2024-08-27 17:17:00+00:00,8.68,7.31,0.968
2024-08-27 17:18:00+00:00,8.75,7.31,0.976
2024-08-27 17:19:00+00:00,8.75,7.37,0.976
2024-08-27 17:20:00+00:00,8.68,7.37,0.982
2024-08-27 17:21:00+00:00,8.75,7.37,0.94
2024-08-27 17:22:00+00:00,8.81,7.37,1.005
2024-08-27 17:23:00+00:00,8.81,7.37,1.005
2024-08-27 17:24:00+00:00,8.81,7.31,0.851
2024-08-27 17:25:00+00:00,8.81,7.31,0.936
2024-08-27 17:26:00+00:00,8.81,7.25,1.023
2024-08-27 17:27:00+00:00,8.81,7.31,0.927
2024-08-27 17:28:00+00:00,8.87,7.31,0.964
2024-08-27 17:29:00+00:00,8.87,7.25,0.985
2024-08-27 17:30:00+00:00,8.87,7.25,0.971
2024-08-27 17:31:00+00:00,8.87,7.18,0.806
2024-08-27 17:32:00+00:00,8.87,7.12,1.012
2024-08-27 17:33:00+00:00,8.93,7.06,0.974
2024-08-27 17:34:00+00:00,8.87,7.0,0.975
2024-08-27 17:35:00+00:00,8.93,6.93,0.983
2024-08-27 17:36:00+00:00,8.93,6.93,0.951
2024-08-27 17:37:00+00:00,8.93,6.87,1.04
2024-08-27 17:38:00+00:00,8.87,6.81,1.046
2024-08-27 17:39:00+00:00,8.87,6.81,0.948
2024-08-27 17:40:00+00:00,8.87,6.75,1.029
2024-08-27 17:41:00+00:00,8.87,6.75,0.972
2024-08-27 17:42:00+00:00,8.87,6.68,1.035
2024-08-27 17:43:00+00:00,8.87,6.56,1.001
2024-08-27 17:44:00+00:00,8.87,6.56,1.002
2024-08-27 17:45:00+00:00,8.81,6.56,0.979
2024-08-27 17:46:00+00:00,8.87,6.43,0.976
2024-08-27 17:47:00+00:00,8.81,6.43,1.024
2024-08-27 17:48:00+00:00,8.81,6.37,0.993
2024-08-27 17:49:00+00:00,8.81,6.31,1.02
2024-08-27 17:50:00+00:00,8.81,6.25,1.01
2024-08-27 17:51:00+00:00,8.75,6.25,1.01
2024-08-27 17:52:00+00:00,8.75,6.18,0.976
2024-08-27 17:53:00+00:00,8.75,6.12,0.946
2024-08-27 17:54:00+00:00,8.68,6.12,0.971
2024-08-27 17:55:00+00:00,8.68,6.0,1.003
2024-08-27 17:56:00+00:00,8.56,6.0,0.935
2024-08-27 17:57:00+00:00,8.56,5.87,1.016
2024-08-27 17:58:00+00:00,8.56,5.87,1.011
2024-08-27 17:59:00+00:00,8.5,5.81,1.045
2024-08-27 18:00:00+00:00,8.5,5.81,1.03
2024-08-27 18:01:00+00:00,8.43,5.75,0.992
2024-08-27 18:02:00+00:00,8.43,5.62,0.675
2024-08-27 18:03:00+00:00,8.37,5.62,1.026
2024-08-27 18:04:00+00:00,8.31,5.56,0.862
2024-08-27 18:05:00+00:00,8.25,5.5,0.975
2024-08-27 18:06:00+00:00,8.25,5.5,0.946
2024-08-27 18:07:00+00:00,8.18,5.37,0.987
2024-08-27 18:08:00+00:00,8.18,5.31,1.003
2024-08-27 18:09:00+00:00,8.12,5.31,0.988
2024-08-27 18:10:00+00:00,8.06,5.25,0.922
2024-08-27 18:11:00+00:00,8.06,5.25,0.954
2024-08-27 18:12:00+00:00,8.0,5.12,0.997
2024-08-27 18:13:00+00:00,8.0,5.12,0.865
2024-08-27 18:14:00+00:00,8.0,5.06,0.951
2024-08-27 18:15:00+00:00,7.93,5.0,1.008
2024-08-27 18:16:00+00:00,7.81,4.93,0.986
2024-08-27 18:17:00+00:00,7.81,4.87,1.005
2024-08-27 18:18:00+00:00,7.81,4.81,0.937
2024-08-27 18:19:00+00:00,7.75,4.75,0.903
2024-08-27 18:20:00+00:00,7.68,4.75,0.972
2024-08-27 18:21:00+00:00,7.68,4.68,1.035
2024-08-27 18:22:00+00:00,7.68,4.62,1.053
2024-08-27 18:23:00+00:00,7.56,4.56,1.007
2024-08-27 18:24:00+00:00,7.56,4.5,1.053
2024-08-27 18:25:00+00:00,7.5,4.5,0.991
2024-08-27 18:26:00+00:00,7.37,4.43,0.977
2024-08-27 18:27:00+00:00,7.31,4.37,0.941
2024-08-27 18:28:00+00:00,7.25,4.31,1.034
2024-08-27 18:29:00+00:00,7.31,4.25,0.956
2024-08-27 18:30:00+00:00,7.18,4.25,1.005
2024-08-27 18:31:00+00:00,7.18,4.25,0.992
2024-08-27 18:32:00+00:00,7.12,4.25,0.996
2024-08-27 18:33:00+00:00,7.06,4.25,1.019
2024-08-27 18:34:00+00:00,7.06,4.25,1.018
2024-08-27 18:35:00+00:00,7.06,4.18,1.02
2024-08-27 18:36:00+00:00,7.0,4.25,1.011
2024-08-27 18:37:00+00:00,7.0,4.25,1.017
2024-08-27 18:38:00+00:00,7.0,4.18,1.014
2024-08-27 18:39:00+00:00,6.93,4.25,1.013
2024-08-27 18:40:00+00:00,6.93,4.25,1.013
2024-08-27 18:41:00+00:00,6.93,4.25,1.014
2024-08-27 18:42:00+00:00,6.93,4.25,1.015
2024-08-27 18:43:00+00:00,6.87,4.18,0.987
2024-08-27 18:44:00+00:00,6.93,4.18,0.975
2024-08-27 18:45:00+00:00,6.87,4.18,0.989
2024-08-27 18:46:00+00:00,6.93,4.12,1.01
2024-08-27 18:47:00+00:00,6.87,4.18,1.035
2024-08-27 18:48:00+00:00,6.81,4.12,1.006
2024-08-27 18:49:00+00:00,6.81,4.12,0.995
2024-08-27 18:50:00+00:00,6.75,4.18,1.005
2024-08-27 18:51:00+00:00,6.75,4.18,1.022
2024-08-27 18:52:00+00:00,6.81,4.12,1.006
2024-08-27 18:53:00+00:00,6.75,4.18,1.012
2024-08-27 18:54:00+00:00,6.75,4.12,1.013
2024-08-27 18:55:00+00:00,6.75,4.12,1.014
2024-08-27 18:56:00+00:00,6.75,4.12,1.016
2024-08-27 18:57:00+00:00,6.75,4.18,1.016
2024-08-27 18:58:00+00:00,6.75,4.18,0.982
2024-08-27 18:59:00+00:00,6.75,4.12,0.971
2024-08-27 19:00:00+00:00,6.68,4.12,1.006
2024-08-27 19:01:00+00:00,6.68,4.12,1.009
2024-08-27 19:02:00+00:00,6.62,4.12,0.978
2024-08-27 19:03:00+00:00,6.68,4.06,1.017
2024-08-27 19:04:00+00:00,6.68,4.12,1.013
2024-08-27 19:05:00+00:00,6.62,4.12,1.026
2024-08-27 19:06:00+00:00,6.62,4.06,1.017
2024-08-27 19:07:00+00:00,6.62,4.06,1.012
2024-08-27 19:08:00+00:00,6.62,4.06,1.016
2024-08-27 19:09:00+00:00,6.62,4.06,1.015
2024-08-27 19:10:00+00:00,6.62,4.06,1.015
2024-08-27 19:11:00+00:00,6.62,4.12,1.014
2024-08-27 19:12:00+00:00,6.62,4.06,1.016
2024-08-27 19:13:00+00:00,6.62,4.06,1.025
2024-08-27 19:14:00+00:00,6.62,4.06,0.949
2024-08-27 19:15:00+00:00,6.62,4.06,1.041
2024-08-27 19:16:00+00:00,6.62,4.06,1.03
2024-08-27 19:17:00+00:00,6.56,4.06,1.006
2024-08-27 19:18:00+00:00,6.56,4.06,0.972
2024-08-27 19:19:00+00:00,6.56,4.06,0.991
2024-08-27 19:20:00+00:00,6.56,4.06,0.99
2024-08-27 19:21:00+00:00,6.5,4.06,1.005
2024-08-27 19:22:00+00:00,6.5,4.06,1.005
2024-08-27 19:23:00+00:00,6.5,4.06,1.014
2024-08-27 19:24:00+00:00,6.5,4.06,1.011
2024-08-27 19:25:00+00:00,6.5,4.06,1.015
2024-08-27 19:26:00+00:00,6.5,4.06,1.016
2024-08-27 19:27:00+00:00,6.5,4.06,1.015
2024-08-27 19:28:00+00:00,6.5,4.06,1.003
2024-08-27 19:29:00+00:00,6.5,4.06,1.012
2024-08-27 19:30:00+00:00,6.5,4.06,1.02
2024-08-27 19:31:00+00:00,6.43,4.06,1.011
2024-08-27 19:32:00+00:00,6.43,4.0,1.015
2024-08-27 19:33:00+00:00,6.43,4.06,1.02
2024-08-27 19:34:00+00:00,6.5,4.0,1.02
2024-08-27 19:35:00+00:00,6.5,4.06,1.018
2024-08-27 19:36:00+00:00,6.5,4.06,1.012
2024-08-27 19:37:00+00:00,6.5,4.06,1.012
2024-08-27 19:38:00+00:00,6.43,4.06,1.017
2024-08-27 19:39:00+00:00,6.5,4.06,1.015
2024-08-27 19:40:00+00:00,6.5,4.06,1.016
2024-08-27 19:41:00+00:00,6.43,4.06,1.015
2024-08-27 19:42:00+00:00,6.5,4.06,1.016
2024-08-27 19:43:00+00:00,6.5,4.06,1.025
2024-08-27 19:44:00+00:00,6.5,4.06,1.017
2024-08-27 19:45:00+00:00,6.56,4.0,1.0
2024-08-27 19:46:00+00:00,6.5,4.06,0.991
2024-08-27 19:47:00+00:00,6.43,4.0,1.048
2024-08-27 19:48:00+00:00,6.43,4.06,1.037
2024-08-27 19:49:00+00:00,6.43,4.06,1.021
2024-08-27 19:50:00+00:00,6.5,4.12,1.008
2024-08-27 19:51:00+00:00,6.5,4.06,1.011
2024-08-27 19:52:00+00:00,6.5,4.06,1.016
2024-08-27 19:53:00+00:00,6.43,4.0,1.019
2024-08-27 19:54:00+00:00,6.5,4.0,1.02
2024-08-27 19:55:00+00:00,6.5,4.06,1.016
2024-08-27 19:56:00+00:00,6.5,4.06,1.015
2024-08-27 19:57:00+00:00,6.43,4.06,1.015
2024-08-27 19:58:00+00:00,6.43,4.06,1.019
2024-08-27 19:59:00+00:00,6.43,4.0,0.994
2024-08-27 20:00:00+00:00,6.5,4.06,1.034
2024-08-27 20:01:00+00:00,6.43,4.06,0.985
2024-08-27 20:02:00+00:00,6.5,4.06,1.025
2024-08-27 20:03:00+00:00,6.43,4.0,1.09
2024-08-27 20:04:00+00:00,6.43,4.06,1.036
2024-08-27 20:05:00+00:00,6.43,4.06,1.014
2024-08-27 20:06:00+00:00,6.5,4.0,1.014
2024-08-27 20:07:00+00:00,6.43,4.06,1.017
2024-08-27 20:08:00+00:00,6.43,4.0,1.016
2024-08-27 20:09:00+00:00,6.37,4.0,1.014
2024-08-27 20:10:00+00:00,6.37,4.0,1.015
2024-08-27 20:11:00+00:00,6.43,4.0,1.018
2024-08-27 20:12:00+00:00,6.43,4.06,1.017
2024-08-27 20:13:00+00:00,6.37,4.06,1.009
2024-08-27 20:14:00+00:00,6.43,4.0,0.954
2024-08-27 20:15:00+00:00,6.43,4.06,1.012
2024-08-27 20:16:00+00:00,6.37,4.06,0.988
2024-08-27 20:17:00+00:00,6.43,4.06,1.015
2024-08-27 20:18:00+00:00,6.37,4.06,1.02
2024-08-27 20:19:00+00:00,6.37,4.0,1.033
2024-08-27 20:20:00+00:00,6.37,4.0,1.008
2024-08-27 20:21:00+00:00,6.37,4.06,1.025
2024-08-27 20:22:00+00:00,6.37,4.06,1.015
2024-08-27 20:23:00+00:00,6.43,4.0,1.015
2024-08-27 20:24:00+00:00,6.37,4.0,1.014
2024-08-27 20:25:00+00:00,6.43,4.06,1.012
2024-08-27 20:26:00+00:00,6.37,4.06,1.017
2024-08-27 20:27:00+00:00,6.43,4.06,1.016
2024-08-27 20:28:00+00:00,6.43,4.0,0.992
2024-08-27 20:29:00+00:00,6.43,4.06,0.98
2024-08-27 20:30:00+00:00,6.37,4.06,0.974
2024-08-27 20:31:00+00:00,6.37,4.06,1.056
2024-08-27 20:32:00+00:00,6.37,4.06,1.045
2024-08-27 20:33:00+00:00,6.37,4.06,1.002
2024-08-27 20:34:00+00:00,6.37,4.06,1.026
2024-08-27 20:35:00+00:00,6.37,4.06,1.016
2024-08-27 20:36:00+00:00,6.43,4.06,1.019
2024-08-27 20:37:00+00:00,6.37,4.06,1.016
2024-08-27 20:38:00+00:00,6.37,4.06,1.015
2024-08-27 20:39:00+00:00,6.37,4.06,1.015
2024-08-27 20:40:00+00:00,6.37,4.0,1.015
2024-08-27 20:41:00+00:00,6.37,4.06,1.015
2024-08-27 20:42:00+00:00,6.37,4.06,1.016
2024-08-27 20:43:00+00:00,6.43,4.06,1.023
2024-08-27 20:44:00+00:00,6.37,4.06,1.043
2024-08-27 20:45:00+00:00,6.37,4.06,1.005
2024-08-27 20:46:00+00:00,6.37,4.12,1.0
2024-08-27 20:47:00+00:00,6.43,4.12,1.023
2024-08-27 20:48:00+00:00,6.37,4.0,1.016
2024-08-27 20:49:00+00:00,6.37,4.06,1.006
2024-08-27 20:50:00+00:00,6.37,4.06,1.027
2024-08-27 20:51:00+00:00,6.37,4.12,1.015
2024-08-27 20:52:00+00:00,6.43,4.06,1.018
2024-08-27 20:53:00+00:00,6.43,4.12,1.017
2024-08-27 20:54:00+00:00,6.37,4.06,1.016
2024-08-27 20:55:00+00:00,6.43,4.06,1.016
2024-08-27 20:56:00+00:00,6.43,4.06,1.015
2024-08-27 20:57:00+00:00,6.43,4.06,1.016
2024-08-27 20:58:00+00:00,6.43,4.06,1.037
2024-08-27 20:59:00+00:00,6.43,4.06,1.01
2024-08-27 21:00:00+00:00,6.37,4.0,0.999
2024-08-27 21:01:00+00:00,6.37,4.06,0.999
2024-08-27 21:02:00+00:00,6.37,4.06,1.044
2024-08-27 21:03:00+00:00,6.37,4.12,1.02
2024-08-27 21:04:00+00:00,6.31,4.0,1.032
2024-08-27 21:05:00+00:00,6.31,4.06,1.012
2024-08-27 21:06:00+00:00,6.37,4.06,1.027
2024-08-27 21:07:00+00:00,6.31,4.06,1.015
2024-08-27 21:08:00+00:00,6.37,4.06,1.017
2024-08-27 21:09:00+00:00,6.31,4.06,1.015
2024-08-27 21:10:00+00:00,6.37,4.06,1.014
2024-08-27 21:11:00+00:00,6.37,4.06,1.016
2024-08-27 21:12:00+00:00,6.37,4.06,1.016
2024-08-27 21:13:00+00:00,6.31,4.06,1.03
2024-08-27 21:14:00+00:00,6.37,4.06,0.954
2024-08-27 21:15:00+00:00,6.37,4.12,0.992
2024-08-27 21:16:00+00:00,6.37,4.06,1.048
2024-08-27 21:17:00+00:00,6.37,4.06,1.03
2024-08-27 21:18:00+00:00,6.31,4.12,0.997
2024-08-27 21:19:00+00:00,6.37,4.06,0.999
2024-08-27 21:20:00+00:00,6.31,4.06,0.987
2024-08-27 21:21:00+00:00,6.37,4.06,1.018
2024-08-27 21:22:00+00:00,6.31,4.0,1.024
2024-08-27 21:23:00+00:00,6.31,4.06,1.012
2024-08-27 21:24:00+00:00,6.37,4.06,1.014
2024-08-27 21:25:00+00:00,6.31,4.06,1.013
2024-08-27 21:26:00+00:00,6.37,4.06,1.016
2024-08-27 21:27:00+00:00,6.37,4.06,1.015
2024-08-27 21:28:00+00:00,6.37,4.06,1.01
2024-08-27 21:29:00+00:00,6.31,4.06,0.997
2024-08-27 21:30:00+00:00,6.31,4.06,1.002
2024-08-27 21:31:00+00:00,6.37,4.06,0.963
2024-08-27 21:32:00+00:00,6.31,4.12,1.02
2024-08-27 21:33:00+00:00,6.37,4.06,1.023
2024-08-27 21:34:00+00:00,6.37,4.12,1.031
2024-08-27 21:35:00+00:00,6.31,4.06,1.016
2024-08-27 21:36:00+00:00,6.37,4.06,1.022
2024-08-27 21:37:00+00:00,6.37,4.12,1.014
2024-08-27 21:38:00+00:00,6.31,4.12,1.016
2024-08-27 21:39:00+00:00,6.37,4.06,1.016
2024-08-27 21:40:00+00:00,6.37,4.06,1.016
2024-08-27 21:41:00+00:00,6.37,4.06,1.016
2024-08-27 21:42:00+00:00,6.37,4.06,1.016
2024-08-27 21:43:00+00:00,6.37,4.06,1.058
2024-08-27 21:44:00+00:00,6.37,4.06,0.983
2024-08-27 21:45:00+00:00,6.37,4.06,1.023
2024-08-27 21:46:00+00:00,6.37,4.06,1.017
2024-08-27 21:47:00+00:00,6.37,4.06,0.961
2024-08-27 21:48:00+00:00,6.37,4.12,1.039
2024-08-27 21:49:00+00:00,6.37,4.06,1.038
2024-08-27 21:50:00+00:00,6.37,4.12,1.008
2024-08-27 21:51:00+00:00,6.37,4.12,1.014
2024-08-27 21:52:00+00:00,6.31,4.12,1.017
2024-08-27 21:53:00+00:00,6.37,4.12,1.017
2024-08-27 21:54:00+00:00,6.37,4.06,1.016
2024-08-27 21:55:00+00:00,6.31,4.12,1.017
2024-08-27 21:56:00+00:00,6.37,4.06,1.016
2024-08-27 21:57:00+00:00,6.31,4.12,1.016
2024-08-27 21:58:00+00:00,6.37,4.06,1.031
2024-08-27 21:59:00+00:00,6.37,4.12,1.049
2024-08-27 22:00:00+00:00,6.37,4.12,1.014
2024-08-27 22:01:00+00:00,6.37,4.12,1.015
2024-08-27 22:02:00+00:00,6.31,4.12,1.01
2024-08-27 22:03:00+00:00,6.31,4.12,1.009
2024-08-27 22:04:00+00:00,6.31,4.12,1.015
2024-08-27 22:05:00+00:00,6.37,4.06,1.007
2024-08-27 22:06:00+00:00,6.37,4.12,1.016
2024-08-27 22:07:00+00:00,6.31,4.12,1.016
2024-08-27 22:08:00+00:00,6.31,4.12,1.016
2024-08-27 22:09:00+00:00,6.31,4.18,1.016
2024-08-27 22:10:00+00:00,6.37,4.12,1.016
2024-08-27 22:11:00+00:00,6.31,4.12,1.015
2024-08-27 22:12:00+00:00,6.31,4.18,1.016
2024-08-27 22:13:00+00:00,6.31,4.12,1.034
2024-08-27 22:14:00+00:00,6.31,4.18,0.824
2024-08-27 22:15:00+00:00,6.31,4.12,1.038
2024-08-27 22:16:00+00:00,6.31,4.12,1.038
2024-08-27 22:17:00+00:00,6.37,4.12,0.991
2024-08-27 22:18:00+00:00,6.37,4.12,1.017
2024-08-27 22:19:00+00:00,6.37,4.12,1.021
2024-08-27 22:20:00+00:00,6.37,4.12,1.022
2024-08-27 22:21:00+00:00,6.37,4.18,1.019
2024-08-27 22:22:00+00:00,6.31,4.18,1.018
2024-08-27 22:23:00+00:00,6.31,4.12,1.017
2024-08-27 22:24:00+00:00,6.37,4.12,1.016
2024-08-27 22:25:00+00:00,6.37,4.12,1.016
2024-08-27 22:26:00+00:00,6.31,4.18,1.016
2024-08-27 22:27:00+00:00,6.37,4.18,1.015
2024-08-27 22:28:00+00:00,6.43,4.18,1.009
2024-08-27 22:29:00+00:00,6.37,4.18,0.963
2024-08-27 22:30:00+00:00,6.37,4.12,1.033
2024-08-27 22:31:00+00:00,6.37,4.18,0.965
2024-08-27 22:32:00+00:00,6.37,4.12,0.986
2024-08-27 22:33:00+00:00,6.37,4.12,1.033
2024-08-27 22:34:00+00:00,6.37,4.18,1.029
2024-08-27 22:35:00+00:00,6.37,4.18,1.035
2024-08-27 22:36:00+00:00,6.37,4.12,1.012
2024-08-27 22:37:00+00:00,6.31,4.18,1.015
2024-08-27 22:38:00+00:00,6.31,4.18,1.013
2024-08-27 22:39:00+00:00,6.31,4.12,1.013
2024-08-27 22:40:00+00:00,6.37,4.12,1.016
2024-08-27 22:41:00+00:00,6.37,4.12,1.016
2024-08-27 22:42:00+00:00,6.31,4.18,1.016
2024-08-27 22:43:00+00:00,6.37,4.12,0.999
2024-08-27 22:44:00+00:00,6.37,4.12,0.952
2024-08-27 22:45:00+00:00,6.31,4.12,0.985
2024-08-27 22:46:00+00:00,6.37,4.12,1.016
2024-08-27 22:47:00+00:00,6.37,4.18,1.009
2024-08-27 22:48:00+00:00,6.37,4.25,1.019
2024-08-27 22:49:00+00:00,6.31,4.18,1.015
2024-08-27 22:50:00+00:00,6.31,4.18,0.993
2024-08-27 22:51:00+00:00,6.31,4.12,1.016
2024-08-27 22:52:00+00:00,6.31,4.12,1.013
2024-08-27 22:53:00+00:00,6.37,4.12,1.016
2024-08-27 22:54:00+00:00,6.31,4.12,1.013
2024-08-27 22:55:00+00:00,6.37,4.18,1.019
2024-08-27 22:56:00+00:00,6.31,4.18,1.016
2024-08-27 22:57:00+00:00,6.37,4.18,1.015
2024-08-27 22:58:00+00:00,6.37,4.12,1.038
2024-08-27 22:59:00+00:00,6.37,4.18,0.843
2024-08-27 23:00:00+00:00,6.37,4.18,0.998
2024-08-27 23:01:00+00:00,6.37,4.18,1.007
2024-08-27 23:02:00+00:00,6.37,4.18,1.001
2024-08-27 23:03:00+00:00,6.37,4.18,1.03
2024-08-27 23:04:00+00:00,6.37,4.18,1.005
2024-08-27 23:05:00+00:00,6.37,4.18,1.013
2024-08-27 23:06:00+00:00,6.37,4.18,1.018
2024-08-27 23:07:00+00:00,6.37,4.18,1.015
2024-08-27 23:08:00+00:00,6.37,4.18,1.017
2024-08-27 23:09:00+00:00,6.37,4.18,1.016
2024-08-27 23:10:00+00:00,6.37,4.18,1.016
2024-08-27 23:11:00+00:00,6.37,4.18,1.016
2024-08-27 23:12:00+00:00,6.37,4.18,1.016
2024-08-27 23:13:00+00:00,6.43,4.18,1.031
2024-08-27 23:14:00+00:00,6.37,4.18,0.821
2024-08-27 23:15:00+00:00,6.37,4.18,0.97
2024-08-27 23:16:00+00:00,6.37,4.18,1.028
2024-08-27 23:17:00+00:00,6.43,4.18,0.999
2024-08-27 23:18:00+00:00,6.37,4.18,1.002
2024-08-27 23:19:00+00:00,6.37,4.25,1.019
2024-08-27 23:20:00+00:00,6.37,4.18,1.022
2024-08-27 23:21:00+00:00,6.31,4.18,1.016
2024-08-27 23:22:00+00:00,6.31,4.18,1.016
2024-08-27 23:23:00+00:00,6.37,4.18,1.013
2024-08-27 23:24:00+00:00,6.37,4.18,1.016
2024-08-27 23:25:00+00:00,6.43,4.18,1.016
2024-08-27 23:26:00+00:00,6.37,4.18,1.016
2024-08-27 23:27:00+00:00,6.37,4.18,1.016
2024-08-27 23:28:00+00:00,6.37,4.18,1.019
2024-08-27 23:29:00+00:00,6.37,4.18,0.951
2024-08-27 23:30:00+00:00,6.37,4.18,1.011
2024-08-27 23:31:00+00:00,6.37,4.18,1.011
2024-08-27 23:32:00+00:00,6.37,4.18,0.992
2024-08-27 23:33:00+00:00,6.37,4.18,1.015
2024-08-27 23:34:00+00:00,6.37,4.18,1.022
2024-08-27 23:35:00+00:00,6.43,4.18,1.017
2024-08-27 23:36:00+00:00,6.37,4.18,1.016
2024-08-27 23:37:00+00:00,6.37,4.18,1.018
2024-08-27 23:38:00+00:00,6.37,4.18,1.016
2024-08-27 23:39:00+00:00,6.37,4.25,1.016
2024-08-27 23:40:00+00:00,6.43,4.18,1.016
2024-08-27 23:41:00+00:00,6.37,4.25,1.016
2024-08-27 23:42:00+00:00,6.37,4.18,1.016
2024-08-27 23:43:00+00:00,6.37,4.18,1.047
2024-08-27 23:44:00+00:00,6.43,4.18,0.964
2024-08-27 23:45:00+00:00,6.43,4.18,1.017
2024-08-27 23:46:00+00:00,6.43,4.18,1.086
2024-08-27 23:47:00+00:00,6.43,4.18,0.992
2024-08-27 23:48:00+00:00,6.43,4.18,0.993
2024-08-27 23:49:00+00:00,6.43,4.18,1.016
2024-08-27 23:50:00+00:00,6.37,4.18,1.02
2024-08-27 23:51:00+00:00,6.43,4.18,1.022
2024-08-27 23:52:00+00:00,6.43,4.18,1.015
2024-08-27 23:53:00+00:00,6.43,4.18,1.015
2024-08-27 23:54:00+00:00,6.43,4.18,1.015
2024-08-27 23:55:00+00:00,6.43,4.25,1.015
2024-08-27 23:56:00+00:00,6.43,4.12,1.016
2024-08-27 23:57:00+00:00,6.43,4.18,1.016
2024-08-27 23:58:00+00:00,6.43,4.18,0.988
2024-08-27 23:59:00+00:00,6.37,4.18,0.891
