DateTime,Over surface temperature (ºC),Surface temperature (ºC),AccelX,Prediction,Confidence
2024-09-27 00:00:00+00:00,5.56,4.12,0.999,MAINTENANCE,0.999417129117832
2024-09-27 00:01:00+00:00,5.62,4.18,1.016,MAINTENANCE,0.999417129117832
2024-09-27 00:02:00+00:00,5.56,4.25,1.027,MAINTENANCE,0.9992971209243644
2024-09-27 00:03:00+00:00,5.56,4.18,1.002,MAINTENANCE,0.9988537486413827
2024-09-27 00:04:00+00:00,5.56,4.18,1.026,MAINTENANCE,0.9991790860555491
2024-09-27 00:05:00+00:00,5.56,4.18,1.017,MAINTENANCE,0.9959423239843714
2024-09-27 00:06:00+00:00,5.56,4.12,1.015,MAINTENANCE,0.9959423239843714
2024-09-27 00:07:00+00:00,5.56,4.18,1.016,MAINTENANCE,0.9913909715208744
2024-09-27 00:08:00+00:00,5.56,4.12,1.017,MAINTENANCE,0.9994736807043197
2024-09-27 00:09:00+00:00,5.62,4.18,1.015,MAINTENANCE,0.9988586270614568
2024-09-27 00:10:00+00:00,5.62,4.18,1.016,MAINTENANCE,0.9991118121258933
2024-09-27 00:11:00+00:00,5.56,4.18,1.016,MAINTENANCE,0.9991118121258933
2024-09-27 00:12:00+00:00,5.56,4.18,1.025,MAINTENANCE,0.9992303881201833
2024-09-27 00:13:00+00:00,5.68,4.18,0.887,MAINTENANCE,0.9992193961471941
2024-09-27 00:14:00+00:00,5.56,4.18,0.998,MAINTENANCE,0.9969773331434602
2024-09-27 00:15:00+00:00,5.62,4.18,0.993,MAINTENANCE,0.9986164873839498
2024-09-27 00:16:00+00:00,5.62,4.18,1.014,MAINTENANCE,0.9986164873839498
2024-09-27 00:17:00+00:00,5.56,4.18,1.038,MAINTENANCE,0.9984871566425204
2024-09-27 00:18:00+00:00,5.56,4.18,1.028,MAINTENANCE,0.9993643502275708
2024-09-27 00:19:00+00:00,5.62,4.18,1.024,MAINTENANCE,0.9982599222049539
2024-09-27 00:20:00+00:00,5.56,4.18,1.012,MAINTENANCE,0.5244829576760685
2024-09-27 00:21:00+00:00,5.62,4.18,1.016,MAINTENANCE,0.5244829576760685
2024-09-27 00:22:00+00:00,5.56,4.18,1.017,MAINTENANCE,0.6402444556826533
2024-09-27 00:23:00+00:00,5.56,4.18,1.016,MILKING,0.9967013131550801
2024-09-27 00:24:00+00:00,5.62,4.18,1.016,MILKING,0.9946865185188795
2024-09-27 00:25:00+00:00,5.56,4.12,1.016,MILKING,0.8905315885065109
2024-09-27 00:26:00+00:00,5.62,4.25,1.016,MILKING,0.8905315885065109
2024-09-27 00:27:00+00:00,5.62,4.18,1.01,MAINTENANCE,0.9228515565594395
2024-09-27 00:28:00+00:00,5.68,4.25,1.016,MAINTENANCE,0.4480622869841899
2024-09-27 00:29:00+00:00,5.62,4.18,1.047,COOLING,0.9485352124196706
2024-09-27 00:30:00+00:00,5.62,4.18,1.028,COOLING,0.9844254016639844
2024-09-27 00:31:00+00:00,5.62,4.18,0.996,COOLING,0.9844254016639844
2024-09-27 00:32:00+00:00,5.56,4.12,1.022,COOLING,0.5416935517056521
2024-09-27 00:33:00+00:00,5.56,4.18,1.016,COOLING,0.7271823201697697
2024-09-27 00:34:00+00:00,5.62,4.18,1.014,MAINTENANCE,0.9741522799940981
2024-09-27 00:35:00+00:00,5.62,4.18,1.016,MAINTENANCE,0.9977123509314585
2024-09-27 00:36:00+00:00,5.62,4.18,1.016,MAINTENANCE,0.9977123509314585
2024-09-27 00:37:00+00:00,5.56,4.18,1.014,MAINTENANCE,0.9973437835541642
2024-09-27 00:38:00+00:00,5.56,4.18,1.014,MAINTENANCE,0.9986644616194386
2024-09-27 00:39:00+00:00,5.62,4.18,1.015,CLEANING,0.46430744882665265
2024-09-27 00:40:00+00:00,5.62,4.25,1.015,CLEANING,0.9990347904747401
2024-09-27 00:41:00+00:00,5.56,4.18,1.016,CLEANING,0.9990347904747401
2024-09-27 00:42:00+00:00,5.62,4.18,0.973,CLEANING,0.9200395891342097
2024-09-27 00:43:00+00:00,5.56,4.18,0.943,EMPTY TANK,0.8085428006868887
2024-09-27 00:44:00+00:00,5.62,4.18,1.008,EMPTY TANK,0.9642314014756782
2024-09-27 00:45:00+00:00,5.62,4.25,1.007,EMPTY TANK,0.5988843910023482
2024-09-27 00:46:00+00:00,5.56,4.18,0.999,EMPTY TANK,0.5988843910023482
2024-09-27 00:47:00+00:00,5.62,4.18,0.992,EMPTY TANK,0.9867420919842004
2024-09-27 00:48:00+00:00,5.56,4.18,1.022,EMPTY TANK,0.99664641808267
2024-09-27 00:49:00+00:00,5.56,4.18,1.007,EMPTY TANK,0.9812760334813536
2024-09-27 00:50:00+00:00,5.62,4.25,1.011,EMPTY TANK,0.9235843841451923
2024-09-27 00:51:00+00:00,5.62,4.18,1.01,EMPTY TANK,0.9235843841451923
2024-09-27 00:52:00+00:00,5.56,4.18,1.016,EMPTY TANK,0.9969538412882687
2024-09-27 00:53:00+00:00,5.56,4.25,1.016,EMPTY TANK,0.997530640461254
2024-09-27 00:54:00+00:00,5.5,4.18,1.017,EMPTY TANK,0.9235843841451923
2024-09-27 00:55:00+00:00,5.62,4.18,1.016,EMPTY TANK,0.9235843841451923
2024-09-27 00:56:00+00:00,5.56,4.18,1.016,EMPTY TANK,0.9235843841451923
2024-09-27 00:57:00+00:00,5.56,4.25,0.976,EMPTY TANK,0.9235843841451923
2024-09-27 00:58:00+00:00,5.62,4.18,1.041,EMPTY TANK,0.9235843841451923
2024-09-27 00:59:00+00:00,5.62,4.18,1.024,EMPTY TANK,0.9235843841451923
2024-09-27 01:00:00+00:00,5.62,4.25,0.998,EMPTY TANK,0.9960160190023221
2024-09-27 01:01:00+00:00,5.62,4.18,1.041,EMPTY TANK,0.9960160190023221
2024-09-27 01:02:00+00:00,5.62,4.18,1.02,EMPTY TANK,0.9987288380828834
2024-09-27 01:03:00+00:00,5.62,4.25,1.026,EMPTY TANK,0.9950429497822634
2024-09-27 01:04:00+00:00,5.62,4.18,1.011,EMPTY TANK,0.9235843841451923
2024-09-27 01:05:00+00:00,5.62,4.25,1.015,EMPTY TANK,0.9235843841451923
2024-09-27 01:06:00+00:00,5.62,4.25,1.016,EMPTY TANK,0.9235843841451923
2024-09-27 01:07:00+00:00,5.62,4.25,1.016,EMPTY TANK,0.9946724044720997
2024-09-27 01:08:00+00:00,5.62,4.18,1.016,EMPTY TANK,0.9990024958799929
2024-09-27 01:09:00+00:00,5.56,4.18,1.016,EMPTY TANK,0.9708577000588948
2024-09-27 01:10:00+00:00,5.62,4.25,1.016,EMPTY TANK,0.9980712918246175
2024-09-27 01:11:00+00:00,5.62,4.25,1.016,EMPTY TANK,0.9980712918246175
2024-09-27 01:12:00+00:00,5.62,4.25,1.03,EMPTY TANK,0.9983138588670931
2024-09-27 01:13:00+00:00,5.68,4.18,0.94,EMPTY TANK,0.9951262805791733
2024-09-27 01:14:00+00:00,5.62,4.25,1.027,EMPTY TANK,0.9959291912421074
2024-09-27 01:15:00+00:00,5.68,4.25,1.003,EMPTY TANK,0.9969623129679279
2024-09-27 01:16:00+00:00,5.68,4.25,1.016,EMPTY TANK,0.9969623129679279
2024-09-27 01:17:00+00:00,5.62,4.18,1.008,EMPTY TANK,0.9916963767158058
2024-09-27 01:18:00+00:00,5.62,4.18,1.031,EMPTY TANK,0.9868845616836665
2024-09-27 01:19:00+00:00,5.68,4.25,1.003,MILKING,0.8273242923134594
2024-09-27 01:20:00+00:00,5.56,4.18,1.01,MILKING,0.6844496701733154
2024-09-27 01:21:00+00:00,5.62,4.25,1.02,MILKING,0.6844496701733154
2024-09-27 01:22:00+00:00,5.62,4.18,1.016,MILKING,0.9370426019360906
2024-09-27 01:23:00+00:00,5.56,4.18,1.016,COOLING,0.7447585279875834
2024-09-27 01:24:00+00:00,5.68,4.18,1.016,MILKING,0.7911518540541044
2024-09-27 01:25:00+00:00,5.56,4.18,1.016,COOLING,0.8151558010610237
2024-09-27 01:26:00+00:00,5.62,4.25,1.016,COOLING,0.8151558010610237
2024-09-27 01:27:00+00:00,5.68,4.18,1.078,COOLING,0.6807479252128763
2024-09-27 01:28:00+00:00,5.62,4.25,0.997,COOLING,0.6533847975873707
2024-09-27 01:29:00+00:00,5.62,4.18,1.036,COOLING,0.5658806597016913
2024-09-27 01:30:00+00:00,5.62,4.18,1.014,COOLING,0.5974049691703094
2024-09-27 01:31:00+00:00,5.68,4.18,0.973,COOLING,0.5974049691703094
2024-09-27 01:32:00+00:00,5.68,4.25,1.017,COOLING,0.4835268012606916
2024-09-27 01:33:00+00:00,5.62,4.25,1.009,MAINTENANCE,0.5878296273249086
2024-09-27 01:34:00+00:00,5.62,4.25,1.025,MAINTENANCE,0.978384647132184
2024-09-27 01:35:00+00:00,5.62,4.25,1.022,MAINTENANCE,0.6698888337485261
2024-09-27 01:36:00+00:00,5.62,4.25,1.016,MAINTENANCE,0.6698888337485261
2024-09-27 01:37:00+00:00,5.62,4.25,1.016,MAINTENANCE,0.9983910407756639
2024-09-27 01:38:00+00:00,5.62,4.25,1.016,MAINTENANCE,0.999000766527302
2024-09-27 01:39:00+00:00,5.68,4.25,1.016,MAINTENANCE,0.9985357480720605
2024-09-27 01:40:00+00:00,5.62,4.31,1.016,MAINTENANCE,0.9994934527982502
2024-09-27 01:41:00+00:00,5.62,4.25,1.016,MAINTENANCE,0.9994934527982502
2024-09-27 01:42:00+00:00,5.56,4.25,0.963,MAINTENANCE,0.9993219839885141
2024-09-27 01:43:00+00:00,5.62,4.18,1.013,MAINTENANCE,0.9993254527098547
2024-09-27 01:44:00+00:00,5.62,4.25,1.028,MAINTENANCE,0.9844551306816763
2024-09-27 01:45:00+00:00,5.62,4.25,1.027,MAINTENANCE,0.8257974471819132
2024-09-27 01:46:00+00:00,5.62,4.25,1.024,MAINTENANCE,0.8257974471819132
2024-09-27 01:47:00+00:00,5.56,4.25,1.018,MAINTENANCE,0.9962971816149931
2024-09-27 01:48:00+00:00,5.68,4.25,1.014,MAINTENANCE,0.999241112409991
2024-09-27 01:49:00+00:00,5.62,4.18,1.016,MAINTENANCE,0.9994322827012302
2024-09-27 01:50:00+00:00,5.62,4.18,1.017,MAINTENANCE,0.9983335224430643
2024-09-27 01:51:00+00:00,5.68,4.18,1.016,MAINTENANCE,0.9983335224430643
2024-09-27 01:52:00+00:00,5.62,4.25,1.016,MAINTENANCE,0.9993082565546652
2024-09-27 01:53:00+00:00,5.68,4.18,1.016,MAINTENANCE,0.9992856795448243
2024-09-27 01:54:00+00:00,5.68,4.25,1.016,MAINTENANCE,0.9994558845190207
2024-09-27 01:55:00+00:00,5.62,4.25,1.016,MAINTENANCE,0.998940119790931
2024-09-27 01:56:00+00:00,5.68,4.25,1.016,MAINTENANCE,0.998940119790931
2024-09-27 01:57:00+00:00,5.68,4.18,0.984,MAINTENANCE,0.9984045488225856
2024-09-27 01:58:00+00:00,5.68,4.25,0.93,MAINTENANCE,0.9978704970888506
2024-09-27 01:59:00+00:00,5.68,4.25,0.956,MAINTENANCE,0.9978704970888506
2024-09-27 02:00:00+00:00,5.68,4.25,1.022,UNKNOWN,0.0
2024-09-27 02:01:00+00:00,5.62,4.25,1.041,UNKNOWN,0.0
2024-09-27 02:02:00+00:00,5.62,4.25,1.021,UNKNOWN,0.0
2024-09-27 02:03:00+00:00,5.68,4.25,1.013,UNKNOWN,0.0
2024-09-27 02:04:00+00:00,5.62,4.18,1.024,UNKNOWN,0.0
2024-09-27 02:05:00+00:00,5.62,4.25,1.015,UNKNOWN,0.0
2024-09-27 02:06:00+00:00,5.62,4.18,1.016,UNKNOWN,0.0
2024-09-27 02:07:00+00:00,5.68,4.25,1.016,UNKNOWN,0.0
2024-09-27 02:08:00+00:00,5.62,4.25,1.016,UNKNOWN,0.0
2024-09-27 02:09:00+00:00,5.68,4.18,1.017,UNKNOWN,0.0
2024-09-27 02:10:00+00:00,5.56,4.25,1.016,UNKNOWN,0.0
2024-09-27 02:11:00+00:00,5.56,4.25,1.016,UNKNOWN,0.0
2024-09-27 02:12:00+00:00,5.68,4.25,1.072,UNKNOWN,0.0
2024-09-27 02:13:00+00:00,5.62,4.25,0.996,UNKNOWN,0.0
2024-09-27 02:14:00+00:00,5.56,4.25,0.971,UNKNOWN,0.0
2024-09-27 02:15:00+00:00,5.62,4.25,1.001,UNKNOWN,0.0
2024-09-27 02:16:00+00:00,5.62,4.25,1.015,UNKNOWN,0.0
2024-09-27 02:17:00+00:00,5.62,4.25,1.018,UNKNOWN,0.0
2024-09-27 02:18:00+00:00,5.56,4.25,1.016,UNKNOWN,0.0
2024-09-27 02:19:00+00:00,5.62,4.25,1.02,UNKNOWN,0.0
2024-09-27 02:20:00+00:00,5.62,4.25,1.019,UNKNOWN,0.0
2024-09-27 02:21:00+00:00,5.62,4.25,1.018,UNKNOWN,0.0
2024-09-27 02:22:00+00:00,5.62,4.25,1.016,UNKNOWN,0.0
2024-09-27 02:23:00+00:00,5.56,4.25,1.016,UNKNOWN,0.0
2024-09-27 02:24:00+00:00,5.62,4.25,1.015,UNKNOWN,0.0
2024-09-27 02:25:00+00:00,5.62,4.25,1.016,UNKNOWN,0.0
2024-09-27 02:26:00+00:00,5.62,4.25,1.016,UNKNOWN,0.0
2024-09-27 02:27:00+00:00,5.62,4.25,1.008,UNKNOWN,0.0
2024-09-27 02:28:00+00:00,5.56,4.25,0.937,UNKNOWN,0.0
2024-09-27 02:29:00+00:00,5.68,4.25,1.007,UNKNOWN,0.0
2024-09-27 02:30:00+00:00,5.62,4.25,1.004,UNKNOWN,0.0
2024-09-27 02:31:00+00:00,5.62,4.25,1.018,UNKNOWN,0.0
2024-09-27 02:32:00+00:00,5.62,4.25,1.024,UNKNOWN,0.0
2024-09-27 02:33:00+00:00,5.56,4.18,1.011,UNKNOWN,0.0
2024-09-27 02:34:00+00:00,5.62,4.25,1.023,UNKNOWN,0.0
2024-09-27 02:35:00+00:00,5.56,4.31,1.015,UNKNOWN,0.0
2024-09-27 02:36:00+00:00,5.56,4.31,1.016,UNKNOWN,0.0
2024-09-27 02:37:00+00:00,5.68,4.25,1.016,UNKNOWN,0.0
2024-09-27 02:38:00+00:00,5.62,4.25,1.016,UNKNOWN,0.0
2024-09-27 02:39:00+00:00,5.56,4.25,1.016,UNKNOWN,0.0
2024-09-27 02:40:00+00:00,5.62,4.31,1.017,UNKNOWN,0.0
2024-09-27 02:41:00+00:00,5.68,4.31,1.016,UNKNOWN,0.0
2024-09-27 02:42:00+00:00,5.62,4.31,1.014,UNKNOWN,0.0
2024-09-27 02:43:00+00:00,5.68,4.25,0.982,UNKNOWN,0.0
2024-09-27 02:44:00+00:00,5.62,4.25,1.016,UNKNOWN,0.0
2024-09-27 02:45:00+00:00,5.56,4.25,1.007,UNKNOWN,0.0
2024-09-27 02:46:00+00:00,5.5,4.25,1.017,UNKNOWN,0.0
2024-09-27 02:47:00+00:00,5.62,4.25,0.998,UNKNOWN,0.0
2024-09-27 02:48:00+00:00,5.62,4.25,1.015,UNKNOWN,0.0
2024-09-27 02:49:00+00:00,5.62,4.25,1.015,UNKNOWN,0.0
2024-09-27 02:50:00+00:00,5.62,4.25,1.016,UNKNOWN,0.0
2024-09-27 02:51:00+00:00,5.62,4.25,1.018,UNKNOWN,0.0
2024-09-27 02:52:00+00:00,5.68,4.25,1.015,UNKNOWN,0.0
2024-09-27 02:53:00+00:00,5.68,4.31,1.017,UNKNOWN,0.0
2024-09-27 02:54:00+00:00,5.68,4.31,1.016,UNKNOWN,0.0
2024-09-27 02:55:00+00:00,5.68,4.31,1.016,UNKNOWN,0.0
2024-09-27 02:56:00+00:00,5.62,4.31,1.016,UNKNOWN,0.0
2024-09-27 02:57:00+00:00,5.68,4.25,0.993,UNKNOWN,0.0
2024-09-27 02:58:00+00:00,5.62,4.25,0.998,UNKNOWN,0.0
2024-09-27 02:59:00+00:00,5.68,4.25,1.043,UNKNOWN,0.0
2024-09-27 03:00:00+00:00,5.62,4.25,1.017,UNKNOWN,0.0
2024-09-27 03:01:00+00:00,5.68,4.31,1.027,UNKNOWN,0.0
2024-09-27 03:02:00+00:00,5.68,4.25,1.001,UNKNOWN,0.0
2024-09-27 03:03:00+00:00,5.68,4.31,1.014,UNKNOWN,0.0
2024-09-27 03:04:00+00:00,5.62,4.31,1.017,UNKNOWN,0.0
2024-09-27 03:05:00+00:00,5.62,4.25,1.016,UNKNOWN,0.0
2024-09-27 03:06:00+00:00,5.68,4.25,1.016,UNKNOWN,0.0
2024-09-27 03:07:00+00:00,5.56,4.31,1.016,UNKNOWN,0.0
2024-09-27 03:08:00+00:00,5.62,4.25,1.016,UNKNOWN,0.0
2024-09-27 03:09:00+00:00,5.68,4.25,1.016,UNKNOWN,0.0
2024-09-27 03:10:00+00:00,5.68,4.31,1.016,UNKNOWN,0.0
2024-09-27 03:11:00+00:00,5.62,4.31,1.016,UNKNOWN,0.0
2024-09-27 03:12:00+00:00,5.68,4.25,1.059,UNKNOWN,0.0
2024-09-27 03:13:00+00:00,5.62,4.31,0.973,UNKNOWN,0.0
2024-09-27 03:14:00+00:00,5.68,4.31,1.072,UNKNOWN,0.0
2024-09-27 03:15:00+00:00,5.68,4.31,0.96,UNKNOWN,0.0
2024-09-27 03:16:00+00:00,5.62,4.31,0.992,UNKNOWN,0.0
2024-09-27 03:17:00+00:00,5.68,4.31,0.995,UNKNOWN,0.0
2024-09-27 03:18:00+00:00,5.68,4.31,1.007,UNKNOWN,0.0
2024-09-27 03:19:00+00:00,5.62,4.31,1.015,UNKNOWN,0.0
2024-09-27 03:20:00+00:00,5.62,4.31,1.018,UNKNOWN,0.0
2024-09-27 03:21:00+00:00,5.68,4.31,1.016,UNKNOWN,0.0
2024-09-27 03:22:00+00:00,5.68,4.25,1.016,UNKNOWN,0.0
2024-09-27 03:23:00+00:00,5.75,4.25,1.016,UNKNOWN,0.0
2024-09-27 03:24:00+00:00,5.68,4.31,1.016,UNKNOWN,0.0
2024-09-27 03:25:00+00:00,5.75,4.31,1.016,UNKNOWN,0.0
2024-09-27 03:26:00+00:00,5.62,4.25,1.017,UNKNOWN,0.0
2024-09-27 03:27:00+00:00,5.62,4.31,0.981,UNKNOWN,0.0
2024-09-27 03:28:00+00:00,5.68,4.31,1.01,UNKNOWN,0.0
2024-09-27 03:29:00+00:00,5.75,4.31,1.03,UNKNOWN,0.0
2024-09-27 03:30:00+00:00,5.68,4.31,1.019,UNKNOWN,0.0
2024-09-27 03:31:00+00:00,5.68,4.31,1.04,UNKNOWN,0.0
2024-09-27 03:32:00+00:00,5.68,4.25,1.005,UNKNOWN,0.0
2024-09-27 03:33:00+00:00,5.62,4.25,1.015,UNKNOWN,0.0
2024-09-27 03:34:00+00:00,5.68,4.25,1.019,UNKNOWN,0.0
2024-09-27 03:35:00+00:00,5.68,4.25,1.016,UNKNOWN,0.0
2024-09-27 03:36:00+00:00,5.62,4.31,1.015,UNKNOWN,0.0
2024-09-27 03:37:00+00:00,5.68,4.31,1.016,UNKNOWN,0.0
2024-09-27 03:38:00+00:00,5.68,4.31,1.016,UNKNOWN,0.0
2024-09-27 03:39:00+00:00,5.68,4.31,1.016,UNKNOWN,0.0
2024-09-27 03:40:00+00:00,5.68,4.31,1.016,UNKNOWN,0.0
2024-09-27 03:41:00+00:00,5.68,4.25,1.016,UNKNOWN,0.0
2024-09-27 03:42:00+00:00,5.62,4.31,1.037,UNKNOWN,0.0
2024-09-27 03:43:00+00:00,5.62,4.31,0.883,UNKNOWN,0.0
2024-09-27 03:44:00+00:00,5.75,4.31,0.989,UNKNOWN,0.0
2024-09-27 03:45:00+00:00,5.68,4.31,1.046,UNKNOWN,0.0
2024-09-27 03:46:00+00:00,5.68,4.31,1.026,UNKNOWN,0.0
2024-09-27 03:47:00+00:00,5.68,4.31,1.018,UNKNOWN,0.0
2024-09-27 03:48:00+00:00,5.68,4.31,1.013,UNKNOWN,0.0
2024-09-27 03:49:00+00:00,5.68,4.31,1.014,UNKNOWN,0.0
2024-09-27 03:50:00+00:00,5.68,4.31,1.015,UNKNOWN,0.0
2024-09-27 03:51:00+00:00,5.68,4.31,1.015,UNKNOWN,0.0
2024-09-27 03:52:00+00:00,5.75,4.25,1.016,UNKNOWN,0.0
2024-09-27 03:53:00+00:00,5.68,4.25,1.016,UNKNOWN,0.0
2024-09-27 03:54:00+00:00,5.68,4.25,1.016,UNKNOWN,0.0
2024-09-27 03:55:00+00:00,5.68,4.31,1.016,UNKNOWN,0.0
2024-09-27 03:56:00+00:00,5.68,4.25,1.016,UNKNOWN,0.0
2024-09-27 03:57:00+00:00,5.68,4.31,1.022,UNKNOWN,0.0
2024-09-27 03:58:00+00:00,5.68,4.31,1.013,UNKNOWN,0.0
2024-09-27 03:59:00+00:00,5.68,4.31,0.974,UNKNOWN,0.0
2024-09-27 04:00:00+00:00,5.62,4.31,0.975,UNKNOWN,0.0
2024-09-27 04:01:00+00:00,5.75,4.25,1.019,UNKNOWN,0.0
2024-09-27 04:02:00+00:00,5.68,4.31,1.02,UNKNOWN,0.0
2024-09-27 04:03:00+00:00,5.68,4.31,1.013,UNKNOWN,0.0
2024-09-27 04:04:00+00:00,5.75,4.31,1.021,UNKNOWN,0.0
2024-09-27 04:05:00+00:00,5.68,4.37,1.017,UNKNOWN,0.0
2024-09-27 04:06:00+00:00,5.68,4.31,1.016,UNKNOWN,0.0
2024-09-27 04:07:00+00:00,5.68,4.31,1.016,UNKNOWN,0.0
2024-09-27 04:08:00+00:00,5.68,4.31,1.016,UNKNOWN,0.0
2024-09-27 04:09:00+00:00,5.68,4.31,1.016,UNKNOWN,0.0
2024-09-27 04:10:00+00:00,5.68,4.31,1.016,UNKNOWN,0.0
2024-09-27 04:11:00+00:00,5.62,4.31,1.02,UNKNOWN,0.0
2024-09-27 04:12:00+00:00,5.68,4.31,0.977,UNKNOWN,0.0
2024-09-27 04:13:00+00:00,5.68,4.43,0.996,UNKNOWN,0.0
2024-09-27 04:14:00+00:00,5.75,4.56,0.927,UNKNOWN,0.0
2024-09-27 04:15:00+00:00,5.75,4.62,0.994,UNKNOWN,0.0
2024-09-27 04:16:00+00:00,5.68,4.75,0.987,UNKNOWN,0.0
2024-09-27 04:17:00+00:00,5.75,4.75,0.94,UNKNOWN,0.0
2024-09-27 04:18:00+00:00,5.75,4.81,1.008,UNKNOWN,0.0
2024-09-27 04:19:00+00:00,5.81,4.81,0.941,UNKNOWN,0.0
2024-09-27 04:20:00+00:00,5.75,4.75,0.989,UNKNOWN,0.0
2024-09-27 04:21:00+00:00,5.75,4.75,1.031,UNKNOWN,0.0
2024-09-27 04:22:00+00:00,5.68,4.68,1.042,UNKNOWN,0.0
2024-09-27 04:23:00+00:00,5.75,4.62,0.971,UNKNOWN,0.0
2024-09-27 04:24:00+00:00,5.75,4.56,0.983,UNKNOWN,0.0
2024-09-27 04:25:00+00:00,5.75,4.5,1.044,UNKNOWN,0.0
2024-09-27 04:26:00+00:00,5.75,4.5,0.987,UNKNOWN,0.0
2024-09-27 04:27:00+00:00,5.75,4.5,0.925,UNKNOWN,0.0
2024-09-27 04:28:00+00:00,5.62,4.56,0.854,UNKNOWN,0.0
2024-09-27 04:29:00+00:00,5.75,4.62,0.955,UNKNOWN,0.0
2024-09-27 04:30:00+00:00,5.75,4.75,0.945,UNKNOWN,0.0
2024-09-27 04:31:00+00:00,5.81,4.68,0.863,UNKNOWN,0.0
2024-09-27 04:32:00+00:00,5.81,4.81,0.934,UNKNOWN,0.0
2024-09-27 04:33:00+00:00,5.75,4.75,0.852,UNKNOWN,0.0
2024-09-27 04:34:00+00:00,5.81,4.75,0.808,UNKNOWN,0.0
2024-09-27 04:35:00+00:00,5.75,4.81,1.005,UNKNOWN,0.0
2024-09-27 04:36:00+00:00,5.81,4.68,0.965,UNKNOWN,0.0
2024-09-27 04:37:00+00:00,5.75,4.75,1.008,UNKNOWN,0.0
2024-09-27 04:38:00+00:00,5.81,4.68,1.012,UNKNOWN,0.0
2024-09-27 04:39:00+00:00,5.81,4.81,0.932,UNKNOWN,0.0
2024-09-27 04:40:00+00:00,5.87,4.87,0.965,UNKNOWN,0.0
2024-09-27 04:41:00+00:00,5.87,4.93,0.98,UNKNOWN,0.0
2024-09-27 04:42:00+00:00,5.87,4.93,1.027,UNKNOWN,0.0
2024-09-27 04:43:00+00:00,5.87,5.0,0.923,UNKNOWN,0.0
2024-09-27 04:44:00+00:00,5.87,5.0,1.038,UNKNOWN,0.0
2024-09-27 04:45:00+00:00,5.87,5.0,1.011,UNKNOWN,0.0
2024-09-27 04:46:00+00:00,5.87,5.0,0.935,UNKNOWN,0.0
2024-09-27 04:47:00+00:00,5.87,5.0,1.002,UNKNOWN,0.0
2024-09-27 04:48:00+00:00,5.87,4.93,0.949,UNKNOWN,0.0
2024-09-27 04:49:00+00:00,5.93,4.93,0.961,UNKNOWN,0.0
2024-09-27 04:50:00+00:00,5.93,5.0,1.009,UNKNOWN,0.0
2024-09-27 04:51:00+00:00,5.93,5.0,0.995,UNKNOWN,0.0
2024-09-27 04:52:00+00:00,6.0,5.0,1.028,UNKNOWN,0.0
2024-09-27 04:53:00+00:00,5.93,5.06,1.028,UNKNOWN,0.0
2024-09-27 04:54:00+00:00,6.0,5.18,1.012,UNKNOWN,0.0
2024-09-27 04:55:00+00:00,6.0,5.18,1.002,UNKNOWN,0.0
2024-09-27 04:56:00+00:00,6.0,5.31,1.032,UNKNOWN,0.0
2024-09-27 04:57:00+00:00,6.0,5.25,0.924,UNKNOWN,0.0
2024-09-27 04:58:00+00:00,6.06,5.25,1.015,UNKNOWN,0.0
2024-09-27 04:59:00+00:00,6.06,5.18,0.992,UNKNOWN,0.0
2024-09-27 05:00:00+00:00,6.06,5.12,1.005,UNKNOWN,0.0
2024-09-27 05:01:00+00:00,6.06,5.12,1.021,UNKNOWN,0.0
2024-09-27 05:02:00+00:00,6.12,5.06,0.829,UNKNOWN,0.0
2024-09-27 05:03:00+00:00,6.12,5.0,0.99,UNKNOWN,0.0
2024-09-27 05:04:00+00:00,6.18,5.06,0.953,UNKNOWN,0.0
2024-09-27 05:05:00+00:00,6.12,5.12,0.997,UNKNOWN,0.0
2024-09-27 05:06:00+00:00,6.12,5.18,1.01,UNKNOWN,0.0
2024-09-27 05:07:00+00:00,6.12,5.25,0.853,UNKNOWN,0.0
2024-09-27 05:08:00+00:00,6.18,5.37,1.037,UNKNOWN,0.0
2024-09-27 05:09:00+00:00,6.18,5.37,1.076,UNKNOWN,0.0
2024-09-27 05:10:00+00:00,6.12,5.37,1.02,UNKNOWN,0.0
2024-09-27 05:11:00+00:00,6.18,5.37,0.951,UNKNOWN,0.0
2024-09-27 05:12:00+00:00,6.12,5.37,0.983,UNKNOWN,0.0
2024-09-27 05:13:00+00:00,6.25,5.31,1.023,UNKNOWN,0.0
2024-09-27 05:14:00+00:00,6.25,5.25,0.983,UNKNOWN,0.0
2024-09-27 05:15:00+00:00,6.25,5.18,0.993,UNKNOWN,0.0
2024-09-27 05:16:00+00:00,6.25,5.12,0.949,UNKNOWN,0.0
2024-09-27 05:17:00+00:00,6.25,5.12,0.789,UNKNOWN,0.0
2024-09-27 05:18:00+00:00,6.31,5.12,0.981,UNKNOWN,0.0
2024-09-27 05:19:00+00:00,6.31,5.12,1.023,UNKNOWN,0.0
2024-09-27 05:20:00+00:00,6.31,5.31,0.959,UNKNOWN,0.0
2024-09-27 05:21:00+00:00,6.31,5.37,0.826,UNKNOWN,0.0
2024-09-27 05:22:00+00:00,6.25,5.43,0.958,UNKNOWN,0.0
2024-09-27 05:23:00+00:00,6.31,5.43,1.031,UNKNOWN,0.0
2024-09-27 05:24:00+00:00,6.37,5.43,0.953,UNKNOWN,0.0
2024-09-27 05:25:00+00:00,6.37,5.37,0.841,UNKNOWN,0.0
2024-09-27 05:26:00+00:00,6.37,5.37,0.989,UNKNOWN,0.0
2024-09-27 05:27:00+00:00,6.37,5.37,1.014,UNKNOWN,0.0
2024-09-27 05:28:00+00:00,6.37,5.31,0.97,UNKNOWN,0.0
2024-09-27 05:29:00+00:00,6.37,5.25,0.91,UNKNOWN,0.0
2024-09-27 05:30:00+00:00,6.31,5.18,0.936,UNKNOWN,0.0
2024-09-27 05:31:00+00:00,6.43,5.18,1.01,UNKNOWN,0.0
2024-09-27 05:32:00+00:00,6.43,5.18,1.016,UNKNOWN,0.0
2024-09-27 05:33:00+00:00,6.43,5.25,0.963,UNKNOWN,0.0
2024-09-27 05:34:00+00:00,6.37,5.31,1.002,UNKNOWN,0.0
2024-09-27 05:35:00+00:00,6.37,5.31,0.786,UNKNOWN,0.0
2024-09-27 05:36:00+00:00,6.25,5.37,1.024,UNKNOWN,0.0
2024-09-27 05:37:00+00:00,6.31,5.31,0.996,UNKNOWN,0.0
2024-09-27 05:38:00+00:00,6.31,5.25,0.776,UNKNOWN,0.0
2024-09-27 05:39:00+00:00,6.37,5.25,1.017,UNKNOWN,0.0
2024-09-27 05:40:00+00:00,6.31,5.18,0.998,UNKNOWN,0.0
2024-09-27 05:41:00+00:00,6.37,5.18,1.015,UNKNOWN,0.0
2024-09-27 05:42:00+00:00,6.31,5.12,1.012,UNKNOWN,0.0
2024-09-27 05:43:00+00:00,6.31,5.18,1.034,UNKNOWN,0.0
2024-09-27 05:44:00+00:00,6.31,5.12,1.015,UNKNOWN,0.0
2024-09-27 05:45:00+00:00,6.31,5.12,1.017,UNKNOWN,0.0
2024-09-27 05:46:00+00:00,6.31,5.12,1.015,UNKNOWN,0.0
2024-09-27 05:47:00+00:00,6.37,5.12,1.0,UNKNOWN,0.0
2024-09-27 05:48:00+00:00,6.31,5.0,1.024,UNKNOWN,0.0
2024-09-27 05:49:00+00:00,6.37,5.0,0.999,UNKNOWN,0.0
2024-09-27 05:50:00+00:00,6.37,5.0,1.015,UNKNOWN,0.0
2024-09-27 05:51:00+00:00,6.37,4.87,1.012,UNKNOWN,0.0
2024-09-27 05:52:00+00:00,6.31,4.81,1.013,UNKNOWN,0.0
2024-09-27 05:53:00+00:00,6.37,4.81,1.014,UNKNOWN,0.0
2024-09-27 05:54:00+00:00,6.31,4.75,0.944,UNKNOWN,0.0
2024-09-27 05:55:00+00:00,6.25,4.68,0.992,UNKNOWN,0.0
2024-09-27 05:56:00+00:00,6.25,4.62,0.998,UNKNOWN,0.0
2024-09-27 05:57:00+00:00,6.31,4.62,0.998,UNKNOWN,0.0
2024-09-27 05:58:00+00:00,6.25,4.56,1.043,UNKNOWN,0.0
2024-09-27 05:59:00+00:00,6.31,4.5,0.914,UNKNOWN,0.0
2024-09-27 06:00:00+00:00,6.25,4.5,0.947,UNKNOWN,0.0
2024-09-27 06:01:00+00:00,6.25,4.43,1.002,UNKNOWN,0.0
2024-09-27 06:02:00+00:00,6.12,4.37,0.994,UNKNOWN,0.0
2024-09-27 06:03:00+00:00,6.18,4.31,0.965,UNKNOWN,0.0
2024-09-27 06:04:00+00:00,6.18,4.25,0.984,UNKNOWN,0.0
2024-09-27 06:05:00+00:00,6.18,4.18,0.902,UNKNOWN,0.0
2024-09-27 06:06:00+00:00,6.12,4.25,0.955,UNKNOWN,0.0
2024-09-27 06:07:00+00:00,6.06,4.12,0.997,UNKNOWN,0.0
2024-09-27 06:08:00+00:00,6.06,4.12,1.015,UNKNOWN,0.0
2024-09-27 06:09:00+00:00,6.0,4.12,1.037,UNKNOWN,0.0
2024-09-27 06:10:00+00:00,6.0,4.12,1.015,UNKNOWN,0.0
2024-09-27 06:11:00+00:00,6.0,4.12,1.014,UNKNOWN,0.0
2024-09-27 06:12:00+00:00,6.0,4.12,1.015,UNKNOWN,0.0
2024-09-27 06:13:00+00:00,6.0,4.12,1.014,UNKNOWN,0.0
2024-09-27 06:14:00+00:00,5.93,4.06,1.015,UNKNOWN,0.0
2024-09-27 06:15:00+00:00,6.0,4.12,1.015,UNKNOWN,0.0
2024-09-27 06:16:00+00:00,5.93,4.12,1.016,UNKNOWN,0.0
2024-09-27 06:17:00+00:00,6.0,4.12,1.016,UNKNOWN,0.0
2024-09-27 06:18:00+00:00,5.93,4.12,1.016,UNKNOWN,0.0
2024-09-27 06:19:00+00:00,5.93,4.12,1.016,UNKNOWN,0.0
2024-09-27 06:20:00+00:00,5.87,4.12,1.016,UNKNOWN,0.0
2024-09-27 06:21:00+00:00,5.93,4.06,1.007,UNKNOWN,0.0
2024-09-27 06:22:00+00:00,5.93,4.12,1.034,UNKNOWN,0.0
2024-09-27 06:23:00+00:00,5.93,4.06,1.016,UNKNOWN,0.0
2024-09-27 06:24:00+00:00,5.81,4.06,1.036,UNKNOWN,0.0
2024-09-27 06:25:00+00:00,5.87,4.06,1.022,UNKNOWN,0.0
2024-09-27 06:26:00+00:00,5.81,4.06,1.015,UNKNOWN,0.0
2024-09-27 06:27:00+00:00,5.81,4.06,1.02,UNKNOWN,0.0
2024-09-27 06:28:00+00:00,5.81,4.06,1.016,UNKNOWN,0.0
2024-09-27 06:29:00+00:00,5.81,4.06,1.016,UNKNOWN,0.0
2024-09-27 06:30:00+00:00,5.75,4.06,1.015,UNKNOWN,0.0
2024-09-27 06:31:00+00:00,5.81,4.06,1.016,UNKNOWN,0.0
2024-09-27 06:32:00+00:00,5.81,4.0,1.016,UNKNOWN,0.0
2024-09-27 06:33:00+00:00,5.81,4.06,1.016,UNKNOWN,0.0
2024-09-27 06:34:00+00:00,5.81,4.06,1.016,UNKNOWN,0.0
2024-09-27 06:35:00+00:00,5.75,4.06,1.017,UNKNOWN,0.0
2024-09-27 06:36:00+00:00,5.75,4.06,1.029,UNKNOWN,0.0
2024-09-27 06:37:00+00:00,5.75,4.0,1.027,UNKNOWN,0.0
2024-09-27 06:38:00+00:00,5.75,4.0,1.015,UNKNOWN,0.0
2024-09-27 06:39:00+00:00,5.68,4.06,1.022,UNKNOWN,0.0
2024-09-27 06:40:00+00:00,5.62,4.06,1.02,UNKNOWN,0.0
2024-09-27 06:41:00+00:00,5.68,4.0,1.022,UNKNOWN,0.0
2024-09-27 06:42:00+00:00,5.75,4.0,1.017,UNKNOWN,0.0
2024-09-27 06:43:00+00:00,5.68,4.06,1.015,UNKNOWN,0.0
2024-09-27 06:44:00+00:00,5.62,4.0,1.016,UNKNOWN,0.0
2024-09-27 06:45:00+00:00,5.62,4.06,1.017,UNKNOWN,0.0
2024-09-27 06:46:00+00:00,5.68,4.0,1.016,UNKNOWN,0.0
2024-09-27 06:47:00+00:00,5.62,4.0,1.016,UNKNOWN,0.0
2024-09-27 06:48:00+00:00,5.68,4.06,1.016,UNKNOWN,0.0
2024-09-27 06:49:00+00:00,5.62,4.06,1.016,UNKNOWN,0.0
2024-09-27 06:50:00+00:00,5.62,4.0,1.015,UNKNOWN,0.0
2024-09-27 06:51:00+00:00,5.62,4.06,0.986,UNKNOWN,0.0
2024-09-27 06:52:00+00:00,5.68,4.0,0.852,UNKNOWN,0.0
2024-09-27 06:53:00+00:00,5.62,4.06,1.034,UNKNOWN,0.0
2024-09-27 06:54:00+00:00,5.62,4.0,1.018,UNKNOWN,0.0
2024-09-27 06:55:00+00:00,5.62,4.0,1.016,UNKNOWN,0.0
2024-09-27 06:56:00+00:00,5.56,4.06,1.007,UNKNOWN,0.0
2024-09-27 06:57:00+00:00,5.56,4.0,1.015,UNKNOWN,0.0
2024-09-27 06:58:00+00:00,5.5,4.0,1.013,UNKNOWN,0.0
2024-09-27 06:59:00+00:00,5.62,4.0,1.017,UNKNOWN,0.0
2024-09-27 07:00:00+00:00,5.56,4.06,1.016,UNKNOWN,0.0
2024-09-27 07:01:00+00:00,5.62,4.0,1.016,UNKNOWN,0.0
2024-09-27 07:02:00+00:00,5.56,4.06,1.016,UNKNOWN,0.0
2024-09-27 07:03:00+00:00,5.5,4.0,1.016,UNKNOWN,0.0
2024-09-27 07:04:00+00:00,5.62,4.0,1.016,UNKNOWN,0.0
2024-09-27 07:05:00+00:00,5.56,4.06,1.016,UNKNOWN,0.0
2024-09-27 07:06:00+00:00,5.56,4.0,0.991,UNKNOWN,0.0
2024-09-27 07:07:00+00:00,5.56,4.0,1.037,UNKNOWN,0.0
2024-09-27 07:08:00+00:00,5.56,4.0,0.99,UNKNOWN,0.0
2024-09-27 07:09:00+00:00,5.56,4.0,1.024,UNKNOWN,0.0
2024-09-27 07:10:00+00:00,5.43,4.06,1.006,UNKNOWN,0.0
2024-09-27 07:11:00+00:00,5.56,4.06,1.016,UNKNOWN,0.0
2024-09-27 07:12:00+00:00,5.5,4.0,1.015,UNKNOWN,0.0
2024-09-27 07:13:00+00:00,5.43,3.93,1.016,UNKNOWN,0.0
2024-09-27 07:14:00+00:00,5.56,4.0,1.016,UNKNOWN,0.0
2024-09-27 07:15:00+00:00,5.5,4.0,1.016,UNKNOWN,0.0
2024-09-27 07:16:00+00:00,5.5,4.0,1.016,UNKNOWN,0.0
2024-09-27 07:17:00+00:00,5.56,4.0,1.016,UNKNOWN,0.0
2024-09-27 07:18:00+00:00,5.5,4.0,1.016,UNKNOWN,0.0
2024-09-27 07:19:00+00:00,5.56,4.0,1.016,UNKNOWN,0.0
2024-09-27 07:20:00+00:00,5.56,4.06,1.016,UNKNOWN,0.0
2024-09-27 07:21:00+00:00,5.5,4.06,0.998,UNKNOWN,0.0
2024-09-27 07:22:00+00:00,5.56,4.0,0.995,UNKNOWN,0.0
2024-09-27 07:23:00+00:00,5.5,4.0,0.993,UNKNOWN,0.0
2024-09-27 07:24:00+00:00,5.5,4.0,1.041,UNKNOWN,0.0
2024-09-27 07:25:00+00:00,5.5,4.06,0.992,UNKNOWN,0.0
2024-09-27 07:26:00+00:00,5.5,4.0,1.017,UNKNOWN,0.0
2024-09-27 07:27:00+00:00,5.43,4.0,1.02,UNKNOWN,0.0
2024-09-27 07:28:00+00:00,5.43,4.06,1.02,UNKNOWN,0.0
2024-09-27 07:29:00+00:00,5.43,4.06,1.015,UNKNOWN,0.0
2024-09-27 07:30:00+00:00,5.5,4.0,1.016,UNKNOWN,0.0
2024-09-27 07:31:00+00:00,5.43,4.0,1.016,UNKNOWN,0.0
2024-09-27 07:32:00+00:00,5.43,4.06,1.016,UNKNOWN,0.0
2024-09-27 07:33:00+00:00,5.43,4.0,1.016,UNKNOWN,0.0
2024-09-27 07:34:00+00:00,5.43,4.06,1.016,UNKNOWN,0.0
2024-09-27 07:35:00+00:00,5.5,4.06,1.016,UNKNOWN,0.0
2024-09-27 07:36:00+00:00,5.5,4.0,0.988,UNKNOWN,0.0
2024-09-27 07:37:00+00:00,5.5,4.0,1.013,UNKNOWN,0.0
2024-09-27 07:38:00+00:00,5.5,4.0,1.014,UNKNOWN,0.0
2024-09-27 07:39:00+00:00,5.5,4.06,1.008,UNKNOWN,0.0
2024-09-27 07:40:00+00:00,5.5,4.0,1.008,UNKNOWN,0.0
2024-09-27 07:41:00+00:00,5.5,4.0,1.02,UNKNOWN,0.0
2024-09-27 07:42:00+00:00,5.5,4.0,1.023,UNKNOWN,0.0
2024-09-27 07:43:00+00:00,5.43,4.0,1.016,UNKNOWN,0.0
2024-09-27 07:44:00+00:00,5.43,4.0,1.018,UNKNOWN,0.0
2024-09-27 07:45:00+00:00,5.43,4.0,1.016,UNKNOWN,0.0
2024-09-27 07:46:00+00:00,5.5,4.06,1.016,UNKNOWN,0.0
2024-09-27 07:47:00+00:00,5.37,4.06,1.017,UNKNOWN,0.0
2024-09-27 07:48:00+00:00,5.43,4.0,1.016,UNKNOWN,0.0
2024-09-27 07:49:00+00:00,5.43,4.0,1.016,UNKNOWN,0.0
2024-09-27 07:50:00+00:00,5.5,4.0,1.015,UNKNOWN,0.0
2024-09-27 07:51:00+00:00,5.43,4.0,1.016,UNKNOWN,0.0
2024-09-27 07:52:00+00:00,5.5,4.0,1.016,UNKNOWN,0.0
2024-09-27 07:53:00+00:00,5.5,4.0,1.016,UNKNOWN,0.0
2024-09-27 07:54:00+00:00,5.43,4.0,1.019,UNKNOWN,0.0
2024-09-27 07:55:00+00:00,5.43,4.06,1.015,UNKNOWN,0.0
2024-09-27 07:56:00+00:00,5.43,4.0,1.016,UNKNOWN,0.0
2024-09-27 07:57:00+00:00,5.5,4.0,1.017,UNKNOWN,0.0
2024-09-27 07:58:00+00:00,5.43,4.06,1.016,UNKNOWN,0.0
2024-09-27 07:59:00+00:00,5.43,4.0,1.017,UNKNOWN,0.0
2024-09-27 08:00:00+00:00,5.5,4.0,1.016,UNKNOWN,0.0
2024-09-27 08:01:00+00:00,5.5,4.0,1.016,UNKNOWN,0.0
2024-09-27 08:02:00+00:00,5.43,4.06,1.016,UNKNOWN,0.0
2024-09-27 08:03:00+00:00,5.5,4.06,1.017,UNKNOWN,0.0
2024-09-27 08:04:00+00:00,5.5,4.06,1.016,UNKNOWN,0.0
2024-09-27 08:05:00+00:00,5.5,4.06,1.016,UNKNOWN,0.0
2024-09-27 08:06:00+00:00,5.5,4.06,1.016,UNKNOWN,0.0
2024-09-27 08:07:00+00:00,5.56,4.12,1.016,UNKNOWN,0.0
2024-09-27 08:08:00+00:00,5.5,4.06,0.955,UNKNOWN,0.0
2024-09-27 08:09:00+00:00,5.43,4.0,0.732,UNKNOWN,0.0
2024-09-27 08:10:00+00:00,5.18,4.0,0.207,UNKNOWN,0.0
2024-09-27 08:11:00+00:00,5.31,4.31,-0.019,UNKNOWN,0.0
2024-09-27 08:12:00+00:00,5.5,5.43,0.073,UNKNOWN,0.0
2024-09-27 08:13:00+00:00,6.43,7.87,0.072,UNKNOWN,0.0
2024-09-27 08:14:00+00:00,6.25,7.06,0.073,UNKNOWN,0.0
2024-09-27 08:15:00+00:00,6.81,12.93,0.073,UNKNOWN,0.0
2024-09-27 08:16:00+00:00,7.81,34.75,0.076,UNKNOWN,0.0
2024-09-27 08:17:00+00:00,15.81,39.06,0.077,UNKNOWN,0.0
2024-09-27 08:18:00+00:00,18.87,31.0,0.08,UNKNOWN,0.0
2024-09-27 08:19:00+00:00,22.93,31.93,0.08,UNKNOWN,0.0
2024-09-27 08:20:00+00:00,26.31,32.81,0.081,UNKNOWN,0.0
2024-09-27 08:21:00+00:00,28.12,33.06,0.082,UNKNOWN,0.0
2024-09-27 08:22:00+00:00,29.06,33.12,0.08,UNKNOWN,0.0
2024-09-27 08:23:00+00:00,27.5,32.37,0.082,UNKNOWN,0.0
2024-09-27 08:24:00+00:00,27.43,31.43,0.081,UNKNOWN,0.0
2024-09-27 08:25:00+00:00,28.43,35.68,0.083,UNKNOWN,0.0
2024-09-27 08:26:00+00:00,30.37,48.37,0.086,UNKNOWN,0.0
2024-09-27 08:27:00+00:00,33.68,57.68,0.087,UNKNOWN,0.0
2024-09-27 08:28:00+00:00,37.75,46.93,0.088,UNKNOWN,0.0
2024-09-27 08:29:00+00:00,40.0,45.81,0.088,UNKNOWN,0.0
2024-09-27 08:30:00+00:00,42.43,46.06,0.089,UNKNOWN,0.0
2024-09-27 08:31:00+00:00,43.75,46.12,0.088,UNKNOWN,0.0
2024-09-27 08:32:00+00:00,44.68,46.06,0.087,UNKNOWN,0.0
2024-09-27 08:33:00+00:00,45.37,46.0,0.086,UNKNOWN,0.0
2024-09-27 08:34:00+00:00,46.0,46.0,0.085,UNKNOWN,0.0
2024-09-27 08:35:00+00:00,46.43,45.93,0.085,UNKNOWN,0.0
2024-09-27 08:36:00+00:00,46.81,45.93,0.086,UNKNOWN,0.0
2024-09-27 08:37:00+00:00,46.81,45.93,0.085,UNKNOWN,0.0
2024-09-27 08:38:00+00:00,46.81,45.93,0.087,UNKNOWN,0.0
2024-09-27 08:39:00+00:00,46.81,45.93,0.086,UNKNOWN,0.0
2024-09-27 08:40:00+00:00,46.81,45.93,0.086,UNKNOWN,0.0
2024-09-27 08:41:00+00:00,46.81,45.93,0.085,UNKNOWN,0.0
2024-09-27 08:42:00+00:00,46.81,45.93,0.084,UNKNOWN,0.0
2024-09-27 08:43:00+00:00,46.81,45.93,0.084,UNKNOWN,0.0
2024-09-27 08:44:00+00:00,46.81,45.93,0.085,UNKNOWN,0.0
2024-09-27 08:45:00+00:00,46.81,45.93,0.084,UNKNOWN,0.0
2024-09-27 08:46:00+00:00,46.81,45.93,0.083,UNKNOWN,0.0
2024-09-27 08:47:00+00:00,46.81,45.93,0.083,UNKNOWN,0.0
2024-09-27 08:48:00+00:00,46.81,45.93,0.082,UNKNOWN,0.0
2024-09-27 08:49:00+00:00,37.12,30.87,0.082,UNKNOWN,0.0
2024-09-27 08:50:00+00:00,37.12,30.87,0.083,UNKNOWN,0.0
2024-09-27 08:51:00+00:00,37.12,30.87,0.083,UNKNOWN,0.0
2024-09-27 08:52:00+00:00,37.12,30.87,0.083,UNKNOWN,0.0
2024-09-27 08:53:00+00:00,37.12,30.87,0.082,UNKNOWN,0.0
2024-09-27 08:54:00+00:00,37.12,30.87,0.083,UNKNOWN,0.0
2024-09-27 08:55:00+00:00,37.12,30.87,0.084,UNKNOWN,0.0
2024-09-27 08:56:00+00:00,37.12,30.87,0.085,UNKNOWN,0.0
2024-09-27 08:57:00+00:00,37.12,30.87,0.084,UNKNOWN,0.0
2024-09-27 08:58:00+00:00,37.12,30.87,0.084,UNKNOWN,0.0
2024-09-27 08:59:00+00:00,37.12,30.87,0.083,UNKNOWN,0.0
2024-09-27 09:00:00+00:00,37.12,30.87,0.084,UNKNOWN,0.0
2024-09-27 09:01:00+00:00,37.12,30.87,0.083,UNKNOWN,0.0
2024-09-27 09:02:00+00:00,36.93,30.81,0.084,UNKNOWN,0.0
2024-09-27 09:03:00+00:00,36.87,30.56,0.084,UNKNOWN,0.0
2024-09-27 09:04:00+00:00,36.68,30.25,0.083,UNKNOWN,0.0
2024-09-27 09:05:00+00:00,36.56,30.12,0.083,UNKNOWN,0.0
2024-09-27 09:06:00+00:00,36.43,30.0,0.083,UNKNOWN,0.0
2024-09-27 09:07:00+00:00,36.25,30.25,0.084,UNKNOWN,0.0
2024-09-27 09:08:00+00:00,36.12,30.37,0.084,UNKNOWN,0.0
2024-09-27 09:09:00+00:00,35.93,29.75,0.084,UNKNOWN,0.0
2024-09-27 09:10:00+00:00,35.87,30.75,0.084,UNKNOWN,0.0
2024-09-27 09:11:00+00:00,35.68,31.06,0.084,UNKNOWN,0.0
2024-09-27 09:12:00+00:00,35.62,31.06,0.084,UNKNOWN,0.0
2024-09-27 09:13:00+00:00,35.56,31.12,0.084,UNKNOWN,0.0
2024-09-27 09:14:00+00:00,35.43,31.25,0.083,UNKNOWN,0.0
2024-09-27 09:15:00+00:00,35.31,31.31,0.083,UNKNOWN,0.0
2024-09-27 09:16:00+00:00,35.25,31.43,0.083,UNKNOWN,0.0
2024-09-27 09:17:00+00:00,35.12,31.31,0.083,UNKNOWN,0.0
2024-09-27 09:18:00+00:00,35.06,31.37,0.083,UNKNOWN,0.0
2024-09-27 09:19:00+00:00,35.0,31.31,0.083,UNKNOWN,0.0
2024-09-27 09:20:00+00:00,34.87,31.5,0.083,UNKNOWN,0.0
2024-09-27 09:21:00+00:00,34.81,31.5,0.084,UNKNOWN,0.0
2024-09-27 09:22:00+00:00,34.68,31.5,0.083,UNKNOWN,0.0
2024-09-27 09:23:00+00:00,34.56,31.56,0.084,UNKNOWN,0.0
2024-09-27 09:24:00+00:00,34.5,31.68,0.082,UNKNOWN,0.0
2024-09-27 09:25:00+00:00,34.5,31.68,0.083,UNKNOWN,0.0
2024-09-27 09:26:00+00:00,34.5,31.68,0.083,UNKNOWN,0.0
2024-09-27 09:27:00+00:00,34.5,31.68,0.082,UNKNOWN,0.0
2024-09-27 09:28:00+00:00,34.5,31.68,0.084,UNKNOWN,0.0
2024-09-27 09:29:00+00:00,34.5,31.68,0.082,UNKNOWN,0.0
2024-09-27 09:30:00+00:00,34.5,31.68,0.083,UNKNOWN,0.0
2024-09-27 09:31:00+00:00,34.5,31.68,0.083,UNKNOWN,0.0
2024-09-27 09:32:00+00:00,34.5,31.68,0.083,UNKNOWN,0.0
2024-09-27 09:33:00+00:00,34.5,31.68,0.083,UNKNOWN,0.0
2024-09-27 09:34:00+00:00,34.5,31.68,0.084,UNKNOWN,0.0
2024-09-27 09:35:00+00:00,34.5,31.68,0.083,UNKNOWN,0.0
2024-09-27 09:36:00+00:00,34.5,31.68,0.083,UNKNOWN,0.0
2024-09-27 09:37:00+00:00,34.5,31.68,0.083,UNKNOWN,0.0
2024-09-27 09:38:00+00:00,34.5,31.68,0.083,UNKNOWN,0.0
2024-09-27 09:39:00+00:00,34.5,31.68,0.083,UNKNOWN,0.0
2024-09-27 09:40:00+00:00,34.5,31.68,0.082,UNKNOWN,0.0
2024-09-27 09:41:00+00:00,34.5,31.68,0.084,UNKNOWN,0.0
2024-09-27 09:42:00+00:00,34.5,31.68,0.083,UNKNOWN,0.0
2024-09-27 09:43:00+00:00,34.5,31.68,0.083,UNKNOWN,0.0
2024-09-27 09:44:00+00:00,34.5,31.68,0.082,UNKNOWN,0.0
2024-09-27 09:45:00+00:00,34.5,31.68,0.082,UNKNOWN,0.0
2024-09-27 09:46:00+00:00,34.5,31.68,0.083,UNKNOWN,0.0
2024-09-27 09:47:00+00:00,34.5,31.68,0.082,UNKNOWN,0.0
2024-09-27 09:48:00+00:00,34.5,31.68,0.082,UNKNOWN,0.0
2024-09-27 09:49:00+00:00,34.5,31.68,0.082,UNKNOWN,0.0
2024-09-27 09:50:00+00:00,34.5,31.68,0.082,UNKNOWN,0.0
2024-09-27 09:51:00+00:00,34.5,31.68,0.082,UNKNOWN,0.0
2024-09-27 09:52:00+00:00,34.5,31.68,0.082,UNKNOWN,0.0
2024-09-27 09:53:00+00:00,34.5,31.68,0.082,UNKNOWN,0.0
2024-09-27 09:54:00+00:00,34.5,31.68,0.082,UNKNOWN,0.0
2024-09-27 09:55:00+00:00,34.5,31.68,0.082,UNKNOWN,0.0
2024-09-27 09:56:00+00:00,34.5,31.68,0.082,UNKNOWN,0.0
2024-09-27 09:57:00+00:00,34.5,31.68,0.082,UNKNOWN,0.0
2024-09-27 09:58:00+00:00,34.5,31.68,0.082,UNKNOWN,0.0
2024-09-27 09:59:00+00:00,34.5,31.68,0.082,UNKNOWN,0.0
2024-09-27 10:00:00+00:00,34.5,31.68,0.082,UNKNOWN,0.0
2024-09-27 10:01:00+00:00,34.5,31.68,0.082,UNKNOWN,0.0
2024-09-27 10:02:00+00:00,34.5,31.68,0.082,UNKNOWN,0.0
2024-09-27 10:03:00+00:00,34.5,31.68,0.082,UNKNOWN,0.0
2024-09-27 10:04:00+00:00,34.5,31.68,0.082,UNKNOWN,0.0
2024-09-27 10:05:00+00:00,34.5,31.68,0.082,UNKNOWN,0.0
2024-09-27 10:06:00+00:00,34.5,31.68,0.082,UNKNOWN,0.0
2024-09-27 10:07:00+00:00,34.5,31.68,0.082,UNKNOWN,0.0
2024-09-27 10:08:00+00:00,34.5,31.68,0.082,UNKNOWN,0.0
2024-09-27 10:09:00+00:00,34.5,31.68,0.082,UNKNOWN,0.0
2024-09-27 10:10:00+00:00,34.5,31.68,0.082,UNKNOWN,0.0
2024-09-27 10:11:00+00:00,34.5,31.68,0.082,UNKNOWN,0.0
2024-09-27 10:12:00+00:00,34.5,31.68,0.082,UNKNOWN,0.0
2024-09-27 10:13:00+00:00,34.5,31.68,0.082,UNKNOWN,0.0
2024-09-27 10:14:00+00:00,34.5,31.68,0.082,UNKNOWN,0.0
2024-09-27 10:15:00+00:00,34.5,31.68,0.082,UNKNOWN,0.0
2024-09-27 10:16:00+00:00,34.5,31.68,0.082,UNKNOWN,0.0
2024-09-27 10:17:00+00:00,34.5,31.68,0.082,UNKNOWN,0.0
2024-09-27 10:18:00+00:00,34.5,31.68,0.082,UNKNOWN,0.0
2024-09-27 10:19:00+00:00,34.5,31.68,0.082,UNKNOWN,0.0
2024-09-27 10:20:00+00:00,34.5,31.68,0.082,UNKNOWN,0.0
2024-09-27 10:21:00+00:00,34.5,31.68,0.082,UNKNOWN,0.0
2024-09-27 10:22:00+00:00,34.5,31.68,0.082,UNKNOWN,0.0
2024-09-27 10:23:00+00:00,34.5,31.68,0.082,UNKNOWN,0.0
2024-09-27 10:24:00+00:00,34.5,31.68,0.082,UNKNOWN,0.0
2024-09-27 10:25:00+00:00,34.5,31.68,0.082,UNKNOWN,0.0
2024-09-27 10:26:00+00:00,34.5,31.68,0.082,UNKNOWN,0.0
2024-09-27 10:27:00+00:00,34.5,31.68,0.082,UNKNOWN,0.0
2024-09-27 10:28:00+00:00,34.5,31.68,0.082,UNKNOWN,0.0
2024-09-27 10:29:00+00:00,34.5,31.68,0.082,UNKNOWN,0.0
2024-09-27 10:30:00+00:00,34.5,31.68,0.082,UNKNOWN,0.0
2024-09-27 10:31:00+00:00,34.5,31.68,0.082,UNKNOWN,0.0
2024-09-27 10:32:00+00:00,34.5,31.68,0.082,UNKNOWN,0.0
2024-09-27 10:33:00+00:00,34.5,31.68,0.082,UNKNOWN,0.0
2024-09-27 10:34:00+00:00,34.5,31.68,0.082,UNKNOWN,0.0
2024-09-27 10:35:00+00:00,34.5,31.68,0.082,UNKNOWN,0.0
2024-09-27 10:36:00+00:00,34.5,31.68,0.082,UNKNOWN,0.0
2024-09-27 10:37:00+00:00,34.5,31.68,0.081,UNKNOWN,0.0
2024-09-27 10:38:00+00:00,34.5,31.68,0.081,UNKNOWN,0.0
2024-09-27 10:39:00+00:00,34.5,31.68,0.081,UNKNOWN,0.0
2024-09-27 10:40:00+00:00,34.5,31.68,0.081,UNKNOWN,0.0
2024-09-27 10:41:00+00:00,34.5,31.68,0.081,UNKNOWN,0.0
2024-09-27 10:42:00+00:00,34.5,31.68,0.081,UNKNOWN,0.0
2024-09-27 10:43:00+00:00,34.5,31.68,0.081,UNKNOWN,0.0
2024-09-27 10:44:00+00:00,34.5,31.68,0.081,UNKNOWN,0.0
2024-09-27 10:45:00+00:00,34.5,31.68,0.081,UNKNOWN,0.0
2024-09-27 10:46:00+00:00,34.5,31.68,0.081,UNKNOWN,0.0
2024-09-27 10:47:00+00:00,34.5,31.68,0.081,UNKNOWN,0.0
2024-09-27 10:48:00+00:00,34.5,31.68,0.081,UNKNOWN,0.0
2024-09-27 10:49:00+00:00,34.5,31.68,0.081,UNKNOWN,0.0
2024-09-27 10:50:00+00:00,34.5,31.68,0.081,UNKNOWN,0.0
2024-09-27 10:51:00+00:00,34.5,31.68,0.081,UNKNOWN,0.0
2024-09-27 10:52:00+00:00,34.5,31.68,0.081,UNKNOWN,0.0
2024-09-27 10:53:00+00:00,34.5,31.68,0.081,UNKNOWN,0.0
2024-09-27 10:54:00+00:00,34.5,31.68,0.081,UNKNOWN,0.0
2024-09-27 10:55:00+00:00,34.5,31.68,0.081,UNKNOWN,0.0
2024-09-27 10:56:00+00:00,34.5,31.68,0.081,UNKNOWN,0.0
2024-09-27 10:57:00+00:00,34.5,31.68,0.081,UNKNOWN,0.0
2024-09-27 10:58:00+00:00,34.5,31.68,0.081,UNKNOWN,0.0
2024-09-27 10:59:00+00:00,34.5,31.68,0.081,UNKNOWN,0.0
2024-09-27 11:00:00+00:00,34.5,31.68,0.081,UNKNOWN,0.0
2024-09-27 11:01:00+00:00,34.5,31.68,0.081,UNKNOWN,0.0
2024-09-27 11:02:00+00:00,34.5,31.68,0.081,UNKNOWN,0.0
2024-09-27 11:03:00+00:00,34.5,31.68,0.081,UNKNOWN,0.0
2024-09-27 11:04:00+00:00,34.5,31.68,0.081,UNKNOWN,0.0
2024-09-27 11:05:00+00:00,34.5,31.68,0.081,UNKNOWN,0.0
2024-09-27 11:06:00+00:00,34.5,31.68,0.081,UNKNOWN,0.0
2024-09-27 11:07:00+00:00,34.5,31.68,0.081,UNKNOWN,0.0
2024-09-27 11:08:00+00:00,34.5,31.68,0.081,UNKNOWN,0.0
2024-09-27 11:09:00+00:00,34.5,31.68,0.081,UNKNOWN,0.0
2024-09-27 11:10:00+00:00,34.5,31.68,0.081,UNKNOWN,0.0
2024-09-27 11:11:00+00:00,34.5,31.68,0.081,UNKNOWN,0.0
2024-09-27 11:12:00+00:00,34.5,31.68,0.081,UNKNOWN,0.0
2024-09-27 11:13:00+00:00,34.5,31.68,0.081,UNKNOWN,0.0
2024-09-27 11:14:00+00:00,34.5,31.68,0.081,UNKNOWN,0.0
2024-09-27 11:15:00+00:00,34.5,31.68,0.081,UNKNOWN,0.0
2024-09-27 11:16:00+00:00,34.5,31.68,0.081,UNKNOWN,0.0
2024-09-27 11:17:00+00:00,34.5,31.68,0.081,UNKNOWN,0.0
2024-09-27 11:18:00+00:00,34.5,31.68,0.081,UNKNOWN,0.0
2024-09-27 11:19:00+00:00,34.5,31.68,0.081,UNKNOWN,0.0
2024-09-27 11:20:00+00:00,34.5,31.68,0.081,UNKNOWN,0.0
2024-09-27 11:21:00+00:00,34.5,31.68,0.081,UNKNOWN,0.0
2024-09-27 11:22:00+00:00,34.5,31.68,0.081,UNKNOWN,0.0
2024-09-27 11:23:00+00:00,34.5,31.68,0.081,UNKNOWN,0.0
2024-09-27 11:24:00+00:00,34.5,31.68,0.081,UNKNOWN,0.0
2024-09-27 11:25:00+00:00,34.5,31.68,0.081,UNKNOWN,0.0
2024-09-27 11:26:00+00:00,34.5,31.68,0.081,UNKNOWN,0.0
2024-09-27 11:27:00+00:00,34.5,31.68,0.081,UNKNOWN,0.0
2024-09-27 11:28:00+00:00,34.5,31.68,0.081,UNKNOWN,0.0
2024-09-27 11:29:00+00:00,34.5,31.68,0.081,UNKNOWN,0.0
2024-09-27 11:30:00+00:00,34.5,31.68,0.081,UNKNOWN,0.0
2024-09-27 11:31:00+00:00,34.5,31.68,0.081,UNKNOWN,0.0
2024-09-27 11:32:00+00:00,34.5,31.68,0.081,UNKNOWN,0.0
2024-09-27 11:33:00+00:00,34.5,31.68,0.081,UNKNOWN,0.0
2024-09-27 11:34:00+00:00,34.5,31.68,0.081,UNKNOWN,0.0
2024-09-27 11:35:00+00:00,34.5,31.68,0.081,UNKNOWN,0.0
2024-09-27 11:36:00+00:00,34.5,31.68,0.081,UNKNOWN,0.0
2024-09-27 11:37:00+00:00,34.5,31.68,0.081,UNKNOWN,0.0
2024-09-27 11:38:00+00:00,34.5,31.68,0.081,UNKNOWN,0.0
2024-09-27 11:39:00+00:00,34.5,31.68,0.081,UNKNOWN,0.0
2024-09-27 11:40:00+00:00,34.5,31.68,0.081,UNKNOWN,0.0
2024-09-27 11:41:00+00:00,34.5,31.68,0.081,UNKNOWN,0.0
2024-09-27 11:42:00+00:00,34.5,31.68,0.081,UNKNOWN,0.0
2024-09-27 11:43:00+00:00,34.5,31.68,0.081,UNKNOWN,0.0
2024-09-27 11:44:00+00:00,34.5,31.68,0.081,UNKNOWN,0.0
2024-09-27 11:45:00+00:00,34.5,31.68,0.081,UNKNOWN,0.0
2024-09-27 11:46:00+00:00,34.5,31.68,0.081,UNKNOWN,0.0
2024-09-27 11:47:00+00:00,34.5,31.68,0.081,UNKNOWN,0.0
2024-09-27 11:48:00+00:00,34.5,31.68,0.081,UNKNOWN,0.0
2024-09-27 11:49:00+00:00,34.5,31.68,0.081,UNKNOWN,0.0
2024-09-27 11:50:00+00:00,34.5,31.68,0.081,UNKNOWN,0.0
2024-09-27 11:51:00+00:00,34.5,31.68,0.081,UNKNOWN,0.0
2024-09-27 11:52:00+00:00,34.5,31.68,0.081,UNKNOWN,0.0
2024-09-27 11:53:00+00:00,34.5,31.68,0.081,UNKNOWN,0.0
2024-09-27 11:54:00+00:00,34.5,31.68,0.081,UNKNOWN,0.0
2024-09-27 11:55:00+00:00,34.5,31.68,0.081,UNKNOWN,0.0
2024-09-27 11:56:00+00:00,34.5,31.68,0.081,UNKNOWN,0.0
2024-09-27 11:57:00+00:00,34.5,31.68,0.081,UNKNOWN,0.0
2024-09-27 11:58:00+00:00,34.5,31.68,0.081,UNKNOWN,0.0
2024-09-27 11:59:00+00:00,34.5,31.68,0.081,UNKNOWN,0.0
2024-09-27 12:00:00+00:00,34.5,31.68,0.081,UNKNOWN,0.0
2024-09-27 12:01:00+00:00,34.5,31.68,0.081,UNKNOWN,0.0
2024-09-27 12:02:00+00:00,34.5,31.68,0.081,UNKNOWN,0.0
2024-09-27 12:03:00+00:00,34.5,31.68,0.081,UNKNOWN,0.0
2024-09-27 12:04:00+00:00,34.5,31.68,0.081,UNKNOWN,0.0
2024-09-27 12:05:00+00:00,34.5,31.68,0.081,UNKNOWN,0.0
2024-09-27 12:06:00+00:00,34.5,31.68,0.081,UNKNOWN,0.0
2024-09-27 12:07:00+00:00,34.5,31.68,0.081,UNKNOWN,0.0
2024-09-27 12:08:00+00:00,34.5,31.68,0.081,UNKNOWN,0.0
2024-09-27 12:09:00+00:00,34.5,31.68,0.081,UNKNOWN,0.0
2024-09-27 12:10:00+00:00,34.5,31.68,0.081,UNKNOWN,0.0
2024-09-27 12:11:00+00:00,34.5,31.68,0.081,UNKNOWN,0.0
2024-09-27 12:12:00+00:00,34.5,31.68,0.081,UNKNOWN,0.0
2024-09-27 12:13:00+00:00,34.5,31.68,0.081,UNKNOWN,0.0
2024-09-27 12:14:00+00:00,34.5,31.68,0.081,UNKNOWN,0.0
2024-09-27 12:15:00+00:00,34.5,31.68,0.081,UNKNOWN,0.0
2024-09-27 12:16:00+00:00,34.5,31.68,0.081,UNKNOWN,0.0
2024-09-27 12:17:00+00:00,34.5,31.68,0.081,UNKNOWN,0.0
2024-09-27 12:18:00+00:00,34.5,31.68,0.081,UNKNOWN,0.0
2024-09-27 12:19:00+00:00,34.5,31.68,0.081,UNKNOWN,0.0
2024-09-27 12:20:00+00:00,34.5,31.68,0.081,UNKNOWN,0.0
2024-09-27 12:21:00+00:00,34.5,31.68,0.081,UNKNOWN,0.0
2024-09-27 12:22:00+00:00,34.5,31.68,0.082,UNKNOWN,0.0
2024-09-27 12:23:00+00:00,34.5,31.68,0.082,UNKNOWN,0.0
2024-09-27 12:24:00+00:00,34.5,31.68,0.082,UNKNOWN,0.0
2024-09-27 12:25:00+00:00,34.5,31.68,0.082,UNKNOWN,0.0
2024-09-27 12:26:00+00:00,34.5,31.68,0.082,UNKNOWN,0.0
2024-09-27 12:27:00+00:00,34.5,31.68,0.082,UNKNOWN,0.0
2024-09-27 12:28:00+00:00,34.5,31.68,0.082,UNKNOWN,0.0
2024-09-27 12:29:00+00:00,34.5,31.68,0.082,UNKNOWN,0.0
2024-09-27 12:30:00+00:00,34.5,31.68,0.082,UNKNOWN,0.0
2024-09-27 12:31:00+00:00,34.5,31.68,0.082,UNKNOWN,0.0
2024-09-27 12:32:00+00:00,34.5,31.68,0.082,UNKNOWN,0.0
2024-09-27 12:33:00+00:00,34.5,31.68,0.082,UNKNOWN,0.0
2024-09-27 12:34:00+00:00,34.5,31.68,0.082,UNKNOWN,0.0
2024-09-27 12:35:00+00:00,34.5,31.68,0.082,UNKNOWN,0.0
2024-09-27 12:36:00+00:00,34.5,31.68,0.082,UNKNOWN,0.0
2024-09-27 12:37:00+00:00,24.75,24.0,0.082,UNKNOWN,0.0
2024-09-27 12:38:00+00:00,24.75,24.0,0.082,UNKNOWN,0.0
2024-09-27 12:39:00+00:00,24.75,24.0,0.082,UNKNOWN,0.0
2024-09-27 12:40:00+00:00,24.75,24.0,0.082,UNKNOWN,0.0
2024-09-27 12:41:00+00:00,24.75,24.0,0.082,UNKNOWN,0.0
2024-09-27 12:42:00+00:00,24.75,24.0,0.082,UNKNOWN,0.0
2024-09-27 12:43:00+00:00,24.75,24.0,0.082,UNKNOWN,0.0
2024-09-27 12:44:00+00:00,24.75,24.0,0.082,UNKNOWN,0.0
2024-09-27 12:45:00+00:00,24.75,24.0,0.082,UNKNOWN,0.0
2024-09-27 12:46:00+00:00,24.75,24.0,0.082,UNKNOWN,0.0
2024-09-27 12:47:00+00:00,24.75,24.0,0.082,UNKNOWN,0.0
2024-09-27 12:48:00+00:00,24.75,24.0,0.082,UNKNOWN,0.0
2024-09-27 12:49:00+00:00,24.75,24.0,0.082,UNKNOWN,0.0
2024-09-27 12:50:00+00:00,24.75,24.0,0.082,UNKNOWN,0.0
2024-09-27 12:51:00+00:00,24.75,24.0,0.082,UNKNOWN,0.0
2024-09-27 12:52:00+00:00,24.75,24.0,0.082,UNKNOWN,0.0
2024-09-27 12:53:00+00:00,24.75,24.0,0.082,UNKNOWN,0.0
2024-09-27 12:54:00+00:00,24.75,24.0,0.082,UNKNOWN,0.0
2024-09-27 12:55:00+00:00,24.75,24.0,0.082,UNKNOWN,0.0
2024-09-27 12:56:00+00:00,24.75,24.0,0.082,UNKNOWN,0.0
2024-09-27 12:57:00+00:00,24.75,24.0,0.082,UNKNOWN,0.0
2024-09-27 12:58:00+00:00,24.75,24.0,0.082,UNKNOWN,0.0
2024-09-27 12:59:00+00:00,24.75,24.0,0.082,UNKNOWN,0.0
2024-09-27 13:00:00+00:00,24.75,24.0,0.082,UNKNOWN,0.0
2024-09-27 13:01:00+00:00,24.75,24.0,0.082,UNKNOWN,0.0
2024-09-27 13:02:00+00:00,24.75,24.0,0.082,UNKNOWN,0.0
2024-09-27 13:03:00+00:00,24.75,24.0,0.082,UNKNOWN,0.0
2024-09-27 13:04:00+00:00,24.75,24.0,0.082,UNKNOWN,0.0
2024-09-27 13:05:00+00:00,24.75,24.0,0.082,UNKNOWN,0.0
2024-09-27 13:06:00+00:00,24.75,24.0,0.082,UNKNOWN,0.0
2024-09-27 13:07:00+00:00,24.75,24.0,0.082,UNKNOWN,0.0
2024-09-27 13:08:00+00:00,24.75,24.0,0.082,UNKNOWN,0.0
2024-09-27 13:09:00+00:00,24.75,24.0,0.082,UNKNOWN,0.0
2024-09-27 13:10:00+00:00,24.75,24.0,0.082,UNKNOWN,0.0
2024-09-27 13:11:00+00:00,24.75,24.0,0.082,UNKNOWN,0.0
2024-09-27 13:12:00+00:00,24.75,24.0,0.082,UNKNOWN,0.0
2024-09-27 13:13:00+00:00,24.75,24.0,0.082,UNKNOWN,0.0
2024-09-27 13:14:00+00:00,24.75,24.0,0.082,UNKNOWN,0.0
2024-09-27 13:15:00+00:00,24.75,24.0,0.082,UNKNOWN,0.0
2024-09-27 13:16:00+00:00,24.75,24.0,0.082,UNKNOWN,0.0
2024-09-27 13:17:00+00:00,24.75,24.0,0.082,UNKNOWN,0.0
2024-09-27 13:18:00+00:00,24.75,24.0,0.082,UNKNOWN,0.0
2024-09-27 13:19:00+00:00,24.75,24.0,0.082,UNKNOWN,0.0
2024-09-27 13:20:00+00:00,24.75,24.0,0.082,UNKNOWN,0.0
2024-09-27 13:21:00+00:00,24.75,24.0,0.082,UNKNOWN,0.0
2024-09-27 13:22:00+00:00,24.75,24.0,0.082,UNKNOWN,0.0
2024-09-27 13:23:00+00:00,24.75,24.0,0.082,UNKNOWN,0.0
2024-09-27 13:24:00+00:00,24.75,24.0,0.082,UNKNOWN,0.0
2024-09-27 13:25:00+00:00,24.75,24.0,0.082,UNKNOWN,0.0
2024-09-27 13:26:00+00:00,24.75,24.0,0.082,UNKNOWN,0.0
2024-09-27 13:27:00+00:00,24.75,24.0,0.082,UNKNOWN,0.0
2024-09-27 13:28:00+00:00,24.75,24.0,0.082,UNKNOWN,0.0
2024-09-27 13:29:00+00:00,24.75,24.0,0.082,UNKNOWN,0.0
2024-09-27 13:30:00+00:00,24.75,24.0,0.082,UNKNOWN,0.0
2024-09-27 13:31:00+00:00,24.75,24.0,0.082,UNKNOWN,0.0
2024-09-27 13:32:00+00:00,24.75,24.0,0.082,UNKNOWN,0.0
2024-09-27 13:33:00+00:00,24.75,24.0,0.082,UNKNOWN,0.0
2024-09-27 13:34:00+00:00,24.75,24.0,0.082,UNKNOWN,0.0
2024-09-27 13:35:00+00:00,24.75,24.0,0.082,UNKNOWN,0.0
2024-09-27 13:36:00+00:00,24.75,24.0,0.082,UNKNOWN,0.0
2024-09-27 13:37:00+00:00,24.75,24.0,0.082,UNKNOWN,0.0
2024-09-27 13:38:00+00:00,24.75,24.0,0.082,UNKNOWN,0.0
2024-09-27 13:39:00+00:00,24.75,24.0,0.082,UNKNOWN,0.0
2024-09-27 13:40:00+00:00,24.75,24.0,0.082,UNKNOWN,0.0
2024-09-27 13:41:00+00:00,24.75,24.0,0.081,UNKNOWN,0.0
2024-09-27 13:42:00+00:00,24.75,24.0,0.081,UNKNOWN,0.0
2024-09-27 13:43:00+00:00,24.75,24.0,0.081,UNKNOWN,0.0
2024-09-27 13:44:00+00:00,24.75,24.0,0.081,UNKNOWN,0.0
2024-09-27 13:45:00+00:00,24.75,24.0,0.081,UNKNOWN,0.0
2024-09-27 13:46:00+00:00,24.75,24.0,0.081,UNKNOWN,0.0
2024-09-27 13:47:00+00:00,24.75,24.0,0.081,UNKNOWN,0.0
2024-09-27 13:48:00+00:00,24.75,24.0,0.081,UNKNOWN,0.0
2024-09-27 13:49:00+00:00,24.75,24.0,0.081,UNKNOWN,0.0
2024-09-27 13:50:00+00:00,24.75,24.0,0.081,UNKNOWN,0.0
2024-09-27 13:51:00+00:00,24.75,24.0,0.081,UNKNOWN,0.0
2024-09-27 13:52:00+00:00,24.75,24.0,0.081,UNKNOWN,0.0
2024-09-27 13:53:00+00:00,24.75,24.0,0.081,UNKNOWN,0.0
2024-09-27 13:54:00+00:00,24.75,24.0,0.081,UNKNOWN,0.0
2024-09-27 13:55:00+00:00,24.75,24.0,0.081,UNKNOWN,0.0
2024-09-27 13:56:00+00:00,24.75,24.0,0.081,UNKNOWN,0.0
2024-09-27 13:57:00+00:00,24.75,24.0,0.081,UNKNOWN,0.0
2024-09-27 13:58:00+00:00,24.75,24.0,0.081,UNKNOWN,0.0
2024-09-27 13:59:00+00:00,24.75,24.0,0.081,UNKNOWN,0.0
2024-09-27 14:00:00+00:00,24.75,24.0,0.081,UNKNOWN,0.0
2024-09-27 14:01:00+00:00,24.75,24.0,0.081,UNKNOWN,0.0
2024-09-27 14:02:00+00:00,24.75,24.0,0.081,UNKNOWN,0.0
2024-09-27 14:03:00+00:00,24.75,24.0,0.081,UNKNOWN,0.0
2024-09-27 14:04:00+00:00,24.75,24.0,0.081,UNKNOWN,0.0
2024-09-27 14:05:00+00:00,24.75,24.0,0.082,UNKNOWN,0.0
2024-09-27 14:06:00+00:00,24.75,24.0,0.082,UNKNOWN,0.0
2024-09-27 14:07:00+00:00,24.75,24.0,0.082,UNKNOWN,0.0
2024-09-27 14:08:00+00:00,24.75,24.0,0.082,UNKNOWN,0.0
2024-09-27 14:09:00+00:00,24.75,24.0,0.082,UNKNOWN,0.0
2024-09-27 14:10:00+00:00,24.75,24.0,0.082,UNKNOWN,0.0
2024-09-27 14:11:00+00:00,24.75,24.0,0.082,UNKNOWN,0.0
2024-09-27 14:12:00+00:00,24.75,24.0,0.082,UNKNOWN,0.0
2024-09-27 14:13:00+00:00,24.75,24.0,0.082,UNKNOWN,0.0
2024-09-27 14:14:00+00:00,24.75,24.0,0.082,UNKNOWN,0.0
2024-09-27 14:15:00+00:00,24.75,24.0,0.082,UNKNOWN,0.0
2024-09-27 14:16:00+00:00,24.75,24.0,0.082,UNKNOWN,0.0
2024-09-27 14:17:00+00:00,24.75,24.0,0.082,UNKNOWN,0.0
2024-09-27 14:18:00+00:00,24.75,24.0,0.082,UNKNOWN,0.0
2024-09-27 14:19:00+00:00,24.75,24.0,0.082,UNKNOWN,0.0
2024-09-27 14:20:00+00:00,24.75,24.0,0.082,UNKNOWN,0.0
2024-09-27 14:21:00+00:00,24.75,24.0,0.082,UNKNOWN,0.0
2024-09-27 14:22:00+00:00,24.75,24.0,0.082,UNKNOWN,0.0
2024-09-27 14:23:00+00:00,24.75,24.0,0.082,UNKNOWN,0.0
2024-09-27 14:24:00+00:00,24.75,24.0,0.082,UNKNOWN,0.0
2024-09-27 14:25:00+00:00,24.75,24.0,0.082,UNKNOWN,0.0
2024-09-27 14:26:00+00:00,24.75,24.0,0.082,UNKNOWN,0.0
2024-09-27 14:27:00+00:00,24.75,24.0,0.082,UNKNOWN,0.0
2024-09-27 14:28:00+00:00,24.75,24.0,0.082,UNKNOWN,0.0
2024-09-27 14:29:00+00:00,24.75,24.0,0.082,UNKNOWN,0.0
2024-09-27 14:30:00+00:00,24.75,24.0,0.082,UNKNOWN,0.0
2024-09-27 14:31:00+00:00,24.75,24.0,0.082,UNKNOWN,0.0
2024-09-27 14:32:00+00:00,24.75,24.0,0.081,UNKNOWN,0.0
2024-09-27 14:33:00+00:00,24.75,24.0,0.081,UNKNOWN,0.0
2024-09-27 14:34:00+00:00,24.75,24.0,0.082,UNKNOWN,0.0
2024-09-27 14:35:00+00:00,24.75,24.0,0.082,UNKNOWN,0.0
2024-09-27 14:36:00+00:00,24.75,24.0,0.082,UNKNOWN,0.0
2024-09-27 14:37:00+00:00,24.75,24.0,0.081,UNKNOWN,0.0
2024-09-27 14:38:00+00:00,24.75,24.0,0.081,UNKNOWN,0.0
2024-09-27 14:39:00+00:00,24.75,24.0,0.081,UNKNOWN,0.0
2024-09-27 14:40:00+00:00,24.75,24.0,0.081,UNKNOWN,0.0
2024-09-27 14:41:00+00:00,24.75,24.0,0.081,UNKNOWN,0.0
2024-09-27 14:42:00+00:00,24.75,24.0,0.081,UNKNOWN,0.0
2024-09-27 14:43:00+00:00,24.75,24.0,0.081,UNKNOWN,0.0
2024-09-27 14:44:00+00:00,24.75,24.0,0.081,UNKNOWN,0.0
2024-09-27 14:45:00+00:00,24.75,24.0,0.081,UNKNOWN,0.0
2024-09-27 14:46:00+00:00,24.75,24.0,0.082,UNKNOWN,0.0
2024-09-27 14:47:00+00:00,24.75,24.0,0.082,UNKNOWN,0.0
2024-09-27 14:48:00+00:00,24.75,24.0,0.081,UNKNOWN,0.0
2024-09-27 14:49:00+00:00,24.75,24.0,0.082,UNKNOWN,0.0
2024-09-27 14:50:00+00:00,24.75,24.0,0.082,UNKNOWN,0.0
2024-09-27 14:51:00+00:00,24.75,24.0,0.081,UNKNOWN,0.0
2024-09-27 14:52:00+00:00,24.75,24.0,0.082,UNKNOWN,0.0
2024-09-27 14:53:00+00:00,24.75,24.0,0.082,UNKNOWN,0.0
2024-09-27 14:54:00+00:00,24.75,24.0,0.082,UNKNOWN,0.0
2024-09-27 14:55:00+00:00,24.75,24.0,0.082,UNKNOWN,0.0
2024-09-27 14:56:00+00:00,24.75,24.0,0.081,UNKNOWN,0.0
2024-09-27 14:57:00+00:00,24.75,24.0,0.081,UNKNOWN,0.0
2024-09-27 14:58:00+00:00,24.75,24.0,0.081,UNKNOWN,0.0
2024-09-27 14:59:00+00:00,24.75,24.0,0.081,UNKNOWN,0.0
2024-09-27 15:00:00+00:00,24.75,24.0,0.082,UNKNOWN,0.0
2024-09-27 15:01:00+00:00,24.75,24.0,0.082,UNKNOWN,0.0
2024-09-27 15:02:00+00:00,24.75,24.0,0.081,UNKNOWN,0.0
2024-09-27 15:03:00+00:00,24.75,24.0,0.082,UNKNOWN,0.0
2024-09-27 15:04:00+00:00,24.75,24.0,0.082,UNKNOWN,0.0
2024-09-27 15:05:00+00:00,24.75,24.0,0.082,UNKNOWN,0.0
2024-09-27 15:06:00+00:00,24.75,24.0,0.082,UNKNOWN,0.0
2024-09-27 15:07:00+00:00,24.75,24.0,0.082,UNKNOWN,0.0
2024-09-27 15:08:00+00:00,24.75,24.0,0.082,UNKNOWN,0.0
2024-09-27 15:09:00+00:00,24.75,24.0,0.082,UNKNOWN,0.0
2024-09-27 15:10:00+00:00,24.75,24.0,0.082,UNKNOWN,0.0
2024-09-27 15:11:00+00:00,24.75,24.0,0.082,UNKNOWN,0.0
2024-09-27 15:12:00+00:00,24.75,24.0,0.082,UNKNOWN,0.0
2024-09-27 15:13:00+00:00,24.75,24.0,0.082,UNKNOWN,0.0
2024-09-27 15:14:00+00:00,24.75,24.0,0.082,UNKNOWN,0.0
2024-09-27 15:15:00+00:00,24.75,24.0,0.082,UNKNOWN,0.0
2024-09-27 15:16:00+00:00,24.75,24.0,0.082,UNKNOWN,0.0
2024-09-27 15:17:00+00:00,24.75,24.0,0.082,UNKNOWN,0.0
2024-09-27 15:18:00+00:00,24.75,24.0,0.082,UNKNOWN,0.0
2024-09-27 15:19:00+00:00,24.75,24.0,0.082,UNKNOWN,0.0
2024-09-27 15:20:00+00:00,24.75,24.0,0.082,UNKNOWN,0.0
2024-09-27 15:21:00+00:00,24.75,24.0,0.082,UNKNOWN,0.0
2024-09-27 15:22:00+00:00,24.75,24.0,0.082,UNKNOWN,0.0
2024-09-27 15:23:00+00:00,24.75,24.0,0.082,UNKNOWN,0.0
2024-09-27 15:24:00+00:00,24.75,24.0,0.082,UNKNOWN,0.0
2024-09-27 15:25:00+00:00,24.75,24.0,0.082,UNKNOWN,0.0
2024-09-27 15:26:00+00:00,24.75,24.0,0.082,UNKNOWN,0.0
2024-09-27 15:27:00+00:00,24.75,24.0,0.082,UNKNOWN,0.0
2024-09-27 15:28:00+00:00,24.75,24.0,0.082,UNKNOWN,0.0
2024-09-27 15:29:00+00:00,24.75,24.0,0.082,UNKNOWN,0.0
2024-09-27 15:30:00+00:00,24.75,24.0,0.082,UNKNOWN,0.0
2024-09-27 15:31:00+00:00,24.75,24.0,0.082,UNKNOWN,0.0
2024-09-27 15:32:00+00:00,24.75,24.0,0.082,UNKNOWN,0.0
2024-09-27 15:33:00+00:00,24.75,24.0,0.082,UNKNOWN,0.0
2024-09-27 15:34:00+00:00,24.75,24.0,0.082,UNKNOWN,0.0
2024-09-27 15:35:00+00:00,24.75,24.0,0.082,UNKNOWN,0.0
2024-09-27 15:36:00+00:00,24.75,24.0,0.082,UNKNOWN,0.0
2024-09-27 15:37:00+00:00,24.75,24.0,0.082,UNKNOWN,0.0
2024-09-27 15:38:00+00:00,24.75,24.0,0.082,UNKNOWN,0.0
2024-09-27 15:39:00+00:00,24.75,24.0,0.082,UNKNOWN,0.0
2024-09-27 15:40:00+00:00,24.75,24.0,0.082,UNKNOWN,0.0
2024-09-27 15:41:00+00:00,24.75,24.0,0.082,UNKNOWN,0.0
2024-09-27 15:42:00+00:00,24.75,24.0,0.081,UNKNOWN,0.0
2024-09-27 15:43:00+00:00,24.75,24.0,0.081,UNKNOWN,0.0
2024-09-27 15:44:00+00:00,24.75,24.0,0.081,UNKNOWN,0.0
2024-09-27 15:45:00+00:00,24.75,24.0,0.081,UNKNOWN,0.0
2024-09-27 15:46:00+00:00,24.75,24.0,0.081,UNKNOWN,0.0
2024-09-27 15:47:00+00:00,24.75,24.0,0.082,UNKNOWN,0.0
2024-09-27 15:48:00+00:00,24.75,24.0,0.081,UNKNOWN,0.0
2024-09-27 15:49:00+00:00,24.75,24.0,0.081,UNKNOWN,0.0
2024-09-27 15:50:00+00:00,24.68,24.0,0.081,UNKNOWN,0.0
2024-09-27 15:51:00+00:00,24.75,24.0,0.081,UNKNOWN,0.0
2024-09-27 15:52:00+00:00,24.68,23.93,0.082,UNKNOWN,0.0
2024-09-27 15:53:00+00:00,24.62,24.0,0.082,UNKNOWN,0.0
2024-09-27 15:54:00+00:00,24.62,24.0,0.081,UNKNOWN,0.0
2024-09-27 15:55:00+00:00,24.68,23.93,0.081,UNKNOWN,0.0
2024-09-27 15:56:00+00:00,24.62,23.93,0.081,UNKNOWN,0.0
2024-09-27 15:57:00+00:00,24.68,24.81,0.081,UNKNOWN,0.0
2024-09-27 15:58:00+00:00,25.25,25.5,0.134,UNKNOWN,0.0
2024-09-27 15:59:00+00:00,25.62,26.0,0.206,UNKNOWN,0.0
2024-09-27 16:00:00+00:00,25.75,26.31,0.274,UNKNOWN,0.0
2024-09-27 16:01:00+00:00,25.56,26.5,0.339,UNKNOWN,0.0
2024-09-27 16:02:00+00:00,25.5,26.62,0.366,UNKNOWN,0.0
2024-09-27 16:03:00+00:00,25.5,26.75,0.395,UNKNOWN,0.0
2024-09-27 16:04:00+00:00,25.56,26.68,0.418,UNKNOWN,0.0
2024-09-27 16:05:00+00:00,25.56,26.75,0.428,UNKNOWN,0.0
2024-09-27 16:06:00+00:00,25.62,26.75,0.423,UNKNOWN,0.0
2024-09-27 16:07:00+00:00,25.68,26.75,0.429,UNKNOWN,0.0
2024-09-27 16:08:00+00:00,25.68,26.75,0.428,UNKNOWN,0.0
2024-09-27 16:09:00+00:00,25.68,26.75,0.448,UNKNOWN,0.0
2024-09-27 16:10:00+00:00,25.75,26.81,0.481,UNKNOWN,0.0
2024-09-27 16:11:00+00:00,25.81,26.81,0.511,UNKNOWN,0.0
2024-09-27 16:12:00+00:00,25.81,26.87,0.576,UNKNOWN,0.0
2024-09-27 16:13:00+00:00,25.81,27.0,0.627,UNKNOWN,0.0
2024-09-27 16:14:00+00:00,25.87,27.06,0.664,UNKNOWN,0.0
2024-09-27 16:15:00+00:00,25.87,27.18,0.687,UNKNOWN,0.0
2024-09-27 16:16:00+00:00,25.87,27.12,0.695,UNKNOWN,0.0
2024-09-27 16:17:00+00:00,25.93,27.12,0.708,UNKNOWN,0.0
2024-09-27 16:18:00+00:00,26.5,27.18,0.425,UNKNOWN,0.0
2024-09-27 16:19:00+00:00,26.75,26.81,0.538,UNKNOWN,0.0
2024-09-27 16:20:00+00:00,26.37,26.18,0.558,UNKNOWN,0.0
2024-09-27 16:21:00+00:00,25.87,25.31,0.491,UNKNOWN,0.0
2024-09-27 16:22:00+00:00,25.25,24.37,0.23,UNKNOWN,0.0
2024-09-27 16:23:00+00:00,24.18,22.93,0.459,UNKNOWN,0.0
2024-09-27 16:24:00+00:00,23.37,22.18,0.325,UNKNOWN,0.0
2024-09-27 16:25:00+00:00,22.93,21.68,0.512,UNKNOWN,0.0
2024-09-27 16:26:00+00:00,22.56,21.31,0.479,UNKNOWN,0.0
2024-09-27 16:27:00+00:00,21.93,20.87,0.46,UNKNOWN,0.0
2024-09-27 16:28:00+00:00,21.68,20.43,0.438,UNKNOWN,0.0
2024-09-27 16:29:00+00:00,21.18,19.87,0.482,UNKNOWN,0.0
2024-09-27 16:30:00+00:00,20.75,19.43,0.813,UNKNOWN,0.0
2024-09-27 16:31:00+00:00,20.25,18.93,0.824,UNKNOWN,0.0
2024-09-27 16:32:00+00:00,19.68,18.37,0.741,UNKNOWN,0.0
2024-09-27 16:33:00+00:00,19.43,18.5,0.807,UNKNOWN,0.0
2024-09-27 16:34:00+00:00,19.06,18.06,0.702,UNKNOWN,0.0
2024-09-27 16:35:00+00:00,18.93,18.75,0.771,UNKNOWN,0.0
2024-09-27 16:36:00+00:00,18.87,18.12,0.551,UNKNOWN,0.0
2024-09-27 16:37:00+00:00,18.68,18.0,0.353,UNKNOWN,0.0
2024-09-27 16:38:00+00:00,18.56,17.31,0.884,UNKNOWN,0.0
2024-09-27 16:39:00+00:00,18.06,17.43,0.519,UNKNOWN,0.0
2024-09-27 16:40:00+00:00,17.62,16.81,0.806,UNKNOWN,0.0
2024-09-27 16:41:00+00:00,17.37,16.43,0.842,UNKNOWN,0.0
2024-09-27 16:42:00+00:00,16.93,16.06,0.825,UNKNOWN,0.0
2024-09-27 16:43:00+00:00,16.56,15.43,0.991,UNKNOWN,0.0
2024-09-27 16:44:00+00:00,16.25,15.06,0.931,UNKNOWN,0.0
2024-09-27 16:45:00+00:00,15.87,14.75,0.882,UNKNOWN,0.0
2024-09-27 16:46:00+00:00,15.62,15.25,0.355,UNKNOWN,0.0
2024-09-27 16:47:00+00:00,15.5,15.0,0.938,UNKNOWN,0.0
2024-09-27 16:48:00+00:00,15.31,14.93,0.394,UNKNOWN,0.0
2024-09-27 16:49:00+00:00,15.37,15.06,0.935,UNKNOWN,0.0
2024-09-27 16:50:00+00:00,15.18,14.93,0.7,UNKNOWN,0.0
2024-09-27 16:51:00+00:00,15.06,15.0,0.752,UNKNOWN,0.0
2024-09-27 16:52:00+00:00,15.0,14.43,0.431,UNKNOWN,0.0
2024-09-27 16:53:00+00:00,14.87,14.0,0.798,UNKNOWN,0.0
2024-09-27 16:54:00+00:00,14.43,13.87,0.781,UNKNOWN,0.0
2024-09-27 16:55:00+00:00,14.37,13.62,0.804,UNKNOWN,0.0
2024-09-27 16:56:00+00:00,14.25,13.12,0.766,UNKNOWN,0.0
2024-09-27 16:57:00+00:00,13.87,13.31,0.968,UNKNOWN,0.0
2024-09-27 16:58:00+00:00,13.93,13.56,0.852,UNKNOWN,0.0
2024-09-27 16:59:00+00:00,13.81,12.93,0.828,UNKNOWN,0.0
2024-09-27 17:00:00+00:00,13.87,13.0,0.942,UNKNOWN,0.0
2024-09-27 17:01:00+00:00,13.68,13.25,1.05,UNKNOWN,0.0
2024-09-27 17:02:00+00:00,13.62,13.37,0.705,UNKNOWN,0.0
2024-09-27 17:03:00+00:00,13.62,13.37,0.901,UNKNOWN,0.0
2024-09-27 17:04:00+00:00,13.43,13.25,0.557,UNKNOWN,0.0
2024-09-27 17:05:00+00:00,13.31,13.0,0.293,UNKNOWN,0.0
2024-09-27 17:06:00+00:00,13.06,12.81,0.943,UNKNOWN,0.0
2024-09-27 17:07:00+00:00,12.93,12.75,0.975,UNKNOWN,0.0
2024-09-27 17:08:00+00:00,12.87,12.56,1.018,UNKNOWN,0.0
2024-09-27 17:09:00+00:00,12.93,12.37,0.956,UNKNOWN,0.0
2024-09-27 17:10:00+00:00,12.75,12.31,0.997,UNKNOWN,0.0
2024-09-27 17:11:00+00:00,12.68,12.56,0.803,UNKNOWN,0.0
2024-09-27 17:12:00+00:00,12.62,12.75,0.869,UNKNOWN,0.0
2024-09-27 17:13:00+00:00,12.68,12.62,0.787,UNKNOWN,0.0
2024-09-27 17:14:00+00:00,12.68,12.56,0.897,UNKNOWN,0.0
2024-09-27 17:15:00+00:00,12.56,12.43,1.003,UNKNOWN,0.0
2024-09-27 17:16:00+00:00,12.5,12.37,1.027,UNKNOWN,0.0
2024-09-27 17:17:00+00:00,12.37,12.12,0.964,UNKNOWN,0.0
2024-09-27 17:18:00+00:00,12.06,11.93,0.926,UNKNOWN,0.0
2024-09-27 17:19:00+00:00,12.12,11.81,1.011,UNKNOWN,0.0
2024-09-27 17:20:00+00:00,11.93,11.62,1.022,UNKNOWN,0.0
2024-09-27 17:21:00+00:00,12.06,11.62,0.964,UNKNOWN,0.0
2024-09-27 17:22:00+00:00,11.87,11.43,0.927,UNKNOWN,0.0
2024-09-27 17:23:00+00:00,11.62,11.18,0.989,UNKNOWN,0.0
2024-09-27 17:24:00+00:00,11.62,11.0,1.041,UNKNOWN,0.0
2024-09-27 17:25:00+00:00,11.31,10.81,0.47,UNKNOWN,0.0
2024-09-27 17:26:00+00:00,11.12,10.5,0.696,UNKNOWN,0.0
2024-09-27 17:27:00+00:00,10.87,10.31,0.785,UNKNOWN,0.0
2024-09-27 17:28:00+00:00,10.62,10.06,1.024,UNKNOWN,0.0
2024-09-27 17:29:00+00:00,10.43,9.81,0.705,UNKNOWN,0.0
2024-09-27 17:30:00+00:00,10.37,9.56,0.771,UNKNOWN,0.0
2024-09-27 17:31:00+00:00,10.18,9.31,0.894,UNKNOWN,0.0
2024-09-27 17:32:00+00:00,10.0,9.12,0.629,UNKNOWN,0.0
2024-09-27 17:33:00+00:00,9.56,8.93,0.976,UNKNOWN,0.0
2024-09-27 17:34:00+00:00,9.37,8.75,0.404,UNKNOWN,0.0
2024-09-27 17:35:00+00:00,9.18,8.43,0.668,UNKNOWN,0.0
2024-09-27 17:36:00+00:00,8.93,8.25,0.857,UNKNOWN,0.0
2024-09-27 17:37:00+00:00,8.75,8.0,0.876,UNKNOWN,0.0
2024-09-27 17:38:00+00:00,8.5,7.75,0.797,UNKNOWN,0.0
2024-09-27 17:39:00+00:00,8.12,7.56,1.081,UNKNOWN,0.0
2024-09-27 17:40:00+00:00,8.12,7.31,0.991,UNKNOWN,0.0
2024-09-27 17:41:00+00:00,7.75,7.12,0.931,UNKNOWN,0.0
2024-09-27 17:42:00+00:00,7.75,6.87,0.656,UNKNOWN,0.0
2024-09-27 17:43:00+00:00,7.37,6.62,0.893,UNKNOWN,0.0
2024-09-27 17:44:00+00:00,7.06,6.37,0.573,UNKNOWN,0.0
2024-09-27 17:45:00+00:00,6.75,6.18,0.754,UNKNOWN,0.0
2024-09-27 17:46:00+00:00,6.56,5.93,0.666,UNKNOWN,0.0
2024-09-27 17:47:00+00:00,6.43,5.81,0.515,UNKNOWN,0.0
2024-09-27 17:48:00+00:00,6.12,5.56,0.983,UNKNOWN,0.0
2024-09-27 17:49:00+00:00,6.06,5.37,0.859,UNKNOWN,0.0
2024-09-27 17:50:00+00:00,5.81,5.18,0.716,UNKNOWN,0.0
2024-09-27 17:51:00+00:00,5.62,5.0,1.006,UNKNOWN,0.0
2024-09-27 17:52:00+00:00,5.75,5.0,1.041,UNKNOWN,0.0
2024-09-27 17:53:00+00:00,5.87,5.0,1.01,UNKNOWN,0.0
2024-09-27 17:54:00+00:00,5.87,4.93,1.012,UNKNOWN,0.0
2024-09-27 17:55:00+00:00,5.93,4.93,1.016,UNKNOWN,0.0
2024-09-27 17:56:00+00:00,5.93,5.0,1.017,UNKNOWN,0.0
2024-09-27 17:57:00+00:00,6.06,5.0,1.016,UNKNOWN,0.0
2024-09-27 17:58:00+00:00,6.06,5.0,1.016,UNKNOWN,0.0
2024-09-27 17:59:00+00:00,6.18,5.06,1.016,UNKNOWN,0.0
2024-09-27 18:00:00+00:00,6.25,5.0,1.016,UNKNOWN,0.0
2024-09-27 18:01:00+00:00,6.25,5.0,1.016,UNKNOWN,0.0
2024-09-27 18:02:00+00:00,6.43,5.0,1.016,UNKNOWN,0.0
2024-09-27 18:03:00+00:00,6.37,4.93,1.016,UNKNOWN,0.0
2024-09-27 18:04:00+00:00,6.43,4.93,1.016,UNKNOWN,0.0
2024-09-27 18:05:00+00:00,5.87,4.87,0.859,UNKNOWN,0.0
2024-09-27 18:06:00+00:00,5.5,4.75,1.007,UNKNOWN,0.0
2024-09-27 18:07:00+00:00,5.62,4.62,1.019,UNKNOWN,0.0
2024-09-27 18:08:00+00:00,5.75,4.68,1.025,UNKNOWN,0.0
2024-09-27 18:09:00+00:00,5.81,4.68,1.018,UNKNOWN,0.0
2024-09-27 18:10:00+00:00,5.87,4.62,1.014,UNKNOWN,0.0
2024-09-27 18:11:00+00:00,5.87,4.68,1.016,UNKNOWN,0.0
2024-09-27 18:12:00+00:00,6.06,4.68,1.015,UNKNOWN,0.0
2024-09-27 18:13:00+00:00,6.06,4.68,1.016,UNKNOWN,0.0
2024-09-27 18:14:00+00:00,6.12,4.75,1.016,UNKNOWN,0.0
2024-09-27 18:15:00+00:00,6.12,4.68,1.016,UNKNOWN,0.0
2024-09-27 18:16:00+00:00,6.31,4.68,1.016,UNKNOWN,0.0
2024-09-27 18:17:00+00:00,6.31,4.68,1.016,UNKNOWN,0.0
2024-09-27 18:18:00+00:00,6.37,4.68,1.015,UNKNOWN,0.0
2024-09-27 18:19:00+00:00,6.43,4.62,1.016,UNKNOWN,0.0
2024-09-27 18:20:00+00:00,6.25,4.62,0.885,UNKNOWN,0.0
2024-09-27 18:21:00+00:00,5.62,4.5,0.905,UNKNOWN,0.0
2024-09-27 18:22:00+00:00,5.43,4.43,1.038,UNKNOWN,0.0
2024-09-27 18:23:00+00:00,5.75,4.5,1.02,UNKNOWN,0.0
2024-09-27 18:24:00+00:00,5.81,4.5,1.015,UNKNOWN,0.0
2024-09-27 18:25:00+00:00,5.87,4.43,1.013,UNKNOWN,0.0
2024-09-27 18:26:00+00:00,5.93,4.43,1.016,UNKNOWN,0.0
2024-09-27 18:27:00+00:00,6.0,4.43,1.014,UNKNOWN,0.0
2024-09-27 18:28:00+00:00,6.06,4.5,1.015,UNKNOWN,0.0
2024-09-27 18:29:00+00:00,6.06,4.43,1.015,UNKNOWN,0.0
2024-09-27 18:30:00+00:00,6.18,4.5,1.015,UNKNOWN,0.0
2024-09-27 18:31:00+00:00,6.18,4.5,1.015,UNKNOWN,0.0
2024-09-27 18:32:00+00:00,6.31,4.5,1.015,UNKNOWN,0.0
2024-09-27 18:33:00+00:00,6.37,4.5,1.015,UNKNOWN,0.0
2024-09-27 18:34:00+00:00,6.43,4.5,1.015,UNKNOWN,0.0
2024-09-27 18:35:00+00:00,5.93,4.43,0.968,UNKNOWN,0.0
2024-09-27 18:36:00+00:00,5.62,4.37,0.739,UNKNOWN,0.0
2024-09-27 18:37:00+00:00,5.56,4.37,0.986,UNKNOWN,0.0
2024-09-27 18:38:00+00:00,5.75,4.31,1.013,UNKNOWN,0.0
2024-09-27 18:39:00+00:00,5.75,4.37,1.015,UNKNOWN,0.0
2024-09-27 18:40:00+00:00,5.81,4.37,1.016,UNKNOWN,0.0
2024-09-27 18:41:00+00:00,5.87,4.37,1.014,UNKNOWN,0.0
2024-09-27 18:42:00+00:00,5.87,4.37,1.015,UNKNOWN,0.0
2024-09-27 18:43:00+00:00,6.0,4.37,1.016,UNKNOWN,0.0
2024-09-27 18:44:00+00:00,6.06,4.43,1.015,UNKNOWN,0.0
2024-09-27 18:45:00+00:00,6.06,4.31,1.015,UNKNOWN,0.0
2024-09-27 18:46:00+00:00,6.18,4.37,1.016,UNKNOWN,0.0
2024-09-27 18:47:00+00:00,6.18,4.37,1.016,UNKNOWN,0.0
2024-09-27 18:48:00+00:00,6.25,4.43,1.016,UNKNOWN,0.0
2024-09-27 18:49:00+00:00,6.31,4.37,1.015,UNKNOWN,0.0
2024-09-27 18:50:00+00:00,5.93,4.37,1.028,UNKNOWN,0.0
2024-09-27 18:51:00+00:00,5.81,4.31,0.943,UNKNOWN,0.0
2024-09-27 18:52:00+00:00,5.5,4.31,0.828,UNKNOWN,0.0
2024-09-27 18:53:00+00:00,5.68,4.31,1.017,UNKNOWN,0.0
2024-09-27 18:54:00+00:00,5.75,4.31,1.015,UNKNOWN,0.0
2024-09-27 18:55:00+00:00,5.75,4.31,1.015,UNKNOWN,0.0
2024-09-27 18:56:00+00:00,5.75,4.31,1.015,UNKNOWN,0.0
2024-09-27 18:57:00+00:00,5.87,4.31,1.016,UNKNOWN,0.0
2024-09-27 18:58:00+00:00,5.87,4.31,1.016,UNKNOWN,0.0
2024-09-27 18:59:00+00:00,6.0,4.31,1.016,UNKNOWN,0.0
2024-09-27 19:00:00+00:00,6.0,4.31,1.015,UNKNOWN,0.0
2024-09-27 19:01:00+00:00,6.0,4.37,1.015,UNKNOWN,0.0
2024-09-27 19:02:00+00:00,6.06,4.37,1.015,UNKNOWN,0.0
2024-09-27 19:03:00+00:00,6.18,4.37,1.016,UNKNOWN,0.0
2024-09-27 19:04:00+00:00,6.25,4.37,1.016,UNKNOWN,0.0
2024-09-27 19:05:00+00:00,5.81,4.31,0.654,UNKNOWN,0.0
2024-09-27 19:06:00+00:00,5.37,4.31,1.005,UNKNOWN,0.0
2024-09-27 19:07:00+00:00,5.31,4.31,0.959,UNKNOWN,0.0
2024-09-27 19:08:00+00:00,5.5,4.25,1.023,UNKNOWN,0.0
2024-09-27 19:09:00+00:00,5.5,4.31,1.016,UNKNOWN,0.0
2024-09-27 19:10:00+00:00,5.56,4.31,1.016,UNKNOWN,0.0
2024-09-27 19:11:00+00:00,5.62,4.31,1.016,UNKNOWN,0.0
2024-09-27 19:12:00+00:00,5.75,4.37,1.016,UNKNOWN,0.0
2024-09-27 19:13:00+00:00,5.68,4.31,1.016,UNKNOWN,0.0
2024-09-27 19:14:00+00:00,5.81,4.31,1.016,UNKNOWN,0.0
2024-09-27 19:15:00+00:00,5.87,4.31,1.015,UNKNOWN,0.0
2024-09-27 19:16:00+00:00,5.93,4.25,1.016,UNKNOWN,0.0
2024-09-27 19:17:00+00:00,6.0,4.31,1.016,UNKNOWN,0.0
2024-09-27 19:18:00+00:00,6.0,4.25,1.016,UNKNOWN,0.0
2024-09-27 19:19:00+00:00,6.06,4.31,1.016,UNKNOWN,0.0
2024-09-27 19:20:00+00:00,5.87,4.31,0.832,UNKNOWN,0.0
2024-09-27 19:21:00+00:00,5.75,4.25,0.967,UNKNOWN,0.0
2024-09-27 19:22:00+00:00,5.5,4.25,1.001,UNKNOWN,0.0
2024-09-27 19:23:00+00:00,5.56,4.25,1.022,UNKNOWN,0.0
2024-09-27 19:24:00+00:00,5.68,4.25,1.012,UNKNOWN,0.0
2024-09-27 19:25:00+00:00,5.75,4.31,1.016,UNKNOWN,0.0
2024-09-27 19:26:00+00:00,5.81,4.25,1.016,UNKNOWN,0.0
2024-09-27 19:27:00+00:00,5.81,4.25,1.016,UNKNOWN,0.0
2024-09-27 19:28:00+00:00,5.81,4.25,1.016,UNKNOWN,0.0
2024-09-27 19:29:00+00:00,5.87,4.25,1.016,UNKNOWN,0.0
2024-09-27 19:30:00+00:00,5.93,4.25,1.015,UNKNOWN,0.0
2024-09-27 19:31:00+00:00,5.93,4.31,1.015,UNKNOWN,0.0
2024-09-27 19:32:00+00:00,6.06,4.31,1.016,UNKNOWN,0.0
2024-09-27 19:33:00+00:00,6.06,4.31,1.015,UNKNOWN,0.0
2024-09-27 19:34:00+00:00,6.18,4.31,1.016,UNKNOWN,0.0
2024-09-27 19:35:00+00:00,5.81,4.31,0.993,UNKNOWN,0.0
2024-09-27 19:36:00+00:00,5.62,4.25,0.887,UNKNOWN,0.0
2024-09-27 19:37:00+00:00,5.37,4.25,0.997,UNKNOWN,0.0
2024-09-27 19:38:00+00:00,5.56,4.31,1.014,UNKNOWN,0.0
2024-09-27 19:39:00+00:00,5.62,4.31,1.017,UNKNOWN,0.0
2024-09-27 19:40:00+00:00,5.62,4.31,1.015,UNKNOWN,0.0
2024-09-27 19:41:00+00:00,5.68,4.31,1.016,UNKNOWN,0.0
2024-09-27 19:42:00+00:00,5.75,4.25,1.016,UNKNOWN,0.0
2024-09-27 19:43:00+00:00,5.81,4.25,1.015,UNKNOWN,0.0
2024-09-27 19:44:00+00:00,5.87,4.31,1.016,UNKNOWN,0.0
2024-09-27 19:45:00+00:00,5.87,4.31,1.016,UNKNOWN,0.0
2024-09-27 19:46:00+00:00,5.93,4.31,1.015,UNKNOWN,0.0
2024-09-27 19:47:00+00:00,6.0,4.31,1.016,UNKNOWN,0.0
2024-09-27 19:48:00+00:00,6.06,4.31,1.016,UNKNOWN,0.0
2024-09-27 19:49:00+00:00,6.12,4.31,1.015,UNKNOWN,0.0
2024-09-27 19:50:00+00:00,6.06,4.31,0.963,UNKNOWN,0.0
2024-09-27 19:51:00+00:00,5.62,4.31,0.939,UNKNOWN,0.0
2024-09-27 19:52:00+00:00,5.43,4.25,0.964,UNKNOWN,0.0
2024-09-27 19:53:00+00:00,5.62,4.25,1.016,UNKNOWN,0.0
2024-09-27 19:54:00+00:00,5.68,4.31,1.013,UNKNOWN,0.0
2024-09-27 19:55:00+00:00,5.68,4.31,1.016,UNKNOWN,0.0
2024-09-27 19:56:00+00:00,5.75,4.31,1.016,UNKNOWN,0.0
2024-09-27 19:57:00+00:00,5.81,4.31,1.016,UNKNOWN,0.0
2024-09-27 19:58:00+00:00,5.87,4.31,1.016,UNKNOWN,0.0
2024-09-27 19:59:00+00:00,5.87,4.31,1.015,UNKNOWN,0.0
2024-09-27 20:00:00+00:00,5.93,4.25,1.016,UNKNOWN,0.0
2024-09-27 20:01:00+00:00,6.0,4.31,1.016,UNKNOWN,0.0
2024-09-27 20:02:00+00:00,6.06,4.31,1.016,UNKNOWN,0.0
2024-09-27 20:03:00+00:00,6.12,4.37,1.016,UNKNOWN,0.0
2024-09-27 20:04:00+00:00,6.12,4.31,1.015,UNKNOWN,0.0
2024-09-27 20:05:00+00:00,5.81,4.37,0.827,UNKNOWN,0.0
2024-09-27 20:06:00+00:00,5.62,4.31,0.843,UNKNOWN,0.0
2024-09-27 20:07:00+00:00,5.37,4.25,1.035,UNKNOWN,0.0
2024-09-27 20:08:00+00:00,5.56,4.25,1.012,UNKNOWN,0.0
2024-09-27 20:09:00+00:00,5.62,4.31,1.016,UNKNOWN,0.0
2024-09-27 20:10:00+00:00,5.68,4.31,1.016,UNKNOWN,0.0
2024-09-27 20:11:00+00:00,5.68,4.31,1.016,UNKNOWN,0.0
2024-09-27 20:12:00+00:00,5.75,4.31,1.016,UNKNOWN,0.0
2024-09-27 20:13:00+00:00,5.75,4.31,1.016,UNKNOWN,0.0
2024-09-27 20:14:00+00:00,5.87,4.31,1.016,UNKNOWN,0.0
2024-09-27 20:15:00+00:00,6.0,4.37,1.016,UNKNOWN,0.0
2024-09-27 20:16:00+00:00,5.93,4.31,1.016,UNKNOWN,0.0
2024-09-27 20:17:00+00:00,5.93,4.37,1.016,UNKNOWN,0.0
2024-09-27 20:18:00+00:00,6.06,4.31,1.016,UNKNOWN,0.0
2024-09-27 20:19:00+00:00,6.12,4.37,1.015,UNKNOWN,0.0
2024-09-27 20:20:00+00:00,5.87,4.31,0.396,UNKNOWN,0.0
2024-09-27 20:21:00+00:00,5.37,4.31,0.896,UNKNOWN,0.0
2024-09-27 20:22:00+00:00,5.5,4.31,1.038,UNKNOWN,0.0
2024-09-27 20:23:00+00:00,5.62,4.37,1.032,UNKNOWN,0.0
2024-09-27 20:24:00+00:00,5.68,4.37,1.015,UNKNOWN,0.0
2024-09-27 20:25:00+00:00,5.62,4.31,1.015,UNKNOWN,0.0
2024-09-27 20:26:00+00:00,5.75,4.31,1.015,UNKNOWN,0.0
2024-09-27 20:27:00+00:00,5.75,4.37,1.015,UNKNOWN,0.0
2024-09-27 20:28:00+00:00,5.81,4.37,1.014,UNKNOWN,0.0
2024-09-27 20:29:00+00:00,5.87,4.31,1.015,UNKNOWN,0.0
2024-09-27 20:30:00+00:00,5.87,4.37,1.016,UNKNOWN,0.0
2024-09-27 20:31:00+00:00,6.0,4.37,1.015,UNKNOWN,0.0
2024-09-27 20:32:00+00:00,6.0,4.37,1.016,UNKNOWN,0.0
2024-09-27 20:33:00+00:00,6.12,4.37,1.016,UNKNOWN,0.0
2024-09-27 20:34:00+00:00,6.18,4.37,1.015,UNKNOWN,0.0
2024-09-27 20:35:00+00:00,6.0,4.31,0.818,UNKNOWN,0.0
2024-09-27 20:36:00+00:00,5.75,4.43,0.858,UNKNOWN,0.0
2024-09-27 20:37:00+00:00,5.43,4.37,1.007,UNKNOWN,0.0
2024-09-27 20:38:00+00:00,5.62,4.37,1.022,UNKNOWN,0.0
2024-09-27 20:39:00+00:00,5.68,4.37,1.015,UNKNOWN,0.0
2024-09-27 20:40:00+00:00,5.68,4.37,1.016,UNKNOWN,0.0
2024-09-27 20:41:00+00:00,5.68,4.37,1.015,UNKNOWN,0.0
2024-09-27 20:42:00+00:00,5.81,4.37,1.015,UNKNOWN,0.0
2024-09-27 20:43:00+00:00,5.81,4.37,1.015,UNKNOWN,0.0
2024-09-27 20:44:00+00:00,5.87,4.37,1.015,UNKNOWN,0.0
2024-09-27 20:45:00+00:00,5.93,4.37,1.015,UNKNOWN,0.0
2024-09-27 20:46:00+00:00,6.0,4.37,1.015,UNKNOWN,0.0
2024-09-27 20:47:00+00:00,6.06,4.37,1.016,UNKNOWN,0.0
2024-09-27 20:48:00+00:00,6.06,4.37,1.015,UNKNOWN,0.0
2024-09-27 20:49:00+00:00,6.12,4.37,1.014,UNKNOWN,0.0
2024-09-27 20:50:00+00:00,6.0,4.37,1.0,UNKNOWN,0.0
2024-09-27 20:51:00+00:00,5.5,4.37,0.715,UNKNOWN,0.0
2024-09-27 20:52:00+00:00,5.62,4.37,1.007,UNKNOWN,0.0
2024-09-27 20:53:00+00:00,5.68,4.37,1.009,UNKNOWN,0.0
2024-09-27 20:54:00+00:00,5.75,4.43,1.01,UNKNOWN,0.0
2024-09-27 20:55:00+00:00,5.68,4.37,1.016,UNKNOWN,0.0
2024-09-27 20:56:00+00:00,5.81,4.43,1.015,UNKNOWN,0.0
2024-09-27 20:57:00+00:00,5.81,4.37,1.016,UNKNOWN,0.0
2024-09-27 20:58:00+00:00,5.87,4.43,1.016,UNKNOWN,0.0
2024-09-27 20:59:00+00:00,5.87,4.37,1.016,UNKNOWN,0.0
2024-09-27 21:00:00+00:00,5.93,4.37,1.016,UNKNOWN,0.0
2024-09-27 21:01:00+00:00,6.0,4.37,1.016,UNKNOWN,0.0
2024-09-27 21:02:00+00:00,6.0,4.43,1.016,UNKNOWN,0.0
2024-09-27 21:03:00+00:00,6.06,4.37,1.016,UNKNOWN,0.0
2024-09-27 21:04:00+00:00,6.12,4.43,1.016,UNKNOWN,0.0
2024-09-27 21:05:00+00:00,6.12,4.37,0.44,UNKNOWN,0.0
2024-09-27 21:06:00+00:00,5.56,4.37,0.986,UNKNOWN,0.0
2024-09-27 21:07:00+00:00,5.5,4.37,1.002,UNKNOWN,0.0
2024-09-27 21:08:00+00:00,5.31,4.31,0.9,UNKNOWN,0.0
2024-09-27 21:09:00+00:00,5.31,4.12,0.652,UNKNOWN,0.0
2024-09-27 21:10:00+00:00,5.06,4.0,0.929,UNKNOWN,0.0
2024-09-27 21:11:00+00:00,4.87,3.93,0.997,UNKNOWN,0.0
2024-09-27 21:12:00+00:00,5.0,3.93,1.003,UNKNOWN,0.0
2024-09-27 21:13:00+00:00,5.0,3.87,1.022,UNKNOWN,0.0
2024-09-27 21:14:00+00:00,5.06,3.87,1.016,UNKNOWN,0.0
2024-09-27 21:15:00+00:00,5.06,3.93,1.015,UNKNOWN,0.0
2024-09-27 21:16:00+00:00,5.06,3.93,1.016,UNKNOWN,0.0
2024-09-27 21:17:00+00:00,5.12,3.87,1.016,UNKNOWN,0.0
2024-09-27 21:18:00+00:00,5.18,3.93,1.015,UNKNOWN,0.0
2024-09-27 21:19:00+00:00,5.18,3.93,1.015,UNKNOWN,0.0
2024-09-27 21:20:00+00:00,5.12,3.87,1.016,UNKNOWN,0.0
2024-09-27 21:21:00+00:00,5.25,3.87,1.016,UNKNOWN,0.0
2024-09-27 21:22:00+00:00,5.31,3.87,1.016,UNKNOWN,0.0
2024-09-27 21:23:00+00:00,5.31,3.93,1.015,UNKNOWN,0.0
2024-09-27 21:24:00+00:00,5.37,3.93,0.436,UNKNOWN,0.0
2024-09-27 21:25:00+00:00,5.06,3.87,0.647,UNKNOWN,0.0
2024-09-27 21:26:00+00:00,4.93,3.87,1.008,UNKNOWN,0.0
2024-09-27 21:27:00+00:00,4.93,3.87,1.07,UNKNOWN,0.0
2024-09-27 21:28:00+00:00,5.0,3.87,1.02,UNKNOWN,0.0
2024-09-27 21:29:00+00:00,5.0,3.87,1.016,UNKNOWN,0.0
2024-09-27 21:30:00+00:00,5.12,3.87,1.014,UNKNOWN,0.0
2024-09-27 21:31:00+00:00,5.12,3.87,1.016,UNKNOWN,0.0
2024-09-27 21:32:00+00:00,5.12,3.87,1.015,UNKNOWN,0.0
2024-09-27 21:33:00+00:00,5.18,3.87,1.015,UNKNOWN,0.0
2024-09-27 21:34:00+00:00,5.25,3.87,1.016,UNKNOWN,0.0
2024-09-27 21:35:00+00:00,5.25,3.87,1.016,UNKNOWN,0.0
2024-09-27 21:36:00+00:00,5.31,3.87,1.016,UNKNOWN,0.0
2024-09-27 21:37:00+00:00,5.37,3.87,1.016,UNKNOWN,0.0
2024-09-27 21:38:00+00:00,5.43,3.87,1.014,UNKNOWN,0.0
2024-09-27 21:39:00+00:00,5.5,3.93,1.0,UNKNOWN,0.0
2024-09-27 21:40:00+00:00,5.18,3.87,0.999,UNKNOWN,0.0
2024-09-27 21:41:00+00:00,4.81,3.81,0.925,UNKNOWN,0.0
2024-09-27 21:42:00+00:00,5.0,3.87,1.033,UNKNOWN,0.0
2024-09-27 21:43:00+00:00,5.06,3.87,1.016,UNKNOWN,0.0
2024-09-27 21:44:00+00:00,5.12,3.87,1.016,UNKNOWN,0.0
2024-09-27 21:45:00+00:00,5.06,3.87,1.016,UNKNOWN,0.0
2024-09-27 21:46:00+00:00,5.12,3.87,1.016,UNKNOWN,0.0
2024-09-27 21:47:00+00:00,5.18,3.87,1.016,UNKNOWN,0.0
2024-09-27 21:48:00+00:00,5.25,3.87,1.016,UNKNOWN,0.0
2024-09-27 21:49:00+00:00,5.25,3.87,1.016,UNKNOWN,0.0
2024-09-27 21:50:00+00:00,5.31,3.87,1.016,UNKNOWN,0.0
2024-09-27 21:51:00+00:00,5.31,3.87,1.016,UNKNOWN,0.0
2024-09-27 21:52:00+00:00,5.43,3.93,1.016,UNKNOWN,0.0
2024-09-27 21:53:00+00:00,5.37,3.81,1.016,UNKNOWN,0.0
2024-09-27 21:54:00+00:00,5.5,3.87,0.675,UNKNOWN,0.0
2024-09-27 21:55:00+00:00,5.06,3.87,0.909,UNKNOWN,0.0
2024-09-27 21:56:00+00:00,4.93,3.87,0.914,UNKNOWN,0.0
2024-09-27 21:57:00+00:00,5.0,3.93,1.016,UNKNOWN,0.0
2024-09-27 21:58:00+00:00,5.0,3.93,1.022,UNKNOWN,0.0
2024-09-27 21:59:00+00:00,5.06,3.87,1.014,UNKNOWN,0.0
2024-09-27 22:00:00+00:00,5.06,3.87,1.016,UNKNOWN,0.0
2024-09-27 22:01:00+00:00,5.12,3.93,1.015,UNKNOWN,0.0
2024-09-27 22:02:00+00:00,5.18,3.93,1.016,UNKNOWN,0.0
2024-09-27 22:03:00+00:00,5.18,3.87,1.015,UNKNOWN,0.0
2024-09-27 22:04:00+00:00,5.25,3.87,1.016,UNKNOWN,0.0
2024-09-27 22:05:00+00:00,5.25,3.93,1.016,UNKNOWN,0.0
2024-09-27 22:06:00+00:00,5.37,3.93,1.016,UNKNOWN,0.0
2024-09-27 22:07:00+00:00,5.37,3.93,1.016,UNKNOWN,0.0
2024-09-27 22:08:00+00:00,5.43,3.93,1.016,UNKNOWN,0.0
2024-09-27 22:09:00+00:00,5.5,3.93,1.009,UNKNOWN,0.0
2024-09-27 22:10:00+00:00,5.31,3.93,0.732,UNKNOWN,0.0
2024-09-27 22:11:00+00:00,5.06,3.93,0.926,UNKNOWN,0.0
2024-09-27 22:12:00+00:00,5.06,3.93,1.014,UNKNOWN,0.0
2024-09-27 22:13:00+00:00,5.12,3.93,1.024,UNKNOWN,0.0
2024-09-27 22:14:00+00:00,5.18,3.87,1.012,UNKNOWN,0.0
2024-09-27 22:15:00+00:00,5.18,3.93,1.017,UNKNOWN,0.0
2024-09-27 22:16:00+00:00,5.25,3.93,1.015,UNKNOWN,0.0
2024-09-27 22:17:00+00:00,5.25,3.93,1.016,UNKNOWN,0.0
2024-09-27 22:18:00+00:00,5.37,3.93,1.016,UNKNOWN,0.0
2024-09-27 22:19:00+00:00,5.37,3.93,1.015,UNKNOWN,0.0
2024-09-27 22:20:00+00:00,5.37,3.93,1.015,UNKNOWN,0.0
2024-09-27 22:21:00+00:00,5.43,3.93,1.015,UNKNOWN,0.0
2024-09-27 22:22:00+00:00,5.5,4.0,1.015,UNKNOWN,0.0
2024-09-27 22:23:00+00:00,5.56,3.93,1.016,UNKNOWN,0.0
2024-09-27 22:24:00+00:00,5.37,4.0,0.907,UNKNOWN,0.0
2024-09-27 22:25:00+00:00,5.06,4.0,1.067,UNKNOWN,0.0
2024-09-27 22:26:00+00:00,5.12,3.93,0.988,UNKNOWN,0.0
2024-09-27 22:27:00+00:00,5.18,4.0,0.993,UNKNOWN,0.0
2024-09-27 22:28:00+00:00,5.18,4.0,1.014,UNKNOWN,0.0
2024-09-27 22:29:00+00:00,5.25,3.93,1.014,UNKNOWN,0.0
2024-09-27 22:30:00+00:00,5.18,4.0,1.016,UNKNOWN,0.0
2024-09-27 22:31:00+00:00,5.31,4.0,1.016,UNKNOWN,0.0
2024-09-27 22:32:00+00:00,5.31,4.0,1.015,UNKNOWN,0.0
2024-09-27 22:33:00+00:00,5.25,4.0,1.015,UNKNOWN,0.0
2024-09-27 22:34:00+00:00,5.43,4.0,1.015,UNKNOWN,0.0
2024-09-27 22:35:00+00:00,5.43,4.0,1.015,UNKNOWN,0.0
2024-09-27 22:36:00+00:00,5.43,4.0,1.015,UNKNOWN,0.0
2024-09-27 22:37:00+00:00,5.5,4.0,1.015,UNKNOWN,0.0
2024-09-27 22:38:00+00:00,5.5,4.0,1.015,UNKNOWN,0.0
2024-09-27 22:39:00+00:00,5.18,4.0,1.016,UNKNOWN,0.0
2024-09-27 22:40:00+00:00,5.0,4.0,1.059,UNKNOWN,0.0
2024-09-27 22:41:00+00:00,4.93,4.0,0.955,UNKNOWN,0.0
2024-09-27 22:42:00+00:00,5.12,4.0,1.029,UNKNOWN,0.0
2024-09-27 22:43:00+00:00,5.12,4.0,1.011,UNKNOWN,0.0
2024-09-27 22:44:00+00:00,5.18,4.0,1.017,UNKNOWN,0.0
2024-09-27 22:45:00+00:00,5.18,4.06,1.015,UNKNOWN,0.0
2024-09-27 22:46:00+00:00,5.31,4.0,1.016,UNKNOWN,0.0
2024-09-27 22:47:00+00:00,5.31,4.0,1.016,UNKNOWN,0.0
2024-09-27 22:48:00+00:00,5.37,4.0,1.016,UNKNOWN,0.0
2024-09-27 22:49:00+00:00,5.37,4.0,1.016,UNKNOWN,0.0
2024-09-27 22:50:00+00:00,5.43,4.0,1.016,UNKNOWN,0.0
2024-09-27 22:51:00+00:00,5.43,4.0,1.016,UNKNOWN,0.0
2024-09-27 22:52:00+00:00,5.5,3.93,1.015,UNKNOWN,0.0
2024-09-27 22:53:00+00:00,5.5,3.93,1.015,UNKNOWN,0.0
2024-09-27 22:54:00+00:00,5.25,4.0,0.946,UNKNOWN,0.0
2024-09-27 22:55:00+00:00,5.12,4.0,0.68,UNKNOWN,0.0
2024-09-27 22:56:00+00:00,5.06,4.0,0.965,UNKNOWN,0.0
2024-09-27 22:57:00+00:00,5.12,4.06,1.03,UNKNOWN,0.0
2024-09-27 22:58:00+00:00,5.18,4.0,1.018,UNKNOWN,0.0
2024-09-27 22:59:00+00:00,5.25,4.0,1.013,UNKNOWN,0.0
2024-09-27 23:00:00+00:00,5.25,3.93,1.016,UNKNOWN,0.0
2024-09-27 23:01:00+00:00,5.31,3.93,1.016,UNKNOWN,0.0
2024-09-27 23:02:00+00:00,5.31,3.93,1.016,UNKNOWN,0.0
2024-09-27 23:03:00+00:00,5.37,4.0,1.016,UNKNOWN,0.0
2024-09-27 23:04:00+00:00,5.37,4.0,1.016,UNKNOWN,0.0
2024-09-27 23:05:00+00:00,5.43,4.0,1.016,UNKNOWN,0.0
2024-09-27 23:06:00+00:00,5.5,4.0,1.016,UNKNOWN,0.0
2024-09-27 23:07:00+00:00,5.5,4.0,1.016,UNKNOWN,0.0
2024-09-27 23:08:00+00:00,5.56,4.0,1.016,UNKNOWN,0.0
2024-09-27 23:09:00+00:00,5.12,4.0,1.037,UNKNOWN,0.0
2024-09-27 23:10:00+00:00,5.06,4.0,1.028,UNKNOWN,0.0
2024-09-27 23:11:00+00:00,5.0,4.0,0.98,UNKNOWN,0.0
2024-09-27 23:12:00+00:00,5.18,4.06,1.004,UNKNOWN,0.0
2024-09-27 23:13:00+00:00,5.18,4.06,1.034,UNKNOWN,0.0
2024-09-27 23:14:00+00:00,5.25,4.0,1.015,UNKNOWN,0.0
2024-09-27 23:15:00+00:00,5.25,4.0,1.014,UNKNOWN,0.0
2024-09-27 23:16:00+00:00,5.25,4.06,1.016,UNKNOWN,0.0
2024-09-27 23:17:00+00:00,5.31,4.06,1.016,UNKNOWN,0.0
2024-09-27 23:18:00+00:00,5.37,4.0,1.015,UNKNOWN,0.0
2024-09-27 23:19:00+00:00,5.37,4.06,1.015,UNKNOWN,0.0
2024-09-27 23:20:00+00:00,5.43,4.06,1.015,UNKNOWN,0.0
2024-09-27 23:21:00+00:00,5.43,4.06,1.016,UNKNOWN,0.0
2024-09-27 23:22:00+00:00,5.5,4.06,1.016,UNKNOWN,0.0
2024-09-27 23:23:00+00:00,5.56,4.0,1.016,UNKNOWN,0.0
2024-09-27 23:24:00+00:00,5.31,4.0,0.946,UNKNOWN,0.0
2024-09-27 23:25:00+00:00,5.06,4.06,0.729,UNKNOWN,0.0
2024-09-27 23:26:00+00:00,5.12,4.06,0.96,UNKNOWN,0.0
2024-09-27 23:27:00+00:00,5.18,4.06,1.011,UNKNOWN,0.0
2024-09-27 23:28:00+00:00,5.25,4.06,1.014,UNKNOWN,0.0
2024-09-27 23:29:00+00:00,5.25,4.06,1.015,UNKNOWN,0.0
2024-09-27 23:30:00+00:00,5.25,4.06,1.016,UNKNOWN,0.0
2024-09-27 23:31:00+00:00,5.37,4.06,1.016,UNKNOWN,0.0
2024-09-27 23:32:00+00:00,5.37,4.06,1.016,UNKNOWN,0.0
2024-09-27 23:33:00+00:00,5.37,4.06,1.016,UNKNOWN,0.0
2024-09-27 23:34:00+00:00,5.43,4.06,1.015,UNKNOWN,0.0
2024-09-27 23:35:00+00:00,5.5,4.06,1.016,UNKNOWN,0.0
2024-09-27 23:36:00+00:00,5.5,4.12,1.015,UNKNOWN,0.0
2024-09-27 23:37:00+00:00,5.5,4.12,1.016,UNKNOWN,0.0
2024-09-27 23:38:00+00:00,5.56,4.06,1.016,UNKNOWN,0.0
2024-09-27 23:39:00+00:00,5.37,4.06,0.94,UNKNOWN,0.0
2024-09-27 23:40:00+00:00,5.12,4.06,0.884,UNKNOWN,0.0
2024-09-27 23:41:00+00:00,5.12,4.12,0.962,UNKNOWN,0.0
2024-09-27 23:42:00+00:00,5.18,4.12,0.999,UNKNOWN,0.0
2024-09-27 23:43:00+00:00,5.18,4.06,1.011,UNKNOWN,0.0
2024-09-27 23:44:00+00:00,5.25,4.12,1.016,UNKNOWN,0.0
2024-09-27 23:45:00+00:00,5.18,4.06,1.016,UNKNOWN,0.0
2024-09-27 23:46:00+00:00,5.37,4.12,1.015,UNKNOWN,0.0
2024-09-27 23:47:00+00:00,5.37,4.12,1.015,UNKNOWN,0.0
2024-09-27 23:48:00+00:00,5.43,4.06,1.016,UNKNOWN,0.0
2024-09-27 23:49:00+00:00,5.43,4.06,1.015,UNKNOWN,0.0
2024-09-27 23:50:00+00:00,5.43,4.12,1.016,UNKNOWN,0.0
2024-09-27 23:51:00+00:00,5.5,4.12,1.016,UNKNOWN,0.0
2024-09-27 23:52:00+00:00,5.5,4.06,1.016,UNKNOWN,0.0
2024-09-27 23:53:00+00:00,5.62,4.12,1.016,UNKNOWN,0.0
2024-09-27 23:54:00+00:00,5.31,4.12,1.024,UNKNOWN,0.0
2024-09-27 23:55:00+00:00,5.12,4.12,0.889,UNKNOWN,0.0
2024-09-27 23:56:00+00:00,5.06,4.12,1.041,UNKNOWN,0.0
2024-09-27 23:57:00+00:00,5.18,4.12,1.023,UNKNOWN,0.0
2024-09-27 23:58:00+00:00,5.18,4.18,1.006,UNKNOWN,0.0
2024-09-27 23:59:00+00:00,5.18,4.18,1.016,UNKNOWN,0.0
