DateTime,Over surface temperature (ºC),Surface temperature (ºC),AccelX,ETIQUETA
2024-08-22 00:00:00+00:00,6.43,4.18,0.986,MAINTENANCE
2024-08-22 00:01:00+00:00,6.43,4.18,1.032,MAINTENANCE
2024-08-22 00:02:00+00:00,6.43,4.18,0.943,MAINTENANCE
2024-08-22 00:03:00+00:00,6.43,4.25,0.984,MAINTENANCE
2024-08-22 00:04:00+00:00,6.43,4.25,0.986,MAINTENANCE
2024-08-22 00:05:00+00:00,6.43,4.18,0.981,MAINTENANCE
2024-08-22 00:06:00+00:00,6.5,4.18,1.008,MAINTENANCE
2024-08-22 00:07:00+00:00,6.5,4.18,1.027,MAINTENANCE
2024-08-22 00:08:00+00:00,6.43,4.25,1.009,MAINTENANCE
2024-08-22 00:09:00+00:00,6.5,4.25,1.015,MAINTENANCE
2024-08-22 00:10:00+00:00,6.37,4.18,1.013,MAINTENANCE
2024-08-22 00:11:00+00:00,6.43,4.25,1.016,MAINTENANCE
2024-08-22 00:12:00+00:00,6.5,4.25,1.014,MAINTENANCE
2024-08-22 00:13:00+00:00,6.5,4.25,1.015,MAINTENANCE
2024-08-22 00:14:00+00:00,6.43,4.25,1.015,MAINTENANCE
2024-08-22 00:15:00+00:00,6.5,4.18,0.998,MAINTENANCE
2024-08-22 00:16:00+00:00,6.43,4.25,0.957,MAINTENANCE
2024-08-22 00:17:00+00:00,6.43,4.25,1.011,MAINTENANCE
2024-08-22 00:18:00+00:00,6.43,4.25,1.021,MAINTENANCE
2024-08-22 00:19:00+00:00,6.43,4.25,1.004,MAINTENANCE
2024-08-22 00:20:00+00:00,6.43,4.25,1.023,MAINTENANCE
2024-08-22 00:21:00+00:00,6.43,4.25,1.024,MAINTENANCE
2024-08-22 00:22:00+00:00,6.5,4.25,1.015,MAINTENANCE
2024-08-22 00:23:00+00:00,6.43,4.25,1.01,MAINTENANCE
2024-08-22 00:24:00+00:00,6.43,4.25,1.014,MAINTENANCE
2024-08-22 00:25:00+00:00,6.43,4.25,1.016,MAINTENANCE
2024-08-22 00:26:00+00:00,6.43,4.31,1.014,MAINTENANCE
2024-08-22 00:27:00+00:00,6.5,4.25,1.014,MAINTENANCE
2024-08-22 00:28:00+00:00,6.43,4.25,1.015,MAINTENANCE
2024-08-22 00:29:00+00:00,6.5,4.18,1.014,MAINTENANCE
2024-08-22 00:30:00+00:00,6.43,4.25,1.012,MAINTENANCE
2024-08-22 00:31:00+00:00,6.5,4.25,0.989,MAINTENANCE
2024-08-22 00:32:00+00:00,6.43,4.25,1.027,MAINTENANCE
2024-08-22 00:33:00+00:00,6.5,4.31,1.009,MAINTENANCE
2024-08-22 00:34:00+00:00,6.5,4.25,1.006,MAINTENANCE
2024-08-22 00:35:00+00:00,6.5,4.31,1.015,MAINTENANCE
2024-08-22 00:36:00+00:00,6.5,4.25,1.025,MAINTENANCE
2024-08-22 00:37:00+00:00,6.5,4.18,1.014,MAINTENANCE
2024-08-22 00:38:00+00:00,6.43,4.25,1.015,MAINTENANCE
2024-08-22 00:39:00+00:00,6.5,4.25,1.016,MAINTENANCE
2024-08-22 00:40:00+00:00,6.43,4.25,1.015,MAINTENANCE
2024-08-22 00:41:00+00:00,6.5,4.25,1.014,MAINTENANCE
2024-08-22 00:42:00+00:00,6.5,4.25,1.014,MAINTENANCE
2024-08-22 00:43:00+00:00,6.43,4.31,1.013,MAINTENANCE
2024-08-22 00:44:00+00:00,6.5,4.25,1.014,MAINTENANCE
2024-08-22 00:45:00+00:00,6.5,4.25,1.008,MAINTENANCE
2024-08-22 00:46:00+00:00,6.5,4.31,0.979,MAINTENANCE
2024-08-22 00:47:00+00:00,6.5,4.25,0.948,MAINTENANCE
2024-08-22 00:48:00+00:00,6.5,4.25,0.959,MAINTENANCE
2024-08-22 00:49:00+00:00,6.56,4.31,1.03,MAINTENANCE
2024-08-22 00:50:00+00:00,6.5,4.25,0.984,MAINTENANCE
2024-08-22 00:51:00+00:00,6.56,4.25,1.01,MAINTENANCE
2024-08-22 00:52:00+00:00,6.5,4.31,1.018,MAINTENANCE
2024-08-22 00:53:00+00:00,6.5,4.25,1.016,MAINTENANCE
2024-08-22 00:54:00+00:00,6.5,4.31,1.015,MAINTENANCE
2024-08-22 00:55:00+00:00,6.5,4.31,1.015,MAINTENANCE
2024-08-22 00:56:00+00:00,6.5,4.25,1.015,MAINTENANCE
2024-08-22 00:57:00+00:00,6.5,4.25,1.015,MAINTENANCE
2024-08-22 00:58:00+00:00,6.56,4.25,1.014,MAINTENANCE
2024-08-22 00:59:00+00:00,6.5,4.25,1.014,MAINTENANCE
2024-08-22 01:00:00+00:00,6.5,4.31,0.983,MAINTENANCE
2024-08-22 01:01:00+00:00,6.5,4.25,0.87,MAINTENANCE
2024-08-22 01:02:00+00:00,6.56,4.31,1.017,MAINTENANCE
2024-08-22 01:03:00+00:00,6.5,4.31,1.052,MAINTENANCE
2024-08-22 01:04:00+00:00,6.56,4.31,1.019,MAINTENANCE
2024-08-22 01:05:00+00:00,6.5,4.31,1.024,MAINTENANCE
2024-08-22 01:06:00+00:00,6.5,4.31,0.996,MAINTENANCE
2024-08-22 01:07:00+00:00,6.43,4.31,1.009,MAINTENANCE
2024-08-22 01:08:00+00:00,6.5,4.25,1.017,MAINTENANCE
2024-08-22 01:09:00+00:00,6.43,4.31,1.016,MAINTENANCE
2024-08-22 01:10:00+00:00,6.43,4.31,1.011,MAINTENANCE
2024-08-22 01:11:00+00:00,6.5,4.31,1.015,MAINTENANCE
2024-08-22 01:12:00+00:00,6.5,4.25,1.014,MAINTENANCE
2024-08-22 01:13:00+00:00,6.43,4.25,1.016,MAINTENANCE
2024-08-22 01:14:00+00:00,6.43,4.31,1.015,MAINTENANCE
2024-08-22 01:15:00+00:00,6.5,4.31,1.03,MAINTENANCE
2024-08-22 01:16:00+00:00,6.43,4.31,1.016,MAINTENANCE
2024-08-22 01:17:00+00:00,6.43,4.31,0.993,MAINTENANCE
2024-08-22 01:18:00+00:00,6.43,4.31,0.984,MAINTENANCE
2024-08-22 01:19:00+00:00,6.43,4.31,1.057,MAINTENANCE
2024-08-22 01:20:00+00:00,6.43,4.25,1.009,MAINTENANCE
2024-08-22 01:21:00+00:00,6.43,4.31,0.995,MAINTENANCE
2024-08-22 01:22:00+00:00,6.43,4.25,1.013,MAINTENANCE
2024-08-22 01:23:00+00:00,6.43,4.31,1.014,MAINTENANCE
2024-08-22 01:24:00+00:00,6.37,4.31,1.025,MAINTENANCE
2024-08-22 01:25:00+00:00,6.37,4.31,1.014,MAINTENANCE
2024-08-22 01:26:00+00:00,6.43,4.31,1.015,MAINTENANCE
2024-08-22 01:27:00+00:00,6.43,4.25,1.014,MAINTENANCE
2024-08-22 01:28:00+00:00,6.43,4.31,1.013,MAINTENANCE
2024-08-22 01:29:00+00:00,6.37,4.25,1.014,MAINTENANCE
2024-08-22 01:30:00+00:00,6.43,4.31,0.951,MAINTENANCE
2024-08-22 01:31:00+00:00,6.37,4.31,1.07,MAINTENANCE
2024-08-22 01:32:00+00:00,6.43,4.31,1.02,MAINTENANCE
2024-08-22 01:33:00+00:00,6.37,4.31,1.057,MAINTENANCE
2024-08-22 01:34:00+00:00,6.43,4.31,1.025,MAINTENANCE
2024-08-22 01:35:00+00:00,6.31,4.31,1.036,MAINTENANCE
2024-08-22 01:36:00+00:00,6.43,4.37,0.991,MAINTENANCE
2024-08-22 01:37:00+00:00,6.37,4.25,1.015,MAINTENANCE
2024-08-22 01:38:00+00:00,6.37,4.31,1.01,MAINTENANCE
2024-08-22 01:39:00+00:00,6.37,4.31,1.016,MAINTENANCE
2024-08-22 01:40:00+00:00,6.31,4.31,1.013,MAINTENANCE
2024-08-22 01:41:00+00:00,6.37,4.31,1.013,MAINTENANCE
2024-08-22 01:42:00+00:00,6.37,4.31,1.014,MAINTENANCE
2024-08-22 01:43:00+00:00,6.37,4.31,1.015,MAINTENANCE
2024-08-22 01:44:00+00:00,6.37,4.31,1.013,MAINTENANCE
2024-08-22 01:45:00+00:00,6.37,4.37,0.968,MAINTENANCE
2024-08-22 01:46:00+00:00,6.43,4.31,1.014,MAINTENANCE
2024-08-22 01:47:00+00:00,6.37,4.31,0.957,MAINTENANCE
2024-08-22 01:48:00+00:00,6.37,4.31,1.01,MAINTENANCE
2024-08-22 01:49:00+00:00,6.37,4.37,1.029,MAINTENANCE
2024-08-22 01:50:00+00:00,6.37,4.31,1.022,MAINTENANCE
2024-08-22 01:51:00+00:00,6.37,4.31,1.008,MAINTENANCE
2024-08-22 01:52:00+00:00,6.31,4.31,1.037,MAINTENANCE
2024-08-22 01:53:00+00:00,6.31,4.31,1.004,MAINTENANCE
2024-08-22 01:54:00+00:00,6.31,4.31,1.015,MAINTENANCE
2024-08-22 01:55:00+00:00,6.31,4.31,1.013,MAINTENANCE
2024-08-22 01:56:00+00:00,6.31,4.31,1.015,MAINTENANCE
2024-08-22 01:57:00+00:00,6.37,4.31,1.016,MAINTENANCE
2024-08-22 01:58:00+00:00,6.31,4.31,1.013,MAINTENANCE
2024-08-22 01:59:00+00:00,6.31,4.31,1.015,MAINTENANCE
2024-08-22 02:00:00+00:00,6.37,4.31,1.042,MAINTENANCE
2024-08-22 02:01:00+00:00,6.37,4.37,1.027,MAINTENANCE
2024-08-22 02:02:00+00:00,6.31,4.31,0.998,MAINTENANCE
2024-08-22 02:03:00+00:00,6.37,4.37,0.957,MAINTENANCE
2024-08-22 02:04:00+00:00,6.37,4.31,1.044,MAINTENANCE
2024-08-22 02:05:00+00:00,6.37,4.31,1.016,MAINTENANCE
2024-08-22 02:06:00+00:00,6.37,4.31,1.002,MAINTENANCE
2024-08-22 02:07:00+00:00,6.37,4.31,1.021,MAINTENANCE
2024-08-22 02:08:00+00:00,6.37,4.31,1.011,MAINTENANCE
2024-08-22 02:09:00+00:00,6.37,4.37,1.019,MAINTENANCE
2024-08-22 02:10:00+00:00,6.37,4.37,1.014,MAINTENANCE
2024-08-22 02:11:00+00:00,6.37,4.31,1.017,MAINTENANCE
2024-08-22 02:12:00+00:00,6.37,4.31,1.013,MAINTENANCE
2024-08-22 02:13:00+00:00,6.37,4.31,1.015,MAINTENANCE
2024-08-22 02:14:00+00:00,6.37,4.37,1.015,MAINTENANCE
2024-08-22 02:15:00+00:00,6.37,4.31,0.859,MAINTENANCE
2024-08-22 02:16:00+00:00,6.37,4.37,0.956,MAINTENANCE
2024-08-22 02:17:00+00:00,6.31,4.31,0.97,MAINTENANCE
2024-08-22 02:18:00+00:00,6.37,4.37,1.008,MAINTENANCE
2024-08-22 02:19:00+00:00,6.37,4.31,1.046,MAINTENANCE
2024-08-22 02:20:00+00:00,6.31,4.37,0.98,MAINTENANCE
2024-08-22 02:21:00+00:00,6.37,4.37,1.049,MAINTENANCE
2024-08-22 02:22:00+00:00,6.31,4.37,1.009,MAINTENANCE
2024-08-22 02:23:00+00:00,6.31,4.31,1.015,MAINTENANCE
2024-08-22 02:24:00+00:00,6.37,4.31,1.011,MAINTENANCE
2024-08-22 02:25:00+00:00,6.37,4.37,1.014,MAINTENANCE
2024-08-22 02:26:00+00:00,6.31,4.31,1.014,MAINTENANCE
2024-08-22 02:27:00+00:00,6.37,4.31,1.015,MAINTENANCE
2024-08-22 02:28:00+00:00,6.31,4.31,1.016,MAINTENANCE
2024-08-22 02:29:00+00:00,6.31,4.31,1.014,MAINTENANCE
2024-08-22 02:30:00+00:00,6.37,4.31,0.97,MAINTENANCE
2024-08-22 02:31:00+00:00,6.37,4.37,1.002,MAINTENANCE
2024-08-22 02:32:00+00:00,6.37,4.37,1.076,MAINTENANCE
2024-08-22 02:33:00+00:00,6.37,4.31,1.042,MAINTENANCE
2024-08-22 02:34:00+00:00,6.31,4.31,1.018,MAINTENANCE
2024-08-22 02:35:00+00:00,6.31,4.31,1.034,MAINTENANCE
2024-08-22 02:36:00+00:00,6.31,4.37,1.018,MAINTENANCE
2024-08-22 02:37:00+00:00,6.31,4.37,1.016,MAINTENANCE
2024-08-22 02:38:00+00:00,6.31,4.37,1.015,MAINTENANCE
2024-08-22 02:39:00+00:00,6.31,4.37,1.015,MAINTENANCE
2024-08-22 02:40:00+00:00,6.37,4.37,1.008,MAINTENANCE
2024-08-22 02:41:00+00:00,6.37,4.31,1.015,MAINTENANCE
2024-08-22 02:42:00+00:00,6.31,4.37,1.015,MAINTENANCE
2024-08-22 02:43:00+00:00,6.37,4.37,1.012,MAINTENANCE
2024-08-22 02:44:00+00:00,6.31,4.37,1.014,MAINTENANCE
2024-08-22 02:45:00+00:00,6.37,4.37,0.968,MAINTENANCE
2024-08-22 02:46:00+00:00,6.37,4.43,1.005,MAINTENANCE
2024-08-22 02:47:00+00:00,6.37,4.37,0.958,MAINTENANCE
2024-08-22 02:48:00+00:00,6.37,4.37,1.052,MAINTENANCE
2024-08-22 02:49:00+00:00,6.37,4.37,1.037,MAINTENANCE
2024-08-22 02:50:00+00:00,6.31,4.37,0.991,MAINTENANCE
2024-08-22 02:51:00+00:00,6.37,4.31,1.031,MAINTENANCE
2024-08-22 02:52:00+00:00,6.37,4.37,1.016,MAINTENANCE
2024-08-22 02:53:00+00:00,6.31,4.31,1.011,MAINTENANCE
2024-08-22 02:54:00+00:00,6.31,4.37,1.011,MAINTENANCE
2024-08-22 02:55:00+00:00,6.31,4.37,1.014,MAINTENANCE
2024-08-22 02:56:00+00:00,6.31,4.37,1.015,MAINTENANCE
2024-08-22 02:57:00+00:00,6.37,4.37,1.014,MAINTENANCE
2024-08-22 02:58:00+00:00,6.37,4.37,1.014,MAINTENANCE
2024-08-22 02:59:00+00:00,6.31,4.37,1.014,MAINTENANCE
2024-08-22 03:00:00+00:00,6.37,4.37,0.996,MAINTENANCE
2024-08-22 03:01:00+00:00,6.37,4.37,0.975,MAINTENANCE
2024-08-22 03:02:00+00:00,6.37,4.31,1.032,MAINTENANCE
2024-08-22 03:03:00+00:00,6.31,4.31,0.955,MAINTENANCE
2024-08-22 03:04:00+00:00,6.37,4.37,1.025,MAINTENANCE
2024-08-22 03:05:00+00:00,6.37,4.25,1.022,MAINTENANCE
2024-08-22 03:06:00+00:00,6.37,4.18,0.914,MAINTENANCE
2024-08-22 03:07:00+00:00,6.37,4.18,0.943,MAINTENANCE
2024-08-22 03:08:00+00:00,6.31,4.12,0.972,MAINTENANCE
2024-08-22 03:09:00+00:00,6.31,4.06,0.807,MAINTENANCE
2024-08-22 03:10:00+00:00,6.31,4.06,0.975,MAINTENANCE
2024-08-22 03:11:00+00:00,6.31,4.0,1.016,MAINTENANCE
2024-08-22 03:12:00+00:00,6.31,4.0,1.007,MAINTENANCE
2024-08-22 03:13:00+00:00,6.25,4.0,1.02,MAINTENANCE
2024-08-22 03:14:00+00:00,6.18,4.0,1.011,MAINTENANCE
2024-08-22 03:15:00+00:00,6.12,4.0,1.006,MAINTENANCE
2024-08-22 03:16:00+00:00,6.12,4.0,1.015,MAINTENANCE
2024-08-22 03:17:00+00:00,6.12,4.0,1.012,MAINTENANCE
2024-08-22 03:18:00+00:00,6.18,4.06,1.017,MAINTENANCE
2024-08-22 03:19:00+00:00,6.18,4.0,1.015,MAINTENANCE
2024-08-22 03:20:00+00:00,6.18,4.0,1.016,MAINTENANCE
2024-08-22 03:21:00+00:00,6.18,4.0,1.014,MAINTENANCE
2024-08-22 03:22:00+00:00,6.12,4.0,1.016,MAINTENANCE
2024-08-22 03:23:00+00:00,6.12,4.0,0.985,MAINTENANCE
2024-08-22 03:24:00+00:00,6.18,4.0,1.037,MAINTENANCE
2024-08-22 03:25:00+00:00,6.12,4.0,1.003,MAINTENANCE
2024-08-22 03:26:00+00:00,6.12,4.0,1.012,MAINTENANCE
2024-08-22 03:27:00+00:00,6.12,4.0,1.045,MAINTENANCE
2024-08-22 03:28:00+00:00,6.06,4.06,1.034,MAINTENANCE
2024-08-22 03:29:00+00:00,6.12,4.0,1.012,MAINTENANCE
2024-08-22 03:30:00+00:00,6.06,4.0,1.017,MAINTENANCE
2024-08-22 03:31:00+00:00,6.06,4.0,1.019,MAINTENANCE
2024-08-22 03:32:00+00:00,6.06,4.0,1.016,MAINTENANCE
2024-08-22 03:33:00+00:00,6.06,4.0,1.013,MAINTENANCE
2024-08-22 03:34:00+00:00,6.06,4.0,1.016,MAINTENANCE
2024-08-22 03:35:00+00:00,6.06,4.0,1.016,MAINTENANCE
2024-08-22 03:36:00+00:00,6.06,4.0,1.013,MAINTENANCE
2024-08-22 03:37:00+00:00,6.0,4.0,1.014,MAINTENANCE
2024-08-22 03:38:00+00:00,6.06,4.0,1.014,MAINTENANCE
2024-08-22 03:39:00+00:00,6.06,4.0,0.96,MAINTENANCE
2024-08-22 03:40:00+00:00,6.06,4.0,1.051,MAINTENANCE
2024-08-22 03:41:00+00:00,6.12,4.0,1.028,MAINTENANCE
2024-08-22 03:42:00+00:00,6.12,4.0,1.024,MAINTENANCE
2024-08-22 03:43:00+00:00,6.12,4.0,0.995,MAINTENANCE
2024-08-22 03:44:00+00:00,6.06,4.0,0.988,MAINTENANCE
2024-08-22 03:45:00+00:00,6.12,4.0,1.011,MAINTENANCE
2024-08-22 03:46:00+00:00,6.12,4.0,1.022,MAINTENANCE
2024-08-22 03:47:00+00:00,6.12,4.0,1.011,MAINTENANCE
2024-08-22 03:48:00+00:00,6.12,4.0,1.016,MAINTENANCE
2024-08-22 03:49:00+00:00,6.12,4.0,1.014,MAINTENANCE
2024-08-22 03:50:00+00:00,6.12,3.93,1.014,MAINTENANCE
2024-08-22 03:51:00+00:00,6.12,4.0,1.015,MAINTENANCE
2024-08-22 03:52:00+00:00,6.12,4.0,1.016,MAINTENANCE
2024-08-22 03:53:00+00:00,6.12,4.0,0.983,MAINTENANCE
2024-08-22 03:54:00+00:00,6.06,4.0,1.057,MAINTENANCE
2024-08-22 03:55:00+00:00,6.06,4.0,1.019,MAINTENANCE
2024-08-22 03:56:00+00:00,6.06,4.0,0.976,MAINTENANCE
2024-08-22 03:57:00+00:00,6.12,4.0,0.993,MAINTENANCE
2024-08-22 03:58:00+00:00,6.12,3.93,1.002,MAINTENANCE
2024-08-22 03:59:00+00:00,6.12,4.0,0.996,MAINTENANCE
2024-08-22 04:00:00+00:00,6.12,4.0,1.004,MAINTENANCE
2024-08-22 04:01:00+00:00,6.12,4.0,1.017,MILKING
2024-08-22 04:02:00+00:00,6.12,4.0,1.016,MILKING
2024-08-22 04:03:00+00:00,6.12,3.93,1.015,MILKING
2024-08-22 04:04:00+00:00,6.12,4.0,1.016,MILKING
2024-08-22 04:05:00+00:00,6.12,4.0,1.014,MILKING
2024-08-22 04:06:00+00:00,6.12,4.0,1.015,MILKING
2024-08-22 04:07:00+00:00,6.06,4.0,1.015,MILKING
2024-08-22 04:08:00+00:00,6.12,4.06,0.991,MILKING
2024-08-22 04:09:00+00:00,6.12,4.12,0.99,MILKING
2024-08-22 04:10:00+00:00,6.12,4.25,0.987,MILKING
2024-08-22 04:11:00+00:00,6.12,4.31,1.049,MILKING
2024-08-22 04:12:00+00:00,6.12,4.56,1.019,MILKING
2024-08-22 04:13:00+00:00,6.12,4.81,1.015,MILKING
2024-08-22 04:14:00+00:00,6.12,4.93,1.028,MILKING
2024-08-22 04:15:00+00:00,6.12,5.0,1.005,MILKING
2024-08-22 04:16:00+00:00,6.18,4.81,1.016,MILKING
2024-08-22 04:17:00+00:00,6.18,4.81,1.014,MILKING
2024-08-22 04:18:00+00:00,6.12,4.81,1.016,MILKING
2024-08-22 04:19:00+00:00,6.25,4.87,1.014,MILKING
2024-08-22 04:20:00+00:00,6.25,4.87,1.016,MILKING
2024-08-22 04:21:00+00:00,6.25,5.0,1.016,MILKING
2024-08-22 04:22:00+00:00,6.25,5.12,1.015,MILKING
2024-08-22 04:23:00+00:00,6.31,5.18,0.976,MILKING
2024-08-22 04:24:00+00:00,6.31,5.25,1.02,MILKING
2024-08-22 04:25:00+00:00,6.37,5.37,1.034,MILKING
2024-08-22 04:26:00+00:00,6.37,5.43,0.956,MILKING
2024-08-22 04:27:00+00:00,6.43,5.5,1.014,MILKING
2024-08-22 04:28:00+00:00,6.5,5.5,0.977,MILKING
2024-08-22 04:29:00+00:00,6.5,5.5,0.995,MILKING
2024-08-22 04:30:00+00:00,6.56,5.43,0.884,MILKING
2024-08-22 04:31:00+00:00,6.62,5.43,1.043,MILKING
2024-08-22 04:32:00+00:00,6.62,5.43,0.99,MILKING
2024-08-22 04:33:00+00:00,6.62,5.5,1.029,MILKING
2024-08-22 04:34:00+00:00,6.68,5.56,0.995,MILKING
2024-08-22 04:35:00+00:00,6.75,5.68,1.003,MILKING
2024-08-22 04:36:00+00:00,6.75,5.81,1.044,MILKING
2024-08-22 04:37:00+00:00,6.75,5.81,0.96,MILKING
2024-08-22 04:38:00+00:00,6.87,5.81,1.003,MILKING
2024-08-22 04:39:00+00:00,6.87,5.87,1.022,MILKING
2024-08-22 04:40:00+00:00,6.87,5.81,1.007,MILKING
2024-08-22 04:41:00+00:00,6.87,5.75,1.019,MILKING
2024-08-22 04:42:00+00:00,7.0,5.81,1.016,MILKING
2024-08-22 04:43:00+00:00,7.0,5.75,0.964,MILKING
2024-08-22 04:44:00+00:00,7.06,5.81,0.988,MILKING
2024-08-22 04:45:00+00:00,7.06,5.87,0.994,MILKING
2024-08-22 04:46:00+00:00,7.06,5.87,1.026,MILKING
2024-08-22 04:47:00+00:00,7.06,5.87,0.988,MILKING
2024-08-22 04:48:00+00:00,7.12,5.93,1.023,MILKING
2024-08-22 04:49:00+00:00,7.12,6.0,0.762,MILKING
2024-08-22 04:50:00+00:00,7.18,6.0,1.002,MILKING
2024-08-22 04:51:00+00:00,7.18,6.06,1.007,MILKING
2024-08-22 04:52:00+00:00,7.25,6.06,0.997,MILKING
2024-08-22 04:53:00+00:00,7.25,6.0,0.906,MILKING
2024-08-22 04:54:00+00:00,7.25,6.0,1.082,MILKING
2024-08-22 04:55:00+00:00,7.31,5.93,0.902,MILKING
2024-08-22 04:56:00+00:00,7.31,6.0,1.02,MILKING
2024-08-22 04:57:00+00:00,7.37,6.0,0.997,MILKING
2024-08-22 04:58:00+00:00,7.37,6.0,1.004,MILKING
2024-08-22 04:59:00+00:00,7.37,6.12,1.004,MILKING
2024-08-22 05:00:00+00:00,7.43,6.06,0.988,MILKING
2024-08-22 05:01:00+00:00,7.43,6.06,1.015,MILKING
2024-08-22 05:02:00+00:00,7.43,6.06,0.987,MILKING
2024-08-22 05:03:00+00:00,7.5,6.06,1.011,MILKING
2024-08-22 05:04:00+00:00,7.5,6.12,0.998,MILKING
2024-08-22 05:05:00+00:00,7.5,6.12,0.867,MILKING
2024-08-22 05:06:00+00:00,7.5,6.12,1.013,MILKING
2024-08-22 05:07:00+00:00,7.5,6.18,0.973,MILKING
2024-08-22 05:08:00+00:00,7.56,6.31,0.998,MILKING
2024-08-22 05:09:00+00:00,7.56,6.18,1.018,MILKING
2024-08-22 05:10:00+00:00,7.56,6.31,1.019,MILKING
2024-08-22 05:11:00+00:00,7.62,6.31,1.008,MILKING
2024-08-22 05:12:00+00:00,7.62,6.31,1.004,MILKING
2024-08-22 05:13:00+00:00,7.68,6.31,0.989,MILKING
2024-08-22 05:14:00+00:00,7.68,6.31,0.927,MILKING
2024-08-22 05:15:00+00:00,7.68,6.25,1.018,MILKING
2024-08-22 05:16:00+00:00,7.75,6.25,1.01,MILKING
2024-08-22 05:17:00+00:00,7.75,6.31,1.019,MILKING
2024-08-22 05:18:00+00:00,7.75,6.31,0.862,MILKING
2024-08-22 05:19:00+00:00,7.75,6.37,0.998,MILKING
2024-08-22 05:20:00+00:00,7.81,6.31,0.926,MILKING
2024-08-22 05:21:00+00:00,7.81,6.31,1.017,MILKING
2024-08-22 05:22:00+00:00,7.87,6.37,0.978,MILKING
2024-08-22 05:23:00+00:00,7.87,6.37,0.821,MILKING
2024-08-22 05:24:00+00:00,7.87,6.43,0.974,MILKING
2024-08-22 05:25:00+00:00,7.87,6.5,1.008,MILKING
2024-08-22 05:26:00+00:00,7.87,6.5,0.807,MILKING
2024-08-22 05:27:00+00:00,7.87,6.43,0.787,MILKING
2024-08-22 05:28:00+00:00,7.93,6.37,0.97,MILKING
2024-08-22 05:29:00+00:00,7.87,6.43,0.975,MILKING
2024-08-22 05:30:00+00:00,7.93,6.5,0.994,MILKING
2024-08-22 05:31:00+00:00,7.93,6.5,1.011,MILKING
2024-08-22 05:32:00+00:00,7.93,6.43,1.01,MILKING
2024-08-22 05:33:00+00:00,8.0,6.43,1.016,MILKING
2024-08-22 05:34:00+00:00,8.0,6.37,1.019,MILKING
2024-08-22 05:35:00+00:00,8.0,6.37,0.974,MILKING
2024-08-22 05:36:00+00:00,7.93,6.37,0.858,MILKING
2024-08-22 05:37:00+00:00,8.0,6.31,0.838,MILKING
2024-08-22 05:38:00+00:00,8.0,6.31,0.979,MILKING
2024-08-22 05:39:00+00:00,8.0,6.18,0.909,MILKING
2024-08-22 05:40:00+00:00,8.0,6.25,1.007,MILKING
2024-08-22 05:41:00+00:00,8.0,6.25,1.003,MILKING
2024-08-22 05:42:00+00:00,8.0,6.25,0.997,MILKING
2024-08-22 05:43:00+00:00,8.06,6.25,1.022,MILKING
2024-08-22 05:44:00+00:00,8.0,6.18,0.609,MILKING
2024-08-22 05:45:00+00:00,8.0,6.18,0.928,MILKING
2024-08-22 05:46:00+00:00,8.0,6.12,0.931,MILKING
2024-08-22 05:47:00+00:00,8.0,6.06,0.937,MILKING
2024-08-22 05:48:00+00:00,7.93,6.0,0.955,MILKING
2024-08-22 05:49:00+00:00,7.93,6.0,0.995,MILKING
2024-08-22 05:50:00+00:00,7.93,6.0,1.021,MILKING
2024-08-22 05:51:00+00:00,8.0,7.18,0.067,MILKING
2024-08-22 05:52:00+00:00,8.12,8.87,0.069,MILKING
2024-08-22 05:53:00+00:00,8.31,9.75,0.066,MILKING
2024-08-22 05:54:00+00:00,8.68,10.25,0.065,MILKING
2024-08-22 05:55:00+00:00,8.93,10.68,0.067,MILKING
2024-08-22 05:56:00+00:00,8.81,7.18,1.015,MILKING
2024-08-22 05:57:00+00:00,8.81,7.18,1.012,MILKING
2024-08-22 05:58:00+00:00,8.81,7.18,1.019,MILKING
2024-08-22 05:59:00+00:00,8.81,7.18,1.02,MILKING
2024-08-22 06:00:00+00:00,8.81,7.18,1.014,MILKING
2024-08-22 06:01:00+00:00,8.81,7.18,1.013,CLEANING
2024-08-22 06:02:00+00:00,8.81,7.18,1.017,CLEANING
2024-08-22 06:03:00+00:00,8.81,7.18,1.013,CLEANING
2024-08-22 06:04:00+00:00,8.81,7.18,1.013,CLEANING
2024-08-22 06:05:00+00:00,8.81,7.18,1.015,CLEANING
2024-08-22 06:06:00+00:00,8.81,7.18,1.015,CLEANING
2024-08-22 06:07:00+00:00,8.81,7.18,1.014,CLEANING
2024-08-22 06:08:00+00:00,8.81,7.18,1.015,CLEANING
2024-08-22 06:09:00+00:00,8.81,6.12,1.015,CLEANING
2024-08-22 06:10:00+00:00,8.81,6.12,1.016,CLEANING
2024-08-22 06:11:00+00:00,8.81,6.12,1.014,CLEANING
2024-08-22 06:12:00+00:00,8.81,6.12,1.015,CLEANING
2024-08-22 06:13:00+00:00,8.81,6.12,1.014,CLEANING
2024-08-22 06:14:00+00:00,8.81,6.12,1.015,CLEANING
2024-08-22 06:15:00+00:00,8.81,6.12,1.014,CLEANING
2024-08-22 06:16:00+00:00,8.81,6.12,1.014,CLEANING
2024-08-22 06:17:00+00:00,8.81,6.12,0.854,CLEANING
2024-08-22 06:18:00+00:00,8.81,6.12,0.537,CLEANING
2024-08-22 06:19:00+00:00,8.81,6.12,0.115,CLEANING
2024-08-22 06:20:00+00:00,8.81,6.12,-0.095,CLEANING
2024-08-22 06:21:00+00:00,8.81,6.12,-0.096,CLEANING
2024-08-22 06:22:00+00:00,8.75,6.12,-0.097,CLEANING
2024-08-22 06:23:00+00:00,8.56,6.25,0.119,CLEANING
2024-08-22 06:24:00+00:00,8.5,6.56,0.119,CLEANING
2024-08-22 06:25:00+00:00,8.68,8.75,0.118,CLEANING
2024-08-22 06:26:00+00:00,8.81,8.18,0.119,CLEANING
2024-08-22 06:27:00+00:00,8.87,8.0,0.119,CLEANING
2024-08-22 06:28:00+00:00,9.0,8.06,0.118,CLEANING
2024-08-22 06:29:00+00:00,11.87,22.0,0.12,CLEANING
2024-08-22 06:30:00+00:00,14.68,26.81,0.12,CLEANING
2024-08-22 06:31:00+00:00,17.12,29.06,0.12,CLEANING
2024-08-22 06:32:00+00:00,19.31,30.43,0.122,CLEANING
2024-08-22 06:33:00+00:00,21.12,31.37,0.12,CLEANING
2024-08-22 06:34:00+00:00,22.25,31.0,0.12,CLEANING
2024-08-22 06:35:00+00:00,23.31,30.31,0.119,CLEANING
2024-08-22 06:36:00+00:00,24.25,30.0,0.121,CLEANING
2024-08-22 06:37:00+00:00,25.06,29.93,0.121,CLEANING
2024-08-22 06:38:00+00:00,26.87,35.87,0.122,CLEANING
2024-08-22 06:39:00+00:00,29.75,40.81,0.122,CLEANING
2024-08-22 06:40:00+00:00,32.18,42.93,0.122,CLEANING
2024-08-22 06:41:00+00:00,34.25,44.06,0.121,CLEANING
2024-08-22 06:42:00+00:00,36.18,44.93,0.122,CLEANING
2024-08-22 06:43:00+00:00,37.93,45.5,0.121,CLEANING
2024-08-22 06:44:00+00:00,39.56,46.0,0.121,CLEANING
2024-08-22 06:45:00+00:00,39.56,46.0,0.122,CLEANING
2024-08-22 06:46:00+00:00,39.56,46.0,0.122,CLEANING
2024-08-22 06:47:00+00:00,39.56,46.0,0.122,CLEANING
2024-08-22 06:48:00+00:00,39.56,46.0,0.122,CLEANING
2024-08-22 06:49:00+00:00,39.56,46.0,0.122,CLEANING
2024-08-22 06:50:00+00:00,39.56,46.0,0.122,CLEANING
2024-08-22 06:51:00+00:00,39.56,46.0,0.122,CLEANING
2024-08-22 06:52:00+00:00,39.56,46.0,0.122,CLEANING
2024-08-22 06:53:00+00:00,39.56,46.0,0.122,CLEANING
2024-08-22 06:54:00+00:00,39.56,46.0,0.122,CLEANING
2024-08-22 06:55:00+00:00,39.56,46.0,0.121,CLEANING
2024-08-22 06:56:00+00:00,39.56,46.0,0.122,CLEANING
2024-08-22 06:57:00+00:00,39.56,46.0,0.122,CLEANING
2024-08-22 06:58:00+00:00,39.56,46.0,0.122,CLEANING
2024-08-22 06:59:00+00:00,39.56,46.0,0.122,CLEANING
2024-08-22 07:00:00+00:00,39.56,46.0,0.122,CLEANING
2024-08-22 07:01:00+00:00,39.56,46.0,0.122,CLEANING
2024-08-22 07:02:00+00:00,39.56,46.0,0.122,CLEANING
2024-08-22 07:03:00+00:00,39.56,46.0,0.122,CLEANING
2024-08-22 07:04:00+00:00,39.56,46.0,0.122,CLEANING
2024-08-22 07:05:00+00:00,39.56,46.0,0.122,CLEANING
2024-08-22 07:06:00+00:00,39.56,46.0,0.123,CLEANING
2024-08-22 07:07:00+00:00,39.56,46.0,0.122,CLEANING
2024-08-22 07:08:00+00:00,39.56,46.0,0.123,CLEANING
2024-08-22 07:09:00+00:00,39.56,46.0,0.123,CLEANING
2024-08-22 07:10:00+00:00,39.56,46.0,0.123,CLEANING
2024-08-22 07:11:00+00:00,39.56,46.0,0.122,EMPTY TANK
2024-08-22 07:12:00+00:00,39.56,46.0,0.122,EMPTY TANK
2024-08-22 07:13:00+00:00,39.56,46.0,0.122,EMPTY TANK
2024-08-22 07:14:00+00:00,39.56,46.0,0.122,EMPTY TANK
2024-08-22 07:15:00+00:00,39.56,46.0,0.122,EMPTY TANK
2024-08-22 07:16:00+00:00,39.56,46.0,0.122,EMPTY TANK
2024-08-22 07:17:00+00:00,39.56,46.0,0.122,EMPTY TANK
2024-08-22 07:18:00+00:00,39.56,46.0,0.122,EMPTY TANK
2024-08-22 07:19:00+00:00,39.56,46.0,0.123,EMPTY TANK
2024-08-22 07:20:00+00:00,39.56,46.0,0.123,EMPTY TANK
2024-08-22 07:21:00+00:00,39.56,46.0,0.122,EMPTY TANK
2024-08-22 07:22:00+00:00,39.56,46.0,0.122,EMPTY TANK
2024-08-22 07:23:00+00:00,39.56,46.0,0.123,EMPTY TANK
2024-08-22 07:24:00+00:00,39.56,46.0,0.122,EMPTY TANK
2024-08-22 07:25:00+00:00,39.56,46.0,0.123,EMPTY TANK
2024-08-22 07:26:00+00:00,39.56,46.0,0.122,EMPTY TANK
2024-08-22 07:27:00+00:00,39.56,46.0,0.123,EMPTY TANK
2024-08-22 07:28:00+00:00,39.56,46.0,0.122,EMPTY TANK
2024-08-22 07:29:00+00:00,39.56,46.0,0.122,EMPTY TANK
2024-08-22 07:30:00+00:00,39.56,46.0,0.123,EMPTY TANK
2024-08-22 07:31:00+00:00,39.56,46.0,0.124,EMPTY TANK
2024-08-22 07:32:00+00:00,39.56,46.0,0.122,EMPTY TANK
2024-08-22 07:33:00+00:00,39.56,46.0,0.122,EMPTY TANK
2024-08-22 07:34:00+00:00,39.56,46.0,0.122,EMPTY TANK
2024-08-22 07:35:00+00:00,39.56,46.0,0.123,EMPTY TANK
2024-08-22 07:36:00+00:00,39.56,46.0,0.123,EMPTY TANK
2024-08-22 07:37:00+00:00,39.56,46.0,0.122,EMPTY TANK
2024-08-22 07:38:00+00:00,39.56,46.0,0.122,EMPTY TANK
2024-08-22 07:39:00+00:00,39.56,46.0,0.122,EMPTY TANK
2024-08-22 07:40:00+00:00,39.56,46.0,0.122,EMPTY TANK
2024-08-22 07:41:00+00:00,39.56,46.0,0.122,EMPTY TANK
2024-08-22 07:42:00+00:00,39.56,46.0,0.122,EMPTY TANK
2024-08-22 07:43:00+00:00,39.56,46.0,0.122,EMPTY TANK
2024-08-22 07:44:00+00:00,39.56,46.0,0.122,EMPTY TANK
2024-08-22 07:45:00+00:00,39.56,46.0,0.122,EMPTY TANK
2024-08-22 07:46:00+00:00,39.56,46.0,0.122,EMPTY TANK
2024-08-22 07:47:00+00:00,39.56,46.0,0.122,EMPTY TANK
2024-08-22 07:48:00+00:00,39.56,46.0,0.122,EMPTY TANK
2024-08-22 07:49:00+00:00,39.56,46.0,0.122,EMPTY TANK
2024-08-22 07:50:00+00:00,39.56,46.0,0.122,EMPTY TANK
2024-08-22 07:51:00+00:00,39.56,46.0,0.122,EMPTY TANK
2024-08-22 07:52:00+00:00,39.56,46.0,0.122,EMPTY TANK
2024-08-22 07:53:00+00:00,39.56,46.0,0.122,EMPTY TANK
2024-08-22 07:54:00+00:00,39.56,46.0,0.122,EMPTY TANK
2024-08-22 07:55:00+00:00,39.56,46.0,0.122,EMPTY TANK
2024-08-22 07:56:00+00:00,39.56,46.0,0.122,EMPTY TANK
2024-08-22 07:57:00+00:00,39.56,46.0,0.123,EMPTY TANK
2024-08-22 07:58:00+00:00,39.56,46.0,0.122,EMPTY TANK
2024-08-22 07:59:00+00:00,39.56,46.0,0.123,EMPTY TANK
2024-08-22 08:00:00+00:00,39.56,46.0,0.123,EMPTY TANK
2024-08-22 08:01:00+00:00,39.56,46.0,0.122,EMPTY TANK
2024-08-22 08:02:00+00:00,39.56,46.0,0.122,EMPTY TANK
2024-08-22 08:03:00+00:00,39.56,46.0,0.122,EMPTY TANK
2024-08-22 08:04:00+00:00,39.56,46.0,0.124,EMPTY TANK
2024-08-22 08:05:00+00:00,39.56,46.0,0.122,EMPTY TANK
2024-08-22 08:06:00+00:00,39.56,46.0,0.122,EMPTY TANK
2024-08-22 08:07:00+00:00,39.56,46.0,0.122,EMPTY TANK
2024-08-22 08:08:00+00:00,39.56,46.0,0.122,EMPTY TANK
2024-08-22 08:09:00+00:00,39.56,46.0,0.122,EMPTY TANK
2024-08-22 08:10:00+00:00,39.56,46.0,0.122,EMPTY TANK
2024-08-22 08:11:00+00:00,39.56,46.0,0.122,EMPTY TANK
2024-08-22 08:12:00+00:00,39.56,46.0,0.122,EMPTY TANK
2024-08-22 08:13:00+00:00,39.56,46.0,0.122,EMPTY TANK
2024-08-22 08:14:00+00:00,39.56,46.0,0.122,EMPTY TANK
2024-08-22 08:15:00+00:00,39.56,46.0,0.122,EMPTY TANK
2024-08-22 08:16:00+00:00,39.56,46.0,0.122,EMPTY TANK
2024-08-22 08:17:00+00:00,39.56,46.0,0.122,EMPTY TANK
2024-08-22 08:18:00+00:00,39.56,46.0,0.122,EMPTY TANK
2024-08-22 08:19:00+00:00,39.56,46.0,0.122,EMPTY TANK
2024-08-22 08:20:00+00:00,39.56,46.0,0.122,EMPTY TANK
2024-08-22 08:21:00+00:00,39.56,46.0,0.122,EMPTY TANK
2024-08-22 08:22:00+00:00,39.56,46.0,0.122,EMPTY TANK
2024-08-22 08:23:00+00:00,39.56,46.0,0.122,EMPTY TANK
2024-08-22 08:24:00+00:00,39.56,46.0,0.122,EMPTY TANK
2024-08-22 08:25:00+00:00,39.56,46.0,0.122,EMPTY TANK
2024-08-22 08:26:00+00:00,39.56,46.0,0.122,EMPTY TANK
2024-08-22 08:27:00+00:00,39.56,46.0,0.122,EMPTY TANK
2024-08-22 08:28:00+00:00,39.56,46.0,0.122,EMPTY TANK
2024-08-22 08:29:00+00:00,39.56,46.0,0.122,EMPTY TANK
2024-08-22 08:30:00+00:00,39.56,46.0,0.122,EMPTY TANK
2024-08-22 08:31:00+00:00,39.56,46.0,0.122,EMPTY TANK
2024-08-22 08:32:00+00:00,39.56,46.0,0.122,EMPTY TANK
2024-08-22 08:33:00+00:00,39.56,46.0,0.122,EMPTY TANK
2024-08-22 08:34:00+00:00,39.56,46.0,0.122,EMPTY TANK
2024-08-22 08:35:00+00:00,39.56,46.0,0.122,EMPTY TANK
2024-08-22 08:36:00+00:00,39.56,46.0,0.122,EMPTY TANK
2024-08-22 08:37:00+00:00,39.56,46.0,0.122,EMPTY TANK
2024-08-22 08:38:00+00:00,39.56,46.0,0.122,EMPTY TANK
2024-08-22 08:39:00+00:00,39.56,46.0,0.122,EMPTY TANK
2024-08-22 08:40:00+00:00,39.56,46.0,0.122,EMPTY TANK
2024-08-22 08:41:00+00:00,39.56,46.0,0.122,EMPTY TANK
2024-08-22 08:42:00+00:00,39.56,46.0,0.122,EMPTY TANK
2024-08-22 08:43:00+00:00,39.56,46.0,0.122,EMPTY TANK
2024-08-22 08:44:00+00:00,39.56,46.0,0.122,EMPTY TANK
2024-08-22 08:45:00+00:00,39.56,46.0,0.122,EMPTY TANK
2024-08-22 08:46:00+00:00,39.56,46.0,0.122,EMPTY TANK
2024-08-22 08:47:00+00:00,39.56,46.0,0.122,EMPTY TANK
2024-08-22 08:48:00+00:00,39.56,46.0,0.122,EMPTY TANK
2024-08-22 08:49:00+00:00,39.56,46.0,0.122,EMPTY TANK
2024-08-22 08:50:00+00:00,39.56,46.0,0.122,EMPTY TANK
2024-08-22 08:51:00+00:00,39.56,46.0,0.122,EMPTY TANK
2024-08-22 08:52:00+00:00,39.56,46.0,0.122,EMPTY TANK
2024-08-22 08:53:00+00:00,39.56,46.0,0.122,EMPTY TANK
2024-08-22 08:54:00+00:00,39.56,46.0,0.122,EMPTY TANK
2024-08-22 08:55:00+00:00,39.56,46.0,0.122,EMPTY TANK
2024-08-22 08:56:00+00:00,39.56,46.0,0.122,EMPTY TANK
2024-08-22 08:57:00+00:00,39.56,46.0,0.122,EMPTY TANK
2024-08-22 08:58:00+00:00,39.56,46.0,0.122,EMPTY TANK
2024-08-22 08:59:00+00:00,39.56,46.0,0.122,EMPTY TANK
2024-08-22 09:00:00+00:00,39.56,46.0,0.123,EMPTY TANK
2024-08-22 09:01:00+00:00,39.56,46.0,0.122,EMPTY TANK
2024-08-22 09:02:00+00:00,39.56,46.0,0.122,EMPTY TANK
2024-08-22 09:03:00+00:00,39.56,46.0,0.122,EMPTY TANK
2024-08-22 09:04:00+00:00,39.56,46.0,0.122,EMPTY TANK
2024-08-22 09:05:00+00:00,39.56,46.0,0.122,EMPTY TANK
2024-08-22 09:06:00+00:00,39.56,46.0,0.122,EMPTY TANK
2024-08-22 09:07:00+00:00,39.56,46.0,0.123,EMPTY TANK
2024-08-22 09:08:00+00:00,39.56,46.0,0.122,EMPTY TANK
2024-08-22 09:09:00+00:00,39.56,46.0,0.122,EMPTY TANK
2024-08-22 09:10:00+00:00,39.56,46.0,0.122,EMPTY TANK
2024-08-22 09:11:00+00:00,39.56,46.0,0.122,EMPTY TANK
2024-08-22 09:12:00+00:00,39.56,46.0,0.122,EMPTY TANK
2024-08-22 09:13:00+00:00,39.56,46.0,0.122,EMPTY TANK
2024-08-22 09:14:00+00:00,39.56,46.0,0.122,EMPTY TANK
2024-08-22 09:15:00+00:00,39.56,46.0,0.122,EMPTY TANK
2024-08-22 09:16:00+00:00,39.56,46.0,0.122,EMPTY TANK
2024-08-22 09:17:00+00:00,39.56,46.0,0.122,EMPTY TANK
2024-08-22 09:18:00+00:00,39.56,46.0,0.122,EMPTY TANK
2024-08-22 09:19:00+00:00,39.56,46.0,0.122,EMPTY TANK
2024-08-22 09:20:00+00:00,39.56,46.0,0.122,EMPTY TANK
2024-08-22 09:21:00+00:00,39.56,46.0,0.122,EMPTY TANK
2024-08-22 09:22:00+00:00,39.56,46.0,0.122,EMPTY TANK
2024-08-22 09:23:00+00:00,39.56,46.0,0.123,EMPTY TANK
2024-08-22 09:24:00+00:00,39.56,46.0,0.123,EMPTY TANK
2024-08-22 09:25:00+00:00,39.56,46.0,0.122,EMPTY TANK
2024-08-22 09:26:00+00:00,39.56,46.0,0.122,EMPTY TANK
2024-08-22 09:27:00+00:00,39.56,46.0,0.122,EMPTY TANK
2024-08-22 09:28:00+00:00,39.56,46.0,0.122,EMPTY TANK
2024-08-22 09:29:00+00:00,39.56,46.0,0.122,EMPTY TANK
2024-08-22 09:30:00+00:00,39.56,46.0,0.122,EMPTY TANK
2024-08-22 09:31:00+00:00,39.56,46.0,0.122,EMPTY TANK
2024-08-22 09:32:00+00:00,39.56,46.0,0.122,EMPTY TANK
2024-08-22 09:33:00+00:00,31.93,31.12,0.122,EMPTY TANK
2024-08-22 09:34:00+00:00,31.93,31.12,0.122,EMPTY TANK
2024-08-22 09:35:00+00:00,31.93,31.12,0.122,EMPTY TANK
2024-08-22 09:36:00+00:00,31.93,31.12,0.122,EMPTY TANK
2024-08-22 09:37:00+00:00,31.93,31.12,0.122,EMPTY TANK
2024-08-22 09:38:00+00:00,31.93,31.12,0.122,EMPTY TANK
2024-08-22 09:39:00+00:00,31.93,31.12,0.122,EMPTY TANK
2024-08-22 09:40:00+00:00,31.93,31.12,0.122,EMPTY TANK
2024-08-22 09:41:00+00:00,31.93,31.12,0.123,EMPTY TANK
2024-08-22 09:42:00+00:00,31.93,31.12,0.123,EMPTY TANK
2024-08-22 09:43:00+00:00,31.93,31.12,0.123,EMPTY TANK
2024-08-22 09:44:00+00:00,31.93,31.12,0.123,EMPTY TANK
2024-08-22 09:45:00+00:00,31.93,31.12,0.123,EMPTY TANK
2024-08-22 09:46:00+00:00,31.93,31.12,0.123,EMPTY TANK
2024-08-22 09:47:00+00:00,31.93,31.12,0.122,EMPTY TANK
2024-08-22 09:48:00+00:00,31.93,31.12,0.123,EMPTY TANK
2024-08-22 09:49:00+00:00,31.93,31.12,0.122,EMPTY TANK
2024-08-22 09:50:00+00:00,31.93,31.12,0.122,EMPTY TANK
2024-08-22 09:51:00+00:00,31.93,31.12,0.122,EMPTY TANK
2024-08-22 09:52:00+00:00,31.93,31.12,0.123,EMPTY TANK
2024-08-22 09:53:00+00:00,31.93,31.12,0.122,EMPTY TANK
2024-08-22 09:54:00+00:00,31.93,31.12,0.122,EMPTY TANK
2024-08-22 09:55:00+00:00,31.93,31.12,0.122,EMPTY TANK
2024-08-22 09:56:00+00:00,31.93,31.12,0.123,EMPTY TANK
2024-08-22 09:57:00+00:00,31.93,31.12,0.123,EMPTY TANK
2024-08-22 09:58:00+00:00,31.93,31.12,0.122,EMPTY TANK
2024-08-22 09:59:00+00:00,31.93,31.12,0.122,EMPTY TANK
2024-08-22 10:00:00+00:00,31.93,31.12,0.122,EMPTY TANK
2024-08-22 10:01:00+00:00,31.93,31.12,0.122,EMPTY TANK
2024-08-22 10:02:00+00:00,31.93,31.12,0.122,EMPTY TANK
2024-08-22 10:03:00+00:00,31.93,31.12,0.122,EMPTY TANK
2024-08-22 10:04:00+00:00,31.93,31.12,0.122,EMPTY TANK
2024-08-22 10:05:00+00:00,31.93,31.12,0.123,EMPTY TANK
2024-08-22 10:06:00+00:00,31.93,31.12,0.122,EMPTY TANK
2024-08-22 10:07:00+00:00,31.93,31.12,0.123,EMPTY TANK
2024-08-22 10:08:00+00:00,31.93,31.12,0.122,EMPTY TANK
2024-08-22 10:09:00+00:00,31.93,31.12,0.122,EMPTY TANK
2024-08-22 10:10:00+00:00,31.93,31.12,0.122,EMPTY TANK
2024-08-22 10:11:00+00:00,31.93,31.12,0.122,EMPTY TANK
2024-08-22 10:12:00+00:00,31.93,31.12,0.122,EMPTY TANK
2024-08-22 10:13:00+00:00,31.93,31.12,0.122,EMPTY TANK
2024-08-22 10:14:00+00:00,31.93,31.12,0.122,EMPTY TANK
2024-08-22 10:15:00+00:00,31.93,31.12,0.122,EMPTY TANK
2024-08-22 10:16:00+00:00,31.93,31.12,0.122,EMPTY TANK
2024-08-22 10:17:00+00:00,31.93,31.12,0.122,EMPTY TANK
2024-08-22 10:18:00+00:00,31.93,31.12,0.122,EMPTY TANK
2024-08-22 10:19:00+00:00,31.93,31.12,0.122,EMPTY TANK
2024-08-22 10:20:00+00:00,31.93,31.12,0.122,EMPTY TANK
2024-08-22 10:21:00+00:00,31.93,31.12,0.122,EMPTY TANK
2024-08-22 10:22:00+00:00,31.93,31.12,0.122,EMPTY TANK
2024-08-22 10:23:00+00:00,31.93,31.12,0.122,EMPTY TANK
2024-08-22 10:24:00+00:00,31.93,31.12,0.122,EMPTY TANK
2024-08-22 10:25:00+00:00,31.93,31.12,0.122,EMPTY TANK
2024-08-22 10:26:00+00:00,31.93,31.12,0.124,EMPTY TANK
2024-08-22 10:27:00+00:00,31.93,31.12,0.122,EMPTY TANK
2024-08-22 10:28:00+00:00,31.93,31.12,0.122,EMPTY TANK
2024-08-22 10:29:00+00:00,31.93,31.12,0.122,EMPTY TANK
2024-08-22 10:30:00+00:00,31.93,31.12,0.123,EMPTY TANK
2024-08-22 10:31:00+00:00,31.93,31.12,0.123,EMPTY TANK
2024-08-22 10:32:00+00:00,31.93,31.12,0.123,EMPTY TANK
2024-08-22 10:33:00+00:00,31.93,31.12,0.122,EMPTY TANK
2024-08-22 10:34:00+00:00,31.93,31.12,0.122,EMPTY TANK
2024-08-22 10:35:00+00:00,31.93,31.12,0.122,EMPTY TANK
2024-08-22 10:36:00+00:00,31.93,31.12,0.122,EMPTY TANK
2024-08-22 10:37:00+00:00,31.93,31.12,0.122,EMPTY TANK
2024-08-22 10:38:00+00:00,31.93,31.12,0.122,EMPTY TANK
2024-08-22 10:39:00+00:00,31.93,31.12,0.122,EMPTY TANK
2024-08-22 10:40:00+00:00,31.93,31.12,0.122,EMPTY TANK
2024-08-22 10:41:00+00:00,31.93,31.12,0.122,EMPTY TANK
2024-08-22 10:42:00+00:00,31.93,31.12,0.122,EMPTY TANK
2024-08-22 10:43:00+00:00,31.93,31.12,0.122,EMPTY TANK
2024-08-22 10:44:00+00:00,31.93,31.12,0.122,EMPTY TANK
2024-08-22 10:45:00+00:00,31.93,31.12,0.122,EMPTY TANK
2024-08-22 10:46:00+00:00,31.93,31.12,0.122,EMPTY TANK
2024-08-22 10:47:00+00:00,31.93,31.12,0.122,EMPTY TANK
2024-08-22 10:48:00+00:00,31.93,31.12,0.122,EMPTY TANK
2024-08-22 10:49:00+00:00,31.93,31.12,0.122,EMPTY TANK
2024-08-22 10:50:00+00:00,31.93,31.12,0.122,EMPTY TANK
2024-08-22 10:51:00+00:00,31.93,31.12,0.122,EMPTY TANK
2024-08-22 10:52:00+00:00,31.93,31.12,0.122,EMPTY TANK
2024-08-22 10:53:00+00:00,31.93,31.12,0.122,EMPTY TANK
2024-08-22 10:54:00+00:00,31.93,31.12,0.122,EMPTY TANK
2024-08-22 10:55:00+00:00,31.93,31.12,0.122,EMPTY TANK
2024-08-22 10:56:00+00:00,31.93,31.12,0.122,EMPTY TANK
2024-08-22 10:57:00+00:00,31.93,31.12,0.122,EMPTY TANK
2024-08-22 10:58:00+00:00,31.93,31.12,0.122,EMPTY TANK
2024-08-22 10:59:00+00:00,31.93,31.12,0.122,EMPTY TANK
2024-08-22 11:00:00+00:00,31.93,31.12,0.122,EMPTY TANK
2024-08-22 11:01:00+00:00,31.93,31.12,0.122,EMPTY TANK
2024-08-22 11:02:00+00:00,31.93,31.12,0.122,EMPTY TANK
2024-08-22 11:03:00+00:00,31.93,31.12,0.122,EMPTY TANK
2024-08-22 11:04:00+00:00,31.93,31.12,0.122,EMPTY TANK
2024-08-22 11:05:00+00:00,31.93,31.12,0.122,EMPTY TANK
2024-08-22 11:06:00+00:00,31.93,31.12,0.122,EMPTY TANK
2024-08-22 11:07:00+00:00,31.93,31.12,0.122,EMPTY TANK
2024-08-22 11:08:00+00:00,31.93,31.12,0.122,EMPTY TANK
2024-08-22 11:09:00+00:00,31.93,31.12,0.122,EMPTY TANK
2024-08-22 11:10:00+00:00,31.93,31.12,0.122,EMPTY TANK
2024-08-22 11:11:00+00:00,31.93,31.12,0.122,EMPTY TANK
2024-08-22 11:12:00+00:00,31.93,31.12,0.122,EMPTY TANK
2024-08-22 11:13:00+00:00,31.93,31.12,0.122,EMPTY TANK
2024-08-22 11:14:00+00:00,31.93,31.12,0.122,EMPTY TANK
2024-08-22 11:15:00+00:00,31.93,31.12,0.122,EMPTY TANK
2024-08-22 11:16:00+00:00,31.93,31.12,0.122,EMPTY TANK
2024-08-22 11:17:00+00:00,31.93,31.12,0.122,EMPTY TANK
2024-08-22 11:18:00+00:00,31.93,31.12,0.123,EMPTY TANK
2024-08-22 11:19:00+00:00,31.93,31.12,0.122,EMPTY TANK
2024-08-22 11:20:00+00:00,31.93,31.12,0.122,EMPTY TANK
2024-08-22 11:21:00+00:00,31.93,31.12,0.122,EMPTY TANK
2024-08-22 11:22:00+00:00,31.93,31.12,0.122,EMPTY TANK
2024-08-22 11:23:00+00:00,31.93,31.12,0.122,EMPTY TANK
2024-08-22 11:24:00+00:00,31.93,31.12,0.122,EMPTY TANK
2024-08-22 11:25:00+00:00,31.93,31.12,0.122,EMPTY TANK
2024-08-22 11:26:00+00:00,31.93,31.12,0.122,EMPTY TANK
2024-08-22 11:27:00+00:00,31.93,31.12,0.122,EMPTY TANK
2024-08-22 11:28:00+00:00,31.93,31.12,0.122,EMPTY TANK
2024-08-22 11:29:00+00:00,31.93,31.12,0.122,EMPTY TANK
2024-08-22 11:30:00+00:00,31.93,31.12,0.122,EMPTY TANK
2024-08-22 11:31:00+00:00,31.93,31.12,0.122,EMPTY TANK
2024-08-22 11:32:00+00:00,31.93,31.12,0.122,EMPTY TANK
2024-08-22 11:33:00+00:00,31.93,31.12,0.122,EMPTY TANK
2024-08-22 11:34:00+00:00,31.93,31.12,0.122,EMPTY TANK
2024-08-22 11:35:00+00:00,31.93,31.12,0.122,EMPTY TANK
2024-08-22 11:36:00+00:00,31.93,31.12,0.122,EMPTY TANK
2024-08-22 11:37:00+00:00,31.93,31.12,0.122,EMPTY TANK
2024-08-22 11:38:00+00:00,31.93,31.12,0.122,EMPTY TANK
2024-08-22 11:39:00+00:00,31.93,31.12,0.122,EMPTY TANK
2024-08-22 11:40:00+00:00,31.93,31.12,0.123,EMPTY TANK
2024-08-22 11:41:00+00:00,31.93,31.12,0.122,EMPTY TANK
2024-08-22 11:42:00+00:00,31.93,31.12,0.122,EMPTY TANK
2024-08-22 11:43:00+00:00,31.93,31.12,0.122,EMPTY TANK
2024-08-22 11:44:00+00:00,31.93,31.12,0.122,EMPTY TANK
2024-08-22 11:45:00+00:00,31.93,31.12,0.122,EMPTY TANK
2024-08-22 11:46:00+00:00,31.93,31.12,0.122,EMPTY TANK
2024-08-22 11:47:00+00:00,31.93,31.12,0.122,EMPTY TANK
2024-08-22 11:48:00+00:00,31.93,31.12,0.122,EMPTY TANK
2024-08-22 11:49:00+00:00,31.93,31.12,0.122,EMPTY TANK
2024-08-22 11:50:00+00:00,31.93,31.12,0.122,EMPTY TANK
2024-08-22 11:51:00+00:00,31.93,31.12,0.122,EMPTY TANK
2024-08-22 11:52:00+00:00,31.93,31.12,0.122,EMPTY TANK
2024-08-22 11:53:00+00:00,31.93,31.12,0.122,EMPTY TANK
2024-08-22 11:54:00+00:00,31.93,31.12,0.122,EMPTY TANK
2024-08-22 11:55:00+00:00,31.93,31.12,0.122,EMPTY TANK
2024-08-22 11:56:00+00:00,31.93,31.12,0.123,EMPTY TANK
2024-08-22 11:57:00+00:00,31.93,31.12,0.122,EMPTY TANK
2024-08-22 11:58:00+00:00,31.93,31.12,0.122,EMPTY TANK
2024-08-22 11:59:00+00:00,31.93,31.12,0.122,EMPTY TANK
2024-08-22 12:00:00+00:00,31.93,31.12,0.122,EMPTY TANK
2024-08-22 12:01:00+00:00,31.93,31.12,0.122,EMPTY TANK
2024-08-22 12:02:00+00:00,31.93,31.12,0.122,EMPTY TANK
2024-08-22 12:03:00+00:00,31.93,31.12,0.122,EMPTY TANK
2024-08-22 12:04:00+00:00,31.93,31.12,0.122,EMPTY TANK
2024-08-22 12:05:00+00:00,31.93,31.12,0.122,EMPTY TANK
2024-08-22 12:06:00+00:00,31.93,31.12,0.122,EMPTY TANK
2024-08-22 12:07:00+00:00,31.93,31.12,0.122,EMPTY TANK
2024-08-22 12:08:00+00:00,31.93,31.12,0.122,EMPTY TANK
2024-08-22 12:09:00+00:00,31.93,31.12,0.122,EMPTY TANK
2024-08-22 12:10:00+00:00,31.93,31.12,0.123,EMPTY TANK
2024-08-22 12:11:00+00:00,31.93,31.12,0.123,EMPTY TANK
2024-08-22 12:12:00+00:00,31.93,31.12,0.123,EMPTY TANK
2024-08-22 12:13:00+00:00,31.93,31.12,0.122,EMPTY TANK
2024-08-22 12:14:00+00:00,31.93,31.12,0.122,EMPTY TANK
2024-08-22 12:15:00+00:00,31.93,31.12,0.122,EMPTY TANK
2024-08-22 12:16:00+00:00,31.93,31.12,0.122,EMPTY TANK
2024-08-22 12:17:00+00:00,31.93,31.12,0.122,EMPTY TANK
2024-08-22 12:18:00+00:00,31.93,31.12,0.121,EMPTY TANK
2024-08-22 12:19:00+00:00,31.93,31.12,0.123,EMPTY TANK
2024-08-22 12:20:00+00:00,31.93,31.12,0.122,EMPTY TANK
2024-08-22 12:21:00+00:00,31.93,31.12,0.122,EMPTY TANK
2024-08-22 12:22:00+00:00,31.87,31.12,0.122,EMPTY TANK
2024-08-22 12:23:00+00:00,31.87,31.12,0.121,EMPTY TANK
2024-08-22 12:24:00+00:00,31.87,31.06,0.122,EMPTY TANK
2024-08-22 12:25:00+00:00,31.87,31.06,0.122,EMPTY TANK
2024-08-22 12:26:00+00:00,31.81,31.06,0.122,EMPTY TANK
2024-08-22 12:27:00+00:00,31.81,31.06,0.122,EMPTY TANK
2024-08-22 12:28:00+00:00,31.81,31.0,0.122,EMPTY TANK
2024-08-22 12:29:00+00:00,31.81,31.0,0.122,EMPTY TANK
2024-08-22 12:30:00+00:00,31.81,31.06,0.122,EMPTY TANK
2024-08-22 12:31:00+00:00,31.75,31.0,0.123,EMPTY TANK
2024-08-22 12:32:00+00:00,31.75,31.0,0.122,EMPTY TANK
2024-08-22 12:33:00+00:00,31.75,31.0,0.123,EMPTY TANK
2024-08-22 12:34:00+00:00,31.75,31.0,0.122,EMPTY TANK
2024-08-22 12:35:00+00:00,31.75,31.0,0.122,EMPTY TANK
2024-08-22 12:36:00+00:00,31.75,31.0,0.122,EMPTY TANK
2024-08-22 12:37:00+00:00,31.75,31.0,0.122,EMPTY TANK
2024-08-22 12:38:00+00:00,31.68,30.93,0.122,EMPTY TANK
2024-08-22 12:39:00+00:00,31.68,30.93,0.121,EMPTY TANK
2024-08-22 12:40:00+00:00,31.68,30.93,0.122,EMPTY TANK
2024-08-22 12:41:00+00:00,31.68,30.93,0.122,EMPTY TANK
2024-08-22 12:42:00+00:00,31.68,30.93,0.122,EMPTY TANK
2024-08-22 12:43:00+00:00,31.68,30.93,0.122,EMPTY TANK
2024-08-22 12:44:00+00:00,31.68,30.93,0.122,EMPTY TANK
2024-08-22 12:45:00+00:00,31.68,30.93,0.122,EMPTY TANK
2024-08-22 12:46:00+00:00,31.68,30.93,0.122,EMPTY TANK
2024-08-22 12:47:00+00:00,31.68,30.93,0.122,EMPTY TANK
2024-08-22 12:48:00+00:00,31.68,30.93,0.122,EMPTY TANK
2024-08-22 12:49:00+00:00,31.68,30.93,0.122,EMPTY TANK
2024-08-22 12:50:00+00:00,31.68,30.93,0.122,EMPTY TANK
2024-08-22 12:51:00+00:00,31.68,30.93,0.123,EMPTY TANK
2024-08-22 12:52:00+00:00,31.68,30.93,0.122,EMPTY TANK
2024-08-22 12:53:00+00:00,31.68,30.93,0.122,EMPTY TANK
2024-08-22 12:54:00+00:00,31.68,30.93,0.122,EMPTY TANK
2024-08-22 12:55:00+00:00,31.68,30.93,0.122,EMPTY TANK
2024-08-22 12:56:00+00:00,31.68,30.93,0.122,EMPTY TANK
2024-08-22 12:57:00+00:00,31.5,30.68,0.122,EMPTY TANK
2024-08-22 12:58:00+00:00,31.5,30.68,0.122,EMPTY TANK
2024-08-22 12:59:00+00:00,31.5,30.68,0.122,EMPTY TANK
2024-08-22 13:00:00+00:00,31.5,30.68,0.123,EMPTY TANK
2024-08-22 13:01:00+00:00,31.5,30.68,0.123,EMPTY TANK
2024-08-22 13:02:00+00:00,31.5,30.68,0.122,EMPTY TANK
2024-08-22 13:03:00+00:00,31.5,30.68,0.122,EMPTY TANK
2024-08-22 13:04:00+00:00,31.5,30.68,0.122,EMPTY TANK
2024-08-22 13:05:00+00:00,31.5,30.68,0.122,EMPTY TANK
2024-08-22 13:06:00+00:00,31.5,30.68,0.123,EMPTY TANK
2024-08-22 13:07:00+00:00,31.5,30.68,0.122,EMPTY TANK
2024-08-22 13:08:00+00:00,31.5,30.68,0.122,EMPTY TANK
2024-08-22 13:09:00+00:00,31.5,30.68,0.122,EMPTY TANK
2024-08-22 13:10:00+00:00,31.43,30.68,0.122,EMPTY TANK
2024-08-22 13:11:00+00:00,31.37,30.62,0.122,EMPTY TANK
2024-08-22 13:12:00+00:00,31.43,30.62,0.122,EMPTY TANK
2024-08-22 13:13:00+00:00,31.43,30.62,0.122,EMPTY TANK
2024-08-22 13:14:00+00:00,31.37,30.62,0.123,EMPTY TANK
2024-08-22 13:15:00+00:00,31.43,30.62,0.123,EMPTY TANK
2024-08-22 13:16:00+00:00,31.37,30.56,0.123,EMPTY TANK
2024-08-22 13:17:00+00:00,31.43,30.56,0.122,EMPTY TANK
2024-08-22 13:18:00+00:00,31.37,30.62,0.122,EMPTY TANK
2024-08-22 13:19:00+00:00,31.37,30.56,0.122,EMPTY TANK
2024-08-22 13:20:00+00:00,31.37,30.56,0.122,EMPTY TANK
2024-08-22 13:21:00+00:00,31.37,30.56,0.122,EMPTY TANK
2024-08-22 13:22:00+00:00,31.37,30.56,0.123,EMPTY TANK
2024-08-22 13:23:00+00:00,31.37,30.56,0.122,EMPTY TANK
2024-08-22 13:24:00+00:00,31.31,30.56,0.122,EMPTY TANK
2024-08-22 13:25:00+00:00,31.31,30.56,0.122,EMPTY TANK
2024-08-22 13:26:00+00:00,31.31,30.5,0.122,EMPTY TANK
2024-08-22 13:27:00+00:00,31.31,30.5,0.122,EMPTY TANK
2024-08-22 13:28:00+00:00,31.31,30.5,0.123,EMPTY TANK
2024-08-22 13:29:00+00:00,31.31,30.5,0.123,EMPTY TANK
2024-08-22 13:30:00+00:00,31.31,30.5,0.122,EMPTY TANK
2024-08-22 13:31:00+00:00,31.31,30.5,0.122,EMPTY TANK
2024-08-22 13:32:00+00:00,31.31,30.5,0.122,EMPTY TANK
2024-08-22 13:33:00+00:00,31.25,30.5,0.123,EMPTY TANK
2024-08-22 13:34:00+00:00,31.31,30.5,0.122,EMPTY TANK
2024-08-22 13:35:00+00:00,31.25,30.5,0.122,EMPTY TANK
2024-08-22 13:36:00+00:00,31.25,30.43,0.122,EMPTY TANK
2024-08-22 13:37:00+00:00,31.25,30.43,0.122,EMPTY TANK
2024-08-22 13:38:00+00:00,31.31,30.43,0.123,EMPTY TANK
2024-08-22 13:39:00+00:00,31.25,30.43,0.121,EMPTY TANK
2024-08-22 13:40:00+00:00,31.25,30.43,0.122,EMPTY TANK
2024-08-22 13:41:00+00:00,31.18,30.43,0.122,EMPTY TANK
2024-08-22 13:42:00+00:00,31.18,30.43,0.123,EMPTY TANK
2024-08-22 13:43:00+00:00,31.18,30.43,0.122,EMPTY TANK
2024-08-22 13:44:00+00:00,31.18,30.43,0.122,EMPTY TANK
2024-08-22 13:45:00+00:00,31.25,30.43,0.122,EMPTY TANK
2024-08-22 13:46:00+00:00,31.25,30.43,0.122,EMPTY TANK
2024-08-22 13:47:00+00:00,31.25,30.43,0.122,EMPTY TANK
2024-08-22 13:48:00+00:00,31.25,30.43,0.122,EMPTY TANK
2024-08-22 13:49:00+00:00,31.18,30.43,0.122,EMPTY TANK
2024-08-22 13:50:00+00:00,31.18,30.43,0.122,EMPTY TANK
2024-08-22 13:51:00+00:00,31.18,30.43,0.122,EMPTY TANK
2024-08-22 13:52:00+00:00,31.12,30.37,0.122,EMPTY TANK
2024-08-22 13:53:00+00:00,31.18,30.37,0.122,EMPTY TANK
2024-08-22 13:54:00+00:00,31.12,30.37,0.123,EMPTY TANK
2024-08-22 13:55:00+00:00,31.12,30.37,0.122,EMPTY TANK
2024-08-22 13:56:00+00:00,31.12,30.37,0.122,EMPTY TANK
2024-08-22 13:57:00+00:00,31.12,30.43,0.122,EMPTY TANK
2024-08-22 13:58:00+00:00,31.12,30.37,0.122,EMPTY TANK
2024-08-22 13:59:00+00:00,31.12,30.37,0.122,EMPTY TANK
2024-08-22 14:00:00+00:00,31.06,30.31,0.122,EMPTY TANK
2024-08-22 14:01:00+00:00,31.12,30.37,0.122,EMPTY TANK
2024-08-22 14:02:00+00:00,31.12,30.37,0.122,EMPTY TANK
2024-08-22 14:03:00+00:00,31.12,30.37,0.121,EMPTY TANK
2024-08-22 14:04:00+00:00,31.12,30.37,0.122,EMPTY TANK
2024-08-22 14:05:00+00:00,31.06,30.31,0.122,EMPTY TANK
2024-08-22 14:06:00+00:00,31.06,30.31,0.122,EMPTY TANK
2024-08-22 14:07:00+00:00,31.06,30.31,0.122,EMPTY TANK
2024-08-22 14:08:00+00:00,31.06,30.31,0.122,EMPTY TANK
2024-08-22 14:09:00+00:00,31.06,30.25,0.122,EMPTY TANK
2024-08-22 14:10:00+00:00,31.06,30.31,0.122,EMPTY TANK
2024-08-22 14:11:00+00:00,31.06,30.31,0.122,EMPTY TANK
2024-08-22 14:12:00+00:00,31.06,30.31,0.122,EMPTY TANK
2024-08-22 14:13:00+00:00,31.06,30.31,0.122,EMPTY TANK
2024-08-22 14:14:00+00:00,31.06,30.31,0.122,EMPTY TANK
2024-08-22 14:15:00+00:00,31.06,30.31,0.122,EMPTY TANK
2024-08-22 14:16:00+00:00,31.06,30.31,0.122,EMPTY TANK
2024-08-22 14:17:00+00:00,31.06,30.31,0.122,EMPTY TANK
2024-08-22 14:18:00+00:00,31.06,30.31,0.122,EMPTY TANK
2024-08-22 14:19:00+00:00,31.06,30.31,0.123,EMPTY TANK
2024-08-22 14:20:00+00:00,31.0,30.31,0.122,EMPTY TANK
2024-08-22 14:21:00+00:00,31.0,30.31,0.122,EMPTY TANK
2024-08-22 14:22:00+00:00,31.0,30.31,0.122,EMPTY TANK
2024-08-22 14:23:00+00:00,31.06,30.31,0.122,EMPTY TANK
2024-08-22 14:24:00+00:00,31.0,30.25,0.122,EMPTY TANK
2024-08-22 14:25:00+00:00,31.0,30.25,0.122,EMPTY TANK
2024-08-22 14:26:00+00:00,31.0,30.31,0.122,EMPTY TANK
2024-08-22 14:27:00+00:00,31.0,30.25,0.122,EMPTY TANK
2024-08-22 14:28:00+00:00,31.0,30.25,0.121,EMPTY TANK
2024-08-22 14:29:00+00:00,31.0,30.25,0.122,EMPTY TANK
2024-08-22 14:30:00+00:00,31.0,30.25,0.121,EMPTY TANK
2024-08-22 14:31:00+00:00,31.0,30.25,0.122,EMPTY TANK
2024-08-22 14:32:00+00:00,31.0,30.25,0.122,EMPTY TANK
2024-08-22 14:33:00+00:00,31.06,30.25,0.122,EMPTY TANK
2024-08-22 14:34:00+00:00,31.0,30.25,0.121,EMPTY TANK
2024-08-22 14:35:00+00:00,31.0,30.25,0.122,EMPTY TANK
2024-08-22 14:36:00+00:00,31.0,30.25,0.122,EMPTY TANK
2024-08-22 14:37:00+00:00,31.0,30.25,0.122,EMPTY TANK
2024-08-22 14:38:00+00:00,31.0,30.25,0.122,EMPTY TANK
2024-08-22 14:39:00+00:00,31.0,30.31,0.122,EMPTY TANK
2024-08-22 14:40:00+00:00,31.0,30.18,0.123,EMPTY TANK
2024-08-22 14:41:00+00:00,30.93,30.25,0.122,EMPTY TANK
2024-08-22 14:42:00+00:00,30.93,30.25,0.122,EMPTY TANK
2024-08-22 14:43:00+00:00,30.93,30.25,0.122,EMPTY TANK
2024-08-22 14:44:00+00:00,30.93,30.25,0.122,EMPTY TANK
2024-08-22 14:45:00+00:00,30.93,30.25,0.122,EMPTY TANK
2024-08-22 14:46:00+00:00,30.93,30.25,0.122,EMPTY TANK
2024-08-22 14:47:00+00:00,30.93,30.25,0.122,EMPTY TANK
2024-08-22 14:48:00+00:00,30.93,30.25,0.123,EMPTY TANK
2024-08-22 14:49:00+00:00,30.93,30.25,0.123,EMPTY TANK
2024-08-22 14:50:00+00:00,30.93,30.25,0.122,EMPTY TANK
2024-08-22 14:51:00+00:00,30.93,30.25,0.122,EMPTY TANK
2024-08-22 14:52:00+00:00,30.93,30.25,0.122,EMPTY TANK
2024-08-22 14:53:00+00:00,30.93,30.25,0.122,EMPTY TANK
2024-08-22 14:54:00+00:00,30.93,30.25,0.122,EMPTY TANK
2024-08-22 14:55:00+00:00,30.93,30.25,0.122,EMPTY TANK
2024-08-22 14:56:00+00:00,30.93,30.25,0.122,EMPTY TANK
2024-08-22 14:57:00+00:00,30.93,30.25,0.123,EMPTY TANK
2024-08-22 14:58:00+00:00,30.93,30.25,0.122,EMPTY TANK
2024-08-22 14:59:00+00:00,30.93,30.25,0.121,EMPTY TANK
2024-08-22 15:00:00+00:00,30.93,30.25,0.122,EMPTY TANK
2024-08-22 15:01:00+00:00,30.93,30.25,0.123,EMPTY TANK
2024-08-22 15:02:00+00:00,30.93,30.25,0.122,EMPTY TANK
2024-08-22 15:03:00+00:00,30.93,30.25,0.123,EMPTY TANK
2024-08-22 15:04:00+00:00,30.93,30.25,0.122,EMPTY TANK
2024-08-22 15:05:00+00:00,30.93,30.25,0.122,EMPTY TANK
2024-08-22 15:06:00+00:00,30.93,30.25,0.122,EMPTY TANK
2024-08-22 15:07:00+00:00,30.93,30.25,0.122,EMPTY TANK
2024-08-22 15:08:00+00:00,30.93,30.25,0.122,EMPTY TANK
2024-08-22 15:09:00+00:00,30.93,30.25,0.122,EMPTY TANK
2024-08-22 15:10:00+00:00,30.93,30.25,0.122,EMPTY TANK
2024-08-22 15:11:00+00:00,30.93,30.25,0.122,EMPTY TANK
2024-08-22 15:12:00+00:00,30.93,30.25,0.122,EMPTY TANK
2024-08-22 15:13:00+00:00,30.93,30.25,0.121,EMPTY TANK
2024-08-22 15:14:00+00:00,30.93,30.25,0.122,EMPTY TANK
2024-08-22 15:15:00+00:00,30.93,30.25,0.122,EMPTY TANK
2024-08-22 15:16:00+00:00,30.93,30.25,0.122,EMPTY TANK
2024-08-22 15:17:00+00:00,30.93,30.25,0.122,EMPTY TANK
2024-08-22 15:18:00+00:00,30.93,30.25,0.122,EMPTY TANK
2024-08-22 15:19:00+00:00,30.93,30.25,0.122,EMPTY TANK
2024-08-22 15:20:00+00:00,31.06,30.31,0.122,EMPTY TANK
2024-08-22 15:21:00+00:00,31.06,30.31,0.122,EMPTY TANK
2024-08-22 15:22:00+00:00,31.06,30.31,0.122,EMPTY TANK
2024-08-22 15:23:00+00:00,31.06,30.31,0.122,EMPTY TANK
2024-08-22 15:24:00+00:00,31.06,30.31,0.122,EMPTY TANK
2024-08-22 15:25:00+00:00,31.06,30.31,0.122,EMPTY TANK
2024-08-22 15:26:00+00:00,31.06,30.31,0.122,EMPTY TANK
2024-08-22 15:27:00+00:00,31.06,30.31,0.122,EMPTY TANK
2024-08-22 15:28:00+00:00,31.06,30.31,0.122,EMPTY TANK
2024-08-22 15:29:00+00:00,31.06,30.31,0.122,EMPTY TANK
2024-08-22 15:30:00+00:00,31.06,30.31,0.122,EMPTY TANK
2024-08-22 15:31:00+00:00,31.06,30.31,0.122,EMPTY TANK
2024-08-22 15:32:00+00:00,31.06,30.31,0.122,EMPTY TANK
2024-08-22 15:33:00+00:00,31.06,30.31,0.122,EMPTY TANK
2024-08-22 15:34:00+00:00,31.06,30.31,0.122,EMPTY TANK
2024-08-22 15:35:00+00:00,31.06,30.31,0.122,EMPTY TANK
2024-08-22 15:36:00+00:00,31.06,30.31,0.121,EMPTY TANK
2024-08-22 15:37:00+00:00,31.06,30.31,0.121,EMPTY TANK
2024-08-22 15:38:00+00:00,31.06,30.31,0.122,EMPTY TANK
2024-08-22 15:39:00+00:00,31.06,30.31,0.122,EMPTY TANK
2024-08-22 15:40:00+00:00,31.06,30.31,0.122,EMPTY TANK
2024-08-22 15:41:00+00:00,31.06,30.31,0.122,EMPTY TANK
2024-08-22 15:42:00+00:00,31.06,30.31,0.121,EMPTY TANK
2024-08-22 15:43:00+00:00,31.06,30.31,0.122,EMPTY TANK
2024-08-22 15:44:00+00:00,31.06,30.31,0.122,EMPTY TANK
2024-08-22 15:45:00+00:00,31.06,30.31,0.122,EMPTY TANK
2024-08-22 15:46:00+00:00,31.06,30.31,0.122,EMPTY TANK
2024-08-22 15:47:00+00:00,31.06,30.31,0.122,EMPTY TANK
2024-08-22 15:48:00+00:00,31.06,30.31,0.122,EMPTY TANK
2024-08-22 15:49:00+00:00,31.06,30.31,0.121,EMPTY TANK
2024-08-22 15:50:00+00:00,31.06,30.31,0.121,EMPTY TANK
2024-08-22 15:51:00+00:00,31.06,30.31,0.122,EMPTY TANK
2024-08-22 15:52:00+00:00,31.06,30.31,0.122,EMPTY TANK
2024-08-22 15:53:00+00:00,31.06,30.31,0.122,EMPTY TANK
2024-08-22 15:54:00+00:00,31.06,30.31,0.122,EMPTY TANK
2024-08-22 15:55:00+00:00,31.06,30.31,0.122,EMPTY TANK
2024-08-22 15:56:00+00:00,31.06,30.31,0.122,EMPTY TANK
2024-08-22 15:57:00+00:00,31.06,30.31,0.122,EMPTY TANK
2024-08-22 15:58:00+00:00,31.06,30.25,0.122,EMPTY TANK
2024-08-22 15:59:00+00:00,31.06,30.31,0.122,EMPTY TANK
2024-08-22 16:00:00+00:00,31.06,30.25,0.122,EMPTY TANK
2024-08-22 16:01:00+00:00,31.06,30.18,0.122,MILKING
2024-08-22 16:02:00+00:00,31.06,30.18,0.123,MILKING
2024-08-22 16:03:00+00:00,31.06,30.06,0.122,MILKING
2024-08-22 16:04:00+00:00,31.06,29.87,0.122,MILKING
2024-08-22 16:05:00+00:00,31.06,29.81,0.122,MILKING
2024-08-22 16:06:00+00:00,31.06,29.68,0.122,MILKING
2024-08-22 16:07:00+00:00,31.06,29.56,0.124,MILKING
2024-08-22 16:08:00+00:00,31.0,29.37,0.124,MILKING
2024-08-22 16:09:00+00:00,31.0,29.31,0.133,MILKING
2024-08-22 16:10:00+00:00,30.93,29.18,0.128,MILKING
2024-08-22 16:11:00+00:00,30.81,29.18,0.128,MILKING
2024-08-22 16:12:00+00:00,30.68,29.06,0.167,MILKING
2024-08-22 16:13:00+00:00,30.62,29.06,0.217,MILKING
2024-08-22 16:14:00+00:00,30.56,29.0,0.258,MILKING
2024-08-22 16:15:00+00:00,30.5,29.0,0.293,MILKING
2024-08-22 16:16:00+00:00,30.43,29.0,0.298,MILKING
2024-08-22 16:17:00+00:00,30.43,29.0,0.306,MILKING
2024-08-22 16:18:00+00:00,30.18,28.81,0.292,MILKING
2024-08-22 16:19:00+00:00,29.93,28.62,0.607,MILKING
2024-08-22 16:20:00+00:00,29.56,27.93,0.592,MILKING
2024-08-22 16:21:00+00:00,29.12,27.31,0.661,MILKING
2024-08-22 16:22:00+00:00,28.87,26.75,0.742,MILKING
2024-08-22 16:23:00+00:00,28.43,26.06,0.628,MILKING
2024-08-22 16:24:00+00:00,27.87,25.68,0.7,MILKING
2024-08-22 16:25:00+00:00,27.5,25.31,0.528,MILKING
2024-08-22 16:26:00+00:00,27.18,24.68,0.666,MILKING
2024-08-22 16:27:00+00:00,26.68,24.31,0.691,MILKING
2024-08-22 16:28:00+00:00,26.18,23.75,0.665,MILKING
2024-08-22 16:29:00+00:00,25.75,23.31,0.606,MILKING
2024-08-22 16:30:00+00:00,25.25,22.93,0.579,MILKING
2024-08-22 16:31:00+00:00,24.93,22.25,0.694,MILKING
2024-08-22 16:32:00+00:00,24.31,21.81,0.415,MILKING
2024-08-22 16:33:00+00:00,23.93,21.37,0.864,MILKING
2024-08-22 16:34:00+00:00,23.56,21.25,0.895,MILKING
2024-08-22 16:35:00+00:00,23.25,21.25,0.667,MILKING
2024-08-22 16:36:00+00:00,22.87,21.06,0.769,MILKING
2024-08-22 16:37:00+00:00,22.56,20.87,0.655,MILKING
2024-08-22 16:38:00+00:00,22.25,20.68,0.257,MILKING
2024-08-22 16:39:00+00:00,22.0,20.37,0.685,MILKING
2024-08-22 16:40:00+00:00,21.68,20.12,0.983,MILKING
2024-08-22 16:41:00+00:00,21.37,19.81,0.836,MILKING
2024-08-22 16:42:00+00:00,21.12,19.5,0.9,MILKING
2024-08-22 16:43:00+00:00,20.81,19.37,0.941,MILKING
2024-08-22 16:44:00+00:00,20.62,19.31,0.901,MILKING
2024-08-22 16:45:00+00:00,20.37,18.68,0.741,MILKING
2024-08-22 16:46:00+00:00,20.31,18.37,0.802,MILKING
2024-08-22 16:47:00+00:00,20.18,18.25,0.856,MILKING
2024-08-22 16:48:00+00:00,19.87,18.25,0.794,MILKING
2024-08-22 16:49:00+00:00,19.68,18.25,0.723,MILKING
2024-08-22 16:50:00+00:00,19.56,18.25,0.966,MILKING
2024-08-22 16:51:00+00:00,19.37,18.06,0.934,MILKING
2024-08-22 16:52:00+00:00,19.18,17.87,0.29,MILKING
2024-08-22 16:53:00+00:00,18.93,17.62,0.854,MILKING
2024-08-22 16:54:00+00:00,18.68,17.62,0.991,MILKING
2024-08-22 16:55:00+00:00,18.43,17.31,0.942,MILKING
2024-08-22 16:56:00+00:00,18.25,17.0,0.871,MILKING
2024-08-22 16:57:00+00:00,18.18,16.5,0.928,MILKING
2024-08-22 16:58:00+00:00,18.06,16.12,0.656,MILKING
2024-08-22 16:59:00+00:00,17.75,15.93,0.798,MILKING
2024-08-22 17:00:00+00:00,17.5,16.12,0.919,MILKING
2024-08-22 17:01:00+00:00,17.31,15.93,0.988,MILKING
2024-08-22 17:02:00+00:00,17.18,16.18,0.981,MILKING
2024-08-22 17:03:00+00:00,17.06,16.43,0.975,MILKING
2024-08-22 17:04:00+00:00,17.06,16.87,0.964,MILKING
2024-08-22 17:05:00+00:00,17.12,16.93,0.691,MILKING
2024-08-22 17:06:00+00:00,17.12,17.0,0.943,MILKING
2024-08-22 17:07:00+00:00,17.12,16.87,0.998,MILKING
2024-08-22 17:08:00+00:00,17.12,16.75,0.922,MILKING
2024-08-22 17:09:00+00:00,17.06,16.62,0.876,MILKING
2024-08-22 17:10:00+00:00,17.0,16.56,0.779,MILKING
2024-08-22 17:11:00+00:00,16.93,16.68,0.932,MILKING
2024-08-22 17:12:00+00:00,16.93,16.68,0.959,MILKING
2024-08-22 17:13:00+00:00,16.93,16.56,0.959,MILKING
2024-08-22 17:14:00+00:00,16.87,16.75,0.971,MILKING
2024-08-22 17:15:00+00:00,16.93,16.75,1.0,MILKING
2024-08-22 17:16:00+00:00,16.93,16.81,0.732,MILKING
2024-08-22 17:17:00+00:00,17.0,16.87,0.737,MILKING
2024-08-22 17:18:00+00:00,17.0,16.81,0.996,MILKING
2024-08-22 17:19:00+00:00,17.06,16.75,0.917,MILKING
2024-08-22 17:20:00+00:00,16.93,16.62,0.956,MILKING
2024-08-22 17:21:00+00:00,16.93,16.43,0.663,MILKING
2024-08-22 17:22:00+00:00,16.87,16.37,1.029,MILKING
2024-08-22 17:23:00+00:00,16.87,16.18,0.806,MILKING
2024-08-22 17:24:00+00:00,16.75,16.06,0.902,MILKING
2024-08-22 17:25:00+00:00,16.68,15.93,0.906,MILKING
2024-08-22 17:26:00+00:00,16.62,15.87,0.659,MILKING
2024-08-22 17:27:00+00:00,16.56,15.75,1.022,MILKING
2024-08-22 17:28:00+00:00,16.43,15.62,0.891,MILKING
2024-08-22 17:29:00+00:00,16.37,15.43,0.847,MILKING
2024-08-22 17:30:00+00:00,16.25,15.25,0.98,MILKING
2024-08-22 17:31:00+00:00,16.12,15.06,0.97,MILKING
2024-08-22 17:32:00+00:00,15.93,14.87,0.868,MILKING
2024-08-22 17:33:00+00:00,15.87,14.68,0.944,MILKING
2024-08-22 17:34:00+00:00,15.81,14.5,0.821,MILKING
2024-08-22 17:35:00+00:00,15.62,14.31,0.935,MILKING
2024-08-22 17:36:00+00:00,15.5,14.06,0.901,MILKING
2024-08-22 17:37:00+00:00,15.31,13.87,0.997,MILKING
2024-08-22 17:38:00+00:00,15.18,13.68,0.955,MILKING
2024-08-22 17:39:00+00:00,14.93,13.56,1.048,MILKING
2024-08-22 17:40:00+00:00,14.75,13.31,0.918,MILKING
2024-08-22 17:41:00+00:00,14.62,13.12,1.0,MILKING
2024-08-22 17:42:00+00:00,14.37,12.87,0.903,MILKING
2024-08-22 17:43:00+00:00,14.12,12.75,0.942,MILKING
2024-08-22 17:44:00+00:00,14.06,12.5,0.863,MILKING
2024-08-22 17:45:00+00:00,13.81,12.31,0.935,MILKING
2024-08-22 17:46:00+00:00,13.56,12.12,1.026,COOLING
2024-08-22 17:47:00+00:00,13.37,11.93,1.053,COOLING
2024-08-22 17:48:00+00:00,13.31,11.68,1.023,COOLING
2024-08-22 17:49:00+00:00,13.12,11.56,0.982,COOLING
2024-08-22 17:50:00+00:00,12.87,11.37,0.943,COOLING
2024-08-22 17:51:00+00:00,12.68,11.18,0.876,COOLING
2024-08-22 17:52:00+00:00,12.68,11.0,0.933,COOLING
2024-08-22 17:53:00+00:00,12.37,10.81,0.989,COOLING
2024-08-22 17:54:00+00:00,12.25,10.68,0.961,COOLING
2024-08-22 17:55:00+00:00,12.12,10.37,1.041,COOLING
2024-08-22 17:56:00+00:00,11.87,10.25,0.721,COOLING
2024-08-22 17:57:00+00:00,11.68,10.06,0.919,COOLING
2024-08-22 17:58:00+00:00,11.56,9.81,0.988,COOLING
2024-08-22 17:59:00+00:00,11.25,9.68,0.959,COOLING
2024-08-22 18:00:00+00:00,11.12,9.5,1.002,COOLING
2024-08-22 18:01:00+00:00,10.87,9.31,0.813,COOLING
2024-08-22 18:02:00+00:00,10.68,9.06,0.971,COOLING
2024-08-22 18:03:00+00:00,10.43,8.93,0.871,COOLING
2024-08-22 18:04:00+00:00,10.25,8.75,0.987,COOLING
2024-08-22 18:05:00+00:00,10.06,8.56,0.995,COOLING
2024-08-22 18:06:00+00:00,9.87,8.37,0.919,COOLING
2024-08-22 18:07:00+00:00,9.75,8.12,0.882,COOLING
2024-08-22 18:08:00+00:00,9.56,8.0,0.985,COOLING
2024-08-22 18:09:00+00:00,9.43,7.81,0.927,COOLING
2024-08-22 18:10:00+00:00,9.18,7.62,0.818,COOLING
2024-08-22 18:11:00+00:00,8.93,7.43,0.611,COOLING
2024-08-22 18:12:00+00:00,8.75,7.25,0.79,COOLING
2024-08-22 18:13:00+00:00,8.5,7.12,0.997,COOLING
2024-08-22 18:14:00+00:00,8.37,6.87,1.016,COOLING
2024-08-22 18:15:00+00:00,8.25,6.68,0.882,COOLING
2024-08-22 18:16:00+00:00,8.0,6.5,0.865,COOLING
2024-08-22 18:17:00+00:00,7.81,6.37,0.821,COOLING
2024-08-22 18:18:00+00:00,7.62,6.18,0.876,COOLING
2024-08-22 18:19:00+00:00,7.37,6.0,1.029,COOLING
2024-08-22 18:20:00+00:00,7.18,5.87,0.915,COOLING
2024-08-22 18:21:00+00:00,6.93,5.68,0.912,COOLING
2024-08-22 18:22:00+00:00,6.93,5.5,0.89,COOLING
2024-08-22 18:23:00+00:00,6.81,5.31,0.99,COOLING
2024-08-22 18:24:00+00:00,6.62,5.18,0.922,COOLING
2024-08-22 18:25:00+00:00,6.5,5.06,0.963,COOLING
2024-08-22 18:26:00+00:00,6.37,5.06,1.016,COOLING
2024-08-22 18:27:00+00:00,6.31,5.06,1.019,COOLING
2024-08-22 18:28:00+00:00,6.31,5.0,1.015,COOLING
2024-08-22 18:29:00+00:00,6.31,5.12,1.015,COOLING
2024-08-22 18:30:00+00:00,6.37,5.06,1.013,COOLING
2024-08-22 18:31:00+00:00,6.43,5.06,1.016,COOLING
2024-08-22 18:32:00+00:00,6.43,5.06,1.016,COOLING
2024-08-22 18:33:00+00:00,6.56,5.0,1.015,COOLING
2024-08-22 18:34:00+00:00,6.56,5.06,1.016,COOLING
2024-08-22 18:35:00+00:00,6.62,5.0,1.014,COOLING
2024-08-22 18:36:00+00:00,6.75,5.06,1.016,COOLING
2024-08-22 18:37:00+00:00,6.81,5.06,1.015,COOLING
2024-08-22 18:38:00+00:00,6.87,5.06,0.993,COOLING
2024-08-22 18:39:00+00:00,6.62,4.87,0.961,COOLING
2024-08-22 18:40:00+00:00,6.5,4.81,0.959,COOLING
2024-08-22 18:41:00+00:00,6.43,4.81,1.012,COOLING
2024-08-22 18:42:00+00:00,6.43,4.81,1.023,COOLING
2024-08-22 18:43:00+00:00,6.5,4.81,1.009,COOLING
2024-08-22 18:44:00+00:00,6.5,4.81,1.016,COOLING
2024-08-22 18:45:00+00:00,6.5,4.75,1.013,COOLING
2024-08-22 18:46:00+00:00,6.5,4.81,1.015,COOLING
2024-08-22 18:47:00+00:00,6.62,4.75,1.014,COOLING
2024-08-22 18:48:00+00:00,6.62,4.81,1.014,COOLING
2024-08-22 18:49:00+00:00,6.68,4.75,1.016,COOLING
2024-08-22 18:50:00+00:00,6.75,4.75,1.015,COOLING
2024-08-22 18:51:00+00:00,6.81,4.81,1.016,COOLING
2024-08-22 18:52:00+00:00,6.87,4.75,1.015,COOLING
2024-08-22 18:53:00+00:00,6.93,4.81,0.875,COOLING
2024-08-22 18:54:00+00:00,6.81,4.68,0.972,COOLING
2024-08-22 18:55:00+00:00,6.56,4.62,0.997,COOLING
2024-08-22 18:56:00+00:00,6.5,4.62,1.004,COOLING
2024-08-22 18:57:00+00:00,6.5,4.62,1.011,COOLING
2024-08-22 18:58:00+00:00,6.43,4.62,1.014,COOLING
2024-08-22 18:59:00+00:00,6.5,4.62,1.013,COOLING
2024-08-22 19:00:00+00:00,6.5,4.62,1.014,COOLING
2024-08-22 19:01:00+00:00,6.56,4.56,1.014,COOLING
2024-08-22 19:02:00+00:00,6.62,4.56,1.014,COOLING
2024-08-22 19:03:00+00:00,6.62,4.56,1.014,COOLING
2024-08-22 19:04:00+00:00,6.68,4.62,1.013,COOLING
2024-08-22 19:05:00+00:00,6.75,4.56,1.014,COOLING
2024-08-22 19:06:00+00:00,6.81,4.56,1.013,COOLING
2024-08-22 19:07:00+00:00,6.87,4.62,1.013,COOLING
2024-08-22 19:08:00+00:00,6.93,4.56,0.983,COOLING
2024-08-22 19:09:00+00:00,6.75,4.5,0.815,COOLING
2024-08-22 19:10:00+00:00,6.56,4.5,0.961,COOLING
2024-08-22 19:11:00+00:00,6.56,4.5,0.992,COOLING
2024-08-22 19:12:00+00:00,6.5,4.43,1.016,COOLING
2024-08-22 19:13:00+00:00,6.5,4.5,1.012,COOLING
2024-08-22 19:14:00+00:00,6.5,4.43,1.014,COOLING
2024-08-22 19:15:00+00:00,6.56,4.43,1.013,COOLING
2024-08-22 19:16:00+00:00,6.56,4.43,1.014,MAINTENANCE
2024-08-22 19:17:00+00:00,6.62,4.56,1.014,MAINTENANCE
2024-08-22 19:18:00+00:00,6.68,4.43,1.013,MAINTENANCE
2024-08-22 19:19:00+00:00,6.75,4.5,1.014,MAINTENANCE
2024-08-22 19:20:00+00:00,6.75,4.43,1.014,MAINTENANCE
2024-08-22 19:21:00+00:00,6.87,4.5,1.014,MAINTENANCE
2024-08-22 19:22:00+00:00,6.93,4.5,1.015,MAINTENANCE
2024-08-22 19:23:00+00:00,7.0,4.5,1.072,MAINTENANCE
2024-08-22 19:24:00+00:00,6.62,4.43,0.776,MAINTENANCE
2024-08-22 19:25:00+00:00,6.5,4.43,1.022,MAINTENANCE
2024-08-22 19:26:00+00:00,6.5,4.37,1.032,MAINTENANCE
2024-08-22 19:27:00+00:00,6.5,4.37,1.016,MAINTENANCE
2024-08-22 19:28:00+00:00,6.43,4.37,1.008,MAINTENANCE
2024-08-22 19:29:00+00:00,6.5,4.37,1.014,MAINTENANCE
2024-08-22 19:30:00+00:00,6.5,4.37,1.015,MAINTENANCE
2024-08-22 19:31:00+00:00,6.5,4.43,1.014,MAINTENANCE
2024-08-22 19:32:00+00:00,6.62,4.37,1.015,MAINTENANCE
2024-08-22 19:33:00+00:00,6.62,4.37,1.013,MAINTENANCE
2024-08-22 19:34:00+00:00,6.68,4.37,1.015,MAINTENANCE
2024-08-22 19:35:00+00:00,6.68,4.43,1.014,MAINTENANCE
2024-08-22 19:36:00+00:00,6.81,4.37,1.014,MAINTENANCE
2024-08-22 19:37:00+00:00,6.81,4.43,1.015,MAINTENANCE
2024-08-22 19:38:00+00:00,6.87,4.43,0.978,MAINTENANCE
2024-08-22 19:39:00+00:00,6.68,4.37,0.911,MAINTENANCE
2024-08-22 19:40:00+00:00,6.43,4.37,0.992,MAINTENANCE
2024-08-22 19:41:00+00:00,6.37,4.37,0.999,MAINTENANCE
2024-08-22 19:42:00+00:00,6.37,4.37,1.017,MAINTENANCE
2024-08-22 19:43:00+00:00,6.31,4.37,1.014,MAINTENANCE
2024-08-22 19:44:00+00:00,6.37,4.37,1.016,MAINTENANCE
2024-08-22 19:45:00+00:00,6.37,4.31,1.016,MAINTENANCE
2024-08-22 19:46:00+00:00,6.37,4.31,1.016,MAINTENANCE
2024-08-22 19:47:00+00:00,6.43,4.37,1.016,MAINTENANCE
2024-08-22 19:48:00+00:00,6.5,4.37,1.015,MAINTENANCE
2024-08-22 19:49:00+00:00,6.56,4.37,1.016,MAINTENANCE
2024-08-22 19:50:00+00:00,6.62,4.31,1.016,MAINTENANCE
2024-08-22 19:51:00+00:00,6.62,4.37,1.016,MAINTENANCE
2024-08-22 19:52:00+00:00,6.68,4.37,1.015,MAINTENANCE
2024-08-22 19:53:00+00:00,6.81,4.37,0.795,MAINTENANCE
2024-08-22 19:54:00+00:00,6.68,4.37,1.047,MAINTENANCE
2024-08-22 19:55:00+00:00,6.5,4.37,0.976,MAINTENANCE
2024-08-22 19:56:00+00:00,6.5,4.37,1.016,MAINTENANCE
2024-08-22 19:57:00+00:00,6.43,4.37,0.999,MAINTENANCE
2024-08-22 19:58:00+00:00,6.43,4.31,1.018,MAINTENANCE
2024-08-22 19:59:00+00:00,6.43,4.37,1.014,MAINTENANCE
2024-08-22 20:00:00+00:00,6.5,4.37,1.015,MAINTENANCE
2024-08-22 20:01:00+00:00,6.5,4.37,1.016,MAINTENANCE
2024-08-22 20:02:00+00:00,6.56,4.37,1.014,MAINTENANCE
2024-08-22 20:03:00+00:00,6.62,4.37,1.015,MAINTENANCE
2024-08-22 20:04:00+00:00,6.62,4.37,1.015,MAINTENANCE
2024-08-22 20:05:00+00:00,6.75,4.37,1.015,MAINTENANCE
2024-08-22 20:06:00+00:00,6.68,4.37,1.014,MAINTENANCE
2024-08-22 20:07:00+00:00,6.75,4.37,1.015,MAINTENANCE
2024-08-22 20:08:00+00:00,6.81,4.37,0.953,MAINTENANCE
2024-08-22 20:09:00+00:00,6.56,4.37,0.957,MAINTENANCE
2024-08-22 20:10:00+00:00,6.43,4.37,0.985,MAINTENANCE
2024-08-22 20:11:00+00:00,6.37,4.37,1.016,MAINTENANCE
2024-08-22 20:12:00+00:00,6.37,4.37,1.009,MAINTENANCE
2024-08-22 20:13:00+00:00,6.37,4.37,1.015,MAINTENANCE
2024-08-22 20:14:00+00:00,6.37,4.37,1.013,MAINTENANCE
2024-08-22 20:15:00+00:00,6.37,4.37,1.013,MAINTENANCE
2024-08-22 20:16:00+00:00,6.43,4.37,1.016,MAINTENANCE
2024-08-22 20:17:00+00:00,6.5,4.37,1.015,MAINTENANCE
2024-08-22 20:18:00+00:00,6.5,4.31,1.014,MAINTENANCE
2024-08-22 20:19:00+00:00,6.56,4.37,1.015,MAINTENANCE
2024-08-22 20:20:00+00:00,6.62,4.37,1.014,MAINTENANCE
2024-08-22 20:21:00+00:00,6.68,4.37,1.014,MAINTENANCE
2024-08-22 20:22:00+00:00,6.68,4.37,1.015,MAINTENANCE
2024-08-22 20:23:00+00:00,6.75,4.37,0.818,MAINTENANCE
2024-08-22 20:24:00+00:00,6.62,4.43,1.032,MAINTENANCE
2024-08-22 20:25:00+00:00,6.56,4.37,1.005,MAINTENANCE
2024-08-22 20:26:00+00:00,6.43,4.37,0.991,MAINTENANCE
2024-08-22 20:27:00+00:00,6.43,4.37,1.012,MAINTENANCE
2024-08-22 20:28:00+00:00,6.37,4.43,1.012,MAINTENANCE
2024-08-22 20:29:00+00:00,6.43,4.37,1.015,MAINTENANCE
2024-08-22 20:30:00+00:00,6.43,4.37,1.015,MAINTENANCE
2024-08-22 20:31:00+00:00,6.5,4.37,1.014,MAINTENANCE
2024-08-22 20:32:00+00:00,6.5,4.43,1.014,MAINTENANCE
2024-08-22 20:33:00+00:00,6.56,4.37,1.015,MAINTENANCE
2024-08-22 20:34:00+00:00,6.62,4.37,1.014,MAINTENANCE
2024-08-22 20:35:00+00:00,6.62,4.43,1.013,MAINTENANCE
2024-08-22 20:36:00+00:00,6.68,4.43,1.015,MAINTENANCE
2024-08-22 20:37:00+00:00,6.75,4.43,1.015,MAINTENANCE
2024-08-22 20:38:00+00:00,6.81,4.37,0.99,MAINTENANCE
2024-08-22 20:39:00+00:00,6.62,4.37,0.887,MAINTENANCE
2024-08-22 20:40:00+00:00,6.5,4.43,0.979,MAINTENANCE
2024-08-22 20:41:00+00:00,6.43,4.5,1.009,MAINTENANCE
2024-08-22 20:42:00+00:00,6.43,4.43,1.007,MAINTENANCE
2024-08-22 20:43:00+00:00,6.43,4.37,1.015,MAINTENANCE
2024-08-22 20:44:00+00:00,6.43,4.43,1.015,MAINTENANCE
2024-08-22 20:45:00+00:00,6.43,4.43,1.015,MAINTENANCE
2024-08-22 20:46:00+00:00,6.5,4.43,1.014,MAINTENANCE
2024-08-22 20:47:00+00:00,6.5,4.43,1.016,MAINTENANCE
2024-08-22 20:48:00+00:00,6.56,4.43,1.015,MAINTENANCE
2024-08-22 20:49:00+00:00,6.62,4.43,1.015,MAINTENANCE
2024-08-22 20:50:00+00:00,6.62,4.43,1.014,MAINTENANCE
2024-08-22 20:51:00+00:00,6.68,4.43,1.015,MAINTENANCE
2024-08-22 20:52:00+00:00,6.81,4.43,1.015,MAINTENANCE
2024-08-22 20:53:00+00:00,6.81,4.43,1.093,MAINTENANCE
2024-08-22 20:54:00+00:00,6.5,4.43,1.045,MAINTENANCE
2024-08-22 20:55:00+00:00,6.31,4.37,0.879,MAINTENANCE
2024-08-22 20:56:00+00:00,6.25,4.31,0.813,MAINTENANCE
2024-08-22 20:57:00+00:00,6.0,4.18,1.064,MAINTENANCE
2024-08-22 20:58:00+00:00,5.87,4.06,0.776,MAINTENANCE
2024-08-22 20:59:00+00:00,5.81,4.06,0.883,MAINTENANCE
2024-08-22 21:00:00+00:00,5.68,4.06,1.003,MAINTENANCE
2024-08-22 21:01:00+00:00,5.68,4.0,1.019,MAINTENANCE
2024-08-22 21:02:00+00:00,5.62,4.0,1.014,MAINTENANCE
2024-08-22 21:03:00+00:00,5.62,3.93,1.014,MAINTENANCE
2024-08-22 21:04:00+00:00,5.62,4.06,1.016,MAINTENANCE
2024-08-22 21:05:00+00:00,5.68,4.0,1.016,MAINTENANCE
2024-08-22 21:06:00+00:00,5.68,4.0,1.016,MAINTENANCE
2024-08-22 21:07:00+00:00,5.75,4.0,1.015,MAINTENANCE
2024-08-22 21:08:00+00:00,5.81,4.0,1.016,MAINTENANCE
2024-08-22 21:09:00+00:00,5.81,3.93,1.016,MAINTENANCE
2024-08-22 21:10:00+00:00,5.87,4.0,1.016,MAINTENANCE
2024-08-22 21:11:00+00:00,5.93,4.0,1.016,MAINTENANCE
2024-08-22 21:12:00+00:00,5.93,4.0,1.015,MAINTENANCE
2024-08-22 21:13:00+00:00,5.81,4.0,0.986,MAINTENANCE
2024-08-22 21:14:00+00:00,5.68,4.0,0.855,MAINTENANCE
2024-08-22 21:15:00+00:00,5.62,3.93,1.0,MAINTENANCE
2024-08-22 21:16:00+00:00,5.62,3.93,0.993,MAINTENANCE
2024-08-22 21:17:00+00:00,5.68,3.93,1.02,MAINTENANCE
2024-08-22 21:18:00+00:00,5.68,3.93,1.014,MAINTENANCE
2024-08-22 21:19:00+00:00,5.68,3.93,1.014,MAINTENANCE
2024-08-22 21:20:00+00:00,5.68,3.93,1.014,MAINTENANCE
2024-08-22 21:21:00+00:00,5.81,4.0,1.015,MAINTENANCE
2024-08-22 21:22:00+00:00,5.81,4.0,1.013,MAINTENANCE
2024-08-22 21:23:00+00:00,5.87,3.93,1.013,MAINTENANCE
2024-08-22 21:24:00+00:00,5.87,4.0,1.014,MAINTENANCE
2024-08-22 21:25:00+00:00,5.93,3.93,1.013,MAINTENANCE
2024-08-22 21:26:00+00:00,6.0,4.0,1.014,MAINTENANCE
2024-08-22 21:27:00+00:00,6.06,4.0,1.014,MAINTENANCE
2024-08-22 21:28:00+00:00,6.0,4.0,0.94,MAINTENANCE
2024-08-22 21:29:00+00:00,6.0,4.0,0.929,MAINTENANCE
2024-08-22 21:30:00+00:00,5.87,4.0,1.023,MAINTENANCE
2024-08-22 21:31:00+00:00,5.87,3.93,1.017,MAINTENANCE
2024-08-22 21:32:00+00:00,5.81,3.93,1.015,MAINTENANCE
2024-08-22 21:33:00+00:00,5.87,3.93,1.016,MAINTENANCE
2024-08-22 21:34:00+00:00,5.81,3.93,1.015,MAINTENANCE
2024-08-22 21:35:00+00:00,5.87,3.93,1.016,MAINTENANCE
2024-08-22 21:36:00+00:00,5.93,4.0,1.016,MAINTENANCE
2024-08-22 21:37:00+00:00,5.93,4.0,1.016,MAINTENANCE
2024-08-22 21:38:00+00:00,6.0,3.93,1.016,MAINTENANCE
2024-08-22 21:39:00+00:00,6.06,3.93,1.016,MAINTENANCE
2024-08-22 21:40:00+00:00,6.12,3.93,1.016,MAINTENANCE
2024-08-22 21:41:00+00:00,6.12,3.93,1.016,MAINTENANCE
2024-08-22 21:42:00+00:00,6.18,3.93,1.016,MAINTENANCE
2024-08-22 21:43:00+00:00,6.06,3.93,1.027,MAINTENANCE
2024-08-22 21:44:00+00:00,5.87,4.0,0.661,MAINTENANCE
2024-08-22 21:45:00+00:00,5.87,4.0,0.992,MAINTENANCE
2024-08-22 21:46:00+00:00,5.87,4.0,1.011,MAINTENANCE
2024-08-22 21:47:00+00:00,5.87,4.0,1.01,MAINTENANCE
2024-08-22 21:48:00+00:00,5.81,3.93,1.014,MAINTENANCE
2024-08-22 21:49:00+00:00,5.87,4.0,1.015,MAINTENANCE
2024-08-22 21:50:00+00:00,5.93,4.0,1.015,MAINTENANCE
2024-08-22 21:51:00+00:00,5.93,4.0,1.014,MAINTENANCE
2024-08-22 21:52:00+00:00,6.0,4.0,1.014,MAINTENANCE
2024-08-22 21:53:00+00:00,6.0,4.0,1.015,MAINTENANCE
2024-08-22 21:54:00+00:00,6.06,4.0,1.014,MAINTENANCE
2024-08-22 21:55:00+00:00,6.12,4.0,1.015,MAINTENANCE
2024-08-22 21:56:00+00:00,6.12,4.0,1.014,MAINTENANCE
2024-08-22 21:57:00+00:00,6.18,4.0,1.014,MAINTENANCE
2024-08-22 21:58:00+00:00,6.06,4.0,0.603,MAINTENANCE
2024-08-22 21:59:00+00:00,5.87,4.0,0.855,MAINTENANCE
2024-08-22 22:00:00+00:00,5.81,4.06,1.021,MAINTENANCE
2024-08-22 22:01:00+00:00,5.81,4.0,1.016,MAINTENANCE
2024-08-22 22:02:00+00:00,5.75,4.0,1.021,MAINTENANCE
2024-08-22 22:03:00+00:00,5.75,4.0,1.016,MAINTENANCE
2024-08-22 22:04:00+00:00,5.81,4.0,1.015,MAINTENANCE
2024-08-22 22:05:00+00:00,5.81,3.93,1.016,MAINTENANCE
2024-08-22 22:06:00+00:00,5.87,4.0,1.016,MAINTENANCE
2024-08-22 22:07:00+00:00,5.87,4.0,1.014,MAINTENANCE
2024-08-22 22:08:00+00:00,5.93,4.0,1.016,MAINTENANCE
2024-08-22 22:09:00+00:00,6.0,4.0,1.016,MAINTENANCE
2024-08-22 22:10:00+00:00,6.0,4.0,1.016,MAINTENANCE
2024-08-22 22:11:00+00:00,6.12,4.0,1.016,MAINTENANCE
2024-08-22 22:12:00+00:00,6.12,4.0,1.016,MAINTENANCE
2024-08-22 22:13:00+00:00,6.06,4.0,0.995,MAINTENANCE
2024-08-22 22:14:00+00:00,6.06,4.0,0.87,MAINTENANCE
2024-08-22 22:15:00+00:00,5.87,4.0,0.968,MAINTENANCE
2024-08-22 22:16:00+00:00,5.87,4.06,1.025,MAINTENANCE
2024-08-22 22:17:00+00:00,5.81,4.0,1.014,MAINTENANCE
2024-08-22 22:18:00+00:00,5.87,4.06,1.013,MAINTENANCE
2024-08-22 22:19:00+00:00,5.93,4.06,1.015,MAINTENANCE
2024-08-22 22:20:00+00:00,5.93,4.06,1.014,MAINTENANCE
2024-08-22 22:21:00+00:00,5.93,4.06,1.014,MAINTENANCE
2024-08-22 22:22:00+00:00,5.93,4.0,1.015,MAINTENANCE
2024-08-22 22:23:00+00:00,6.0,4.06,1.014,MAINTENANCE
2024-08-22 22:24:00+00:00,6.06,4.0,1.015,MAINTENANCE
2024-08-22 22:25:00+00:00,6.06,4.06,1.014,MAINTENANCE
2024-08-22 22:26:00+00:00,6.12,4.06,1.015,MAINTENANCE
2024-08-22 22:27:00+00:00,6.18,4.06,1.015,MAINTENANCE
2024-08-22 22:28:00+00:00,6.18,4.06,0.972,MAINTENANCE
2024-08-22 22:29:00+00:00,6.0,4.06,0.994,MAINTENANCE
2024-08-22 22:30:00+00:00,5.93,4.12,1.016,MAINTENANCE
2024-08-22 22:31:00+00:00,6.0,4.06,0.999,MAINTENANCE
2024-08-22 22:32:00+00:00,6.0,4.06,1.011,MAINTENANCE
2024-08-22 22:33:00+00:00,5.93,4.06,1.011,MAINTENANCE
2024-08-22 22:34:00+00:00,6.0,4.06,1.01,MAINTENANCE
2024-08-22 22:35:00+00:00,6.0,4.06,1.011,MAINTENANCE
2024-08-22 22:36:00+00:00,6.06,4.06,1.011,MAINTENANCE
2024-08-22 22:37:00+00:00,6.06,4.06,1.011,MAINTENANCE
2024-08-22 22:38:00+00:00,6.12,4.06,1.013,MAINTENANCE
2024-08-22 22:39:00+00:00,6.18,4.06,1.011,MAINTENANCE
2024-08-22 22:40:00+00:00,6.18,4.12,1.011,MAINTENANCE
2024-08-22 22:41:00+00:00,6.25,4.06,1.012,MAINTENANCE
2024-08-22 22:42:00+00:00,6.31,4.06,1.011,MAINTENANCE
2024-08-22 22:43:00+00:00,6.12,4.12,1.018,MAINTENANCE
2024-08-22 22:44:00+00:00,6.0,4.12,0.938,MAINTENANCE
2024-08-22 22:45:00+00:00,5.93,4.18,1.013,MAINTENANCE
2024-08-22 22:46:00+00:00,5.87,4.12,1.015,MAINTENANCE
2024-08-22 22:47:00+00:00,5.87,4.12,1.02,MAINTENANCE
2024-08-22 22:48:00+00:00,5.87,4.12,1.013,MAINTENANCE
2024-08-22 22:49:00+00:00,5.87,4.12,1.015,MAINTENANCE
2024-08-22 22:50:00+00:00,5.93,4.12,1.016,MAINTENANCE
2024-08-22 22:51:00+00:00,5.93,4.12,1.016,MAINTENANCE
2024-08-22 22:52:00+00:00,5.93,4.12,1.016,MAINTENANCE
2024-08-22 22:53:00+00:00,6.0,4.12,1.016,MAINTENANCE
2024-08-22 22:54:00+00:00,6.06,4.12,1.016,MAINTENANCE
2024-08-22 22:55:00+00:00,6.18,4.06,1.015,MAINTENANCE
2024-08-22 22:56:00+00:00,6.12,4.12,1.015,MAINTENANCE
2024-08-22 22:57:00+00:00,6.18,4.12,1.015,MAINTENANCE
2024-08-22 22:58:00+00:00,6.06,4.12,0.984,MAINTENANCE
2024-08-22 22:59:00+00:00,5.93,4.12,0.74,MAINTENANCE
2024-08-22 23:00:00+00:00,5.87,4.12,1.037,MAINTENANCE
2024-08-22 23:01:00+00:00,5.87,4.12,0.996,MAINTENANCE
2024-08-22 23:02:00+00:00,5.81,4.12,1.015,MAINTENANCE
2024-08-22 23:03:00+00:00,5.81,4.12,1.013,MAINTENANCE
2024-08-22 23:04:00+00:00,5.81,4.12,1.014,MAINTENANCE
2024-08-22 23:05:00+00:00,5.87,4.12,1.014,MAINTENANCE
2024-08-22 23:06:00+00:00,5.93,4.18,1.014,MAINTENANCE
2024-08-22 23:07:00+00:00,5.93,4.12,1.015,MAINTENANCE
2024-08-22 23:08:00+00:00,5.93,4.12,1.015,MAINTENANCE
2024-08-22 23:09:00+00:00,6.0,4.12,1.015,MAINTENANCE
2024-08-22 23:10:00+00:00,6.06,4.12,1.015,MAINTENANCE
2024-08-22 23:11:00+00:00,6.06,4.12,1.014,MAINTENANCE
2024-08-22 23:12:00+00:00,6.12,4.12,1.015,MAINTENANCE
2024-08-22 23:13:00+00:00,6.06,4.18,0.961,MAINTENANCE
2024-08-22 23:14:00+00:00,5.87,4.18,0.737,MAINTENANCE
2024-08-22 23:15:00+00:00,5.81,4.18,1.02,MAINTENANCE
2024-08-22 23:16:00+00:00,5.75,4.18,1.009,MAINTENANCE
2024-08-22 23:17:00+00:00,5.75,4.18,1.005,MAINTENANCE
2024-08-22 23:18:00+00:00,5.75,4.25,1.014,MAINTENANCE
2024-08-22 23:19:00+00:00,5.81,4.18,1.016,MAINTENANCE
2024-08-22 23:20:00+00:00,5.81,4.18,1.015,MAINTENANCE
2024-08-22 23:21:00+00:00,5.81,4.18,1.015,MAINTENANCE
2024-08-22 23:22:00+00:00,5.87,4.18,1.015,MAINTENANCE
2024-08-22 23:23:00+00:00,5.93,4.18,1.015,MAINTENANCE
2024-08-22 23:24:00+00:00,6.0,4.25,1.014,MAINTENANCE
2024-08-22 23:25:00+00:00,6.0,4.25,1.015,MAINTENANCE
2024-08-22 23:26:00+00:00,6.06,4.18,1.015,MAINTENANCE
2024-08-22 23:27:00+00:00,6.12,4.12,1.015,MAINTENANCE
2024-08-22 23:28:00+00:00,6.12,4.18,0.916,MAINTENANCE
2024-08-22 23:29:00+00:00,5.93,4.25,1.014,MAINTENANCE
2024-08-22 23:30:00+00:00,6.0,4.18,0.968,MAINTENANCE
2024-08-22 23:31:00+00:00,5.93,4.18,1.019,MAINTENANCE
2024-08-22 23:32:00+00:00,5.93,4.25,1.016,MAINTENANCE
2024-08-22 23:33:00+00:00,6.0,4.18,1.006,MAINTENANCE
2024-08-22 23:34:00+00:00,6.0,4.18,1.013,MAINTENANCE
2024-08-22 23:35:00+00:00,6.0,4.25,1.014,MAINTENANCE
2024-08-22 23:36:00+00:00,6.06,4.25,1.013,MAINTENANCE
2024-08-22 23:37:00+00:00,6.06,4.25,1.014,MAINTENANCE
2024-08-22 23:38:00+00:00,6.12,4.25,1.014,MAINTENANCE
2024-08-22 23:39:00+00:00,6.18,4.25,1.013,MAINTENANCE
2024-08-22 23:40:00+00:00,6.18,4.18,1.014,MAINTENANCE
2024-08-22 23:41:00+00:00,6.25,4.25,1.014,MAINTENANCE
2024-08-22 23:42:00+00:00,6.25,4.18,1.013,MAINTENANCE
2024-08-22 23:43:00+00:00,6.18,4.25,0.88,MAINTENANCE
2024-08-22 23:44:00+00:00,6.06,4.25,1.007,MAINTENANCE
2024-08-22 23:45:00+00:00,5.93,4.25,0.999,MAINTENANCE
2024-08-22 23:46:00+00:00,5.93,4.25,1.029,MAINTENANCE
2024-08-22 23:47:00+00:00,5.93,4.25,1.008,MAINTENANCE
2024-08-22 23:48:00+00:00,5.93,4.25,1.019,MAINTENANCE
2024-08-22 23:49:00+00:00,5.93,4.25,1.015,MAINTENANCE
2024-08-22 23:50:00+00:00,6.0,4.25,1.016,MAINTENANCE
2024-08-22 23:51:00+00:00,6.0,4.25,1.016,MAINTENANCE
2024-08-22 23:52:00+00:00,6.06,4.31,1.016,MAINTENANCE
2024-08-22 23:53:00+00:00,6.06,4.31,1.016,MAINTENANCE
2024-08-22 23:54:00+00:00,6.12,4.31,1.016,MAINTENANCE
2024-08-22 23:55:00+00:00,6.12,4.25,1.016,MAINTENANCE
2024-08-22 23:56:00+00:00,6.18,4.25,1.016,MAINTENANCE
2024-08-22 23:57:00+00:00,6.18,4.25,1.016,MAINTENANCE
2024-08-22 23:58:00+00:00,6.12,4.25,0.707,MAINTENANCE
2024-08-22 23:59:00+00:00,6.0,4.25,0.994,MAINTENANCE
