Over surface temperature (ºC),Surface temperature (ºC),DateTime,AccelX
6.31,4.25,2024-08-20 00:00:24+00:00,1.014
6.37,4.25,2024-08-20 00:01:20+00:00,1.013
6.37,4.25,2024-08-20 00:02:20+00:00,1.015
6.37,4.25,2024-08-20 00:03:20+00:00,1.002
6.37,4.31,2024-08-20 00:04:20+00:00,0.958
6.37,4.25,2024-08-20 00:05:20+00:00,0.994
6.31,4.25,2024-08-20 00:06:20+00:00,1.02
6.37,4.25,2024-08-20 00:07:20+00:00,0.957
6.31,4.31,2024-08-20 00:08:20+00:00,1.007
6.37,4.25,2024-08-20 00:09:20+00:00,1.043
6.37,4.25,2024-08-20 00:10:20+00:00,1.038
6.37,4.25,2024-08-20 00:11:20+00:00,1.008
6.37,4.25,2024-08-20 00:12:20+00:00,1.009
6.37,4.31,2024-08-20 00:13:20+00:00,1.016
6.37,4.31,2024-08-20 00:14:20+00:00,1.016
6.37,4.25,2024-08-20 00:15:20+00:00,1.015
6.37,4.25,2024-08-20 00:16:20+00:00,1.016
6.37,4.25,2024-08-20 00:17:19+00:00,1.015
6.37,4.25,2024-08-20 00:18:19+00:00,1.011
6.37,4.25,2024-08-20 00:19:19+00:00,0.954
6.37,4.25,2024-08-20 00:20:19+00:00,1.067
6.37,4.25,2024-08-20 00:21:19+00:00,0.933
6.37,4.31,2024-08-20 00:22:19+00:00,0.979
6.37,4.31,2024-08-20 00:23:19+00:00,1.036
6.31,4.25,2024-08-20 00:24:19+00:00,1.016
6.31,4.31,2024-08-20 00:25:19+00:00,1.001
6.37,4.25,2024-08-20 00:26:19+00:00,1.019
6.31,4.31,2024-08-20 00:27:19+00:00,1.011
6.31,4.25,2024-08-20 00:28:19+00:00,1.018
6.31,4.25,2024-08-20 00:29:19+00:00,1.013
6.31,4.25,2024-08-20 00:30:19+00:00,1.015
6.31,4.25,2024-08-20 00:31:19+00:00,1.014
6.31,4.31,2024-08-20 00:32:19+00:00,1.014
6.31,4.31,2024-08-20 00:33:19+00:00,1.025
6.31,4.25,2024-08-20 00:34:19+00:00,1.005
6.31,4.31,2024-08-20 00:35:19+00:00,1.035
6.31,4.31,2024-08-20 00:36:19+00:00,1.044
6.31,4.31,2024-08-20 00:37:19+00:00,1.006
6.31,4.25,2024-08-20 00:38:19+00:00,1.014
6.25,4.25,2024-08-20 00:39:18+00:00,1.004
6.31,4.31,2024-08-20 00:40:18+00:00,1.003
6.31,4.31,2024-08-20 00:41:18+00:00,1.012
6.31,4.31,2024-08-20 00:42:18+00:00,1.013
6.31,4.25,2024-08-20 00:43:18+00:00,1.013
6.31,4.25,2024-08-20 00:44:18+00:00,1.014
6.31,4.31,2024-08-20 00:45:18+00:00,1.016
6.31,4.25,2024-08-20 00:46:18+00:00,1.015
6.37,4.25,2024-08-20 00:47:18+00:00,1.014
6.31,4.25,2024-08-20 00:48:18+00:00,1.0
6.37,4.31,2024-08-20 00:49:18+00:00,0.876
6.37,4.31,2024-08-20 00:50:18+00:00,0.971
6.37,4.31,2024-08-20 00:51:18+00:00,1.03
6.37,4.31,2024-08-20 00:52:18+00:00,1.078
6.37,4.31,2024-08-20 00:53:18+00:00,1.029
6.37,4.31,2024-08-20 00:54:18+00:00,1.011
6.37,4.31,2024-08-20 00:55:18+00:00,1.009
6.37,4.25,2024-08-20 00:56:18+00:00,1.012
6.37,4.31,2024-08-20 00:57:18+00:00,1.005
6.37,4.25,2024-08-20 00:58:18+00:00,1.015
6.37,4.31,2024-08-20 00:59:18+00:00,1.014
6.37,4.31,2024-08-20 01:00:18+00:00,1.015
6.37,4.31,2024-08-20 01:01:13+00:00,1.013
6.37,4.31,2024-08-20 01:02:13+00:00,1.013
6.37,4.31,2024-08-20 01:03:13+00:00,1.005
6.37,4.31,2024-08-20 01:04:13+00:00,0.997
6.37,4.31,2024-08-20 01:05:13+00:00,0.956
6.37,4.31,2024-08-20 01:06:13+00:00,0.951
6.37,4.31,2024-08-20 01:07:13+00:00,1.006
6.43,4.31,2024-08-20 01:08:13+00:00,0.972
6.37,4.31,2024-08-20 01:09:13+00:00,1.003
6.37,4.31,2024-08-20 01:10:13+00:00,1.036
6.37,4.31,2024-08-20 01:11:13+00:00,1.026
6.37,4.31,2024-08-20 01:12:13+00:00,1.009
6.37,4.31,2024-08-20 01:13:13+00:00,1.015
6.43,4.31,2024-08-20 01:14:13+00:00,1.016
6.43,4.31,2024-08-20 01:15:13+00:00,1.014
6.43,4.31,2024-08-20 01:16:13+00:00,1.013
6.37,4.31,2024-08-20 01:17:12+00:00,1.014
6.37,4.31,2024-08-20 01:18:12+00:00,1.025
6.37,4.31,2024-08-20 01:19:12+00:00,1.028
6.43,4.31,2024-08-20 01:20:12+00:00,1.017
6.37,4.31,2024-08-20 01:21:12+00:00,0.984
6.37,4.31,2024-08-20 01:22:12+00:00,0.984
6.43,4.31,2024-08-20 01:23:12+00:00,1.01
6.37,4.31,2024-08-20 01:24:12+00:00,1.033
6.37,4.31,2024-08-20 01:25:12+00:00,1.012
6.37,4.31,2024-08-20 01:26:12+00:00,1.006
6.43,4.31,2024-08-20 01:27:12+00:00,1.007
6.37,4.31,2024-08-20 01:28:12+00:00,1.017
6.37,4.31,2024-08-20 01:29:12+00:00,1.013
6.37,4.37,2024-08-20 01:30:12+00:00,1.014
6.37,4.37,2024-08-20 01:31:12+00:00,1.016
6.37,4.37,2024-08-20 01:32:12+00:00,1.015
6.37,4.37,2024-08-20 01:33:12+00:00,1.02
6.37,4.37,2024-08-20 01:34:12+00:00,0.975
6.43,4.31,2024-08-20 01:35:12+00:00,0.982
6.37,4.31,2024-08-20 01:36:12+00:00,1.034
6.43,4.31,2024-08-20 01:37:12+00:00,1.003
6.43,4.37,2024-08-20 01:38:12+00:00,1.03
6.37,4.37,2024-08-20 01:39:11+00:00,1.03
6.43,4.37,2024-08-20 01:40:11+00:00,0.999
6.37,4.31,2024-08-20 01:41:11+00:00,1.017
6.43,4.37,2024-08-20 01:42:11+00:00,1.01
6.37,4.37,2024-08-20 01:43:11+00:00,1.012
6.37,4.31,2024-08-20 01:44:11+00:00,1.012
6.37,4.37,2024-08-20 01:45:11+00:00,1.014
6.37,4.37,2024-08-20 01:46:11+00:00,1.014
6.43,4.37,2024-08-20 01:47:11+00:00,1.015
6.37,4.37,2024-08-20 01:48:11+00:00,1.013
6.43,4.37,2024-08-20 01:49:11+00:00,1.018
6.37,4.31,2024-08-20 01:50:11+00:00,1.053
6.43,4.37,2024-08-20 01:51:11+00:00,1.032
6.43,4.37,2024-08-20 01:52:11+00:00,1.033
6.37,4.37,2024-08-20 01:53:11+00:00,1.015
6.37,4.37,2024-08-20 01:54:11+00:00,1.026
6.43,4.31,2024-08-20 01:55:11+00:00,1.006
6.43,4.37,2024-08-20 01:56:11+00:00,1.023
6.43,4.31,2024-08-20 01:57:11+00:00,1.021
6.43,4.31,2024-08-20 01:58:11+00:00,1.008
6.43,4.37,2024-08-20 01:59:11+00:00,1.014
6.43,4.37,2024-08-20 02:00:11+00:00,1.014
6.37,4.37,2024-08-20 02:01:06+00:00,1.015
6.43,4.37,2024-08-20 02:02:06+00:00,1.016
6.43,4.37,2024-08-20 02:03:06+00:00,1.015
6.43,4.31,2024-08-20 02:04:06+00:00,0.889
6.43,4.31,2024-08-20 02:05:06+00:00,1.002
6.43,4.37,2024-08-20 02:06:06+00:00,0.945
6.5,4.37,2024-08-20 02:07:06+00:00,1.037
6.43,4.37,2024-08-20 02:08:06+00:00,1.048
6.43,4.37,2024-08-20 02:09:06+00:00,1.035
6.37,4.31,2024-08-20 02:10:06+00:00,1.004
6.37,4.37,2024-08-20 02:11:06+00:00,1.005
6.43,4.37,2024-08-20 02:12:06+00:00,1.005
6.43,4.37,2024-08-20 02:13:06+00:00,1.016
6.43,4.37,2024-08-20 02:14:06+00:00,1.019
6.37,4.31,2024-08-20 02:15:06+00:00,1.016
6.37,4.37,2024-08-20 02:16:06+00:00,1.015
6.43,4.37,2024-08-20 02:17:05+00:00,1.015
6.43,4.37,2024-08-20 02:18:05+00:00,1.014
6.43,4.37,2024-08-20 02:19:05+00:00,0.982
6.43,4.37,2024-08-20 02:20:05+00:00,0.999
6.43,4.37,2024-08-20 02:21:05+00:00,0.976
6.43,4.37,2024-08-20 02:22:05+00:00,0.988
6.43,4.37,2024-08-20 02:23:05+00:00,0.985
6.43,4.43,2024-08-20 02:24:05+00:00,1.01
6.43,4.43,2024-08-20 02:25:05+00:00,1.032
6.43,4.37,2024-08-20 02:26:05+00:00,0.996
6.43,4.37,2024-08-20 02:27:05+00:00,1.008
6.43,4.37,2024-08-20 02:28:05+00:00,1.015
6.37,4.37,2024-08-20 02:29:05+00:00,1.013
6.43,4.37,2024-08-20 02:30:05+00:00,1.013
6.43,4.37,2024-08-20 02:31:05+00:00,1.015
6.43,4.43,2024-08-20 02:32:05+00:00,1.015
6.43,4.43,2024-08-20 02:33:05+00:00,1.014
6.37,4.43,2024-08-20 02:34:05+00:00,0.976
6.37,4.37,2024-08-20 02:35:05+00:00,0.864
6.43,4.37,2024-08-20 02:36:05+00:00,1.029
6.43,4.37,2024-08-20 02:37:05+00:00,1.012
6.43,4.37,2024-08-20 02:38:05+00:00,1.048
6.43,4.37,2024-08-20 02:39:04+00:00,1.041
6.43,4.37,2024-08-20 02:40:04+00:00,1.007
6.43,4.37,2024-08-20 02:41:04+00:00,1.004
6.43,4.43,2024-08-20 02:42:04+00:00,1.016
6.43,4.37,2024-08-20 02:43:04+00:00,1.011
6.37,4.43,2024-08-20 02:44:04+00:00,1.013
6.43,4.37,2024-08-20 02:45:04+00:00,1.013
6.43,4.37,2024-08-20 02:46:04+00:00,1.015
6.43,4.37,2024-08-20 02:47:04+00:00,1.013
6.5,4.37,2024-08-20 02:48:04+00:00,1.013
6.43,4.37,2024-08-20 02:49:04+00:00,0.972
6.43,4.43,2024-08-20 02:50:04+00:00,1.04
6.5,4.37,2024-08-20 02:51:04+00:00,1.024
6.5,4.37,2024-08-20 02:52:04+00:00,0.997
6.43,4.25,2024-08-20 02:53:04+00:00,0.939
6.43,4.25,2024-08-20 02:54:04+00:00,0.998
6.5,4.18,2024-08-20 02:55:04+00:00,0.984
6.43,4.12,2024-08-20 02:56:04+00:00,0.89
6.43,4.12,2024-08-20 02:57:04+00:00,0.965
6.5,4.06,2024-08-20 02:58:04+00:00,1.005
6.43,4.0,2024-08-20 02:59:04+00:00,0.998
6.43,4.0,2024-08-20 03:00:04+00:00,1.015
6.37,4.06,2024-08-20 03:00:59+00:00,1.033
6.37,4.0,2024-08-20 03:01:59+00:00,1.012
6.37,4.0,2024-08-20 03:02:59+00:00,1.015
6.37,4.0,2024-08-20 03:03:59+00:00,1.015
6.31,4.0,2024-08-20 03:04:59+00:00,1.016
6.31,4.0,2024-08-20 03:05:59+00:00,1.012
6.25,4.0,2024-08-20 03:06:59+00:00,1.012
6.31,4.06,2024-08-20 03:07:59+00:00,1.015
6.31,4.0,2024-08-20 03:08:59+00:00,1.013
6.31,4.0,2024-08-20 03:09:59+00:00,1.014
6.25,4.06,2024-08-20 03:10:59+00:00,1.014
6.31,4.06,2024-08-20 03:11:59+00:00,1.051
6.25,4.0,2024-08-20 03:12:59+00:00,1.049
6.25,4.06,2024-08-20 03:13:59+00:00,0.956
6.31,4.0,2024-08-20 03:14:59+00:00,1.009
6.25,4.0,2024-08-20 03:15:59+00:00,1.022
6.25,4.0,2024-08-20 03:16:58+00:00,0.985
6.18,4.0,2024-08-20 03:17:58+00:00,0.997
6.18,4.0,2024-08-20 03:18:58+00:00,1.01
6.18,4.0,2024-08-20 03:19:58+00:00,1.026
6.18,4.06,2024-08-20 03:20:58+00:00,1.022
6.18,4.0,2024-08-20 03:21:58+00:00,1.007
6.18,4.0,2024-08-20 03:22:58+00:00,1.012
6.12,4.0,2024-08-20 03:23:58+00:00,1.012
6.18,4.06,2024-08-20 03:24:58+00:00,1.013
6.12,4.06,2024-08-20 03:25:58+00:00,1.013
6.18,4.0,2024-08-20 03:26:58+00:00,1.002
6.12,4.0,2024-08-20 03:27:58+00:00,0.939
6.12,4.06,2024-08-20 03:28:58+00:00,1.047
6.12,4.0,2024-08-20 03:29:58+00:00,0.982
6.12,4.0,2024-08-20 03:30:58+00:00,1.001
6.12,4.0,2024-08-20 03:31:58+00:00,1.027
6.12,4.0,2024-08-20 03:32:58+00:00,1.001
6.12,4.0,2024-08-20 03:33:58+00:00,1.016
6.12,4.0,2024-08-20 03:34:58+00:00,1.012
6.12,4.0,2024-08-20 03:35:58+00:00,1.015
6.12,4.06,2024-08-20 03:36:58+00:00,1.015
6.12,4.0,2024-08-20 03:37:58+00:00,1.012
6.12,4.0,2024-08-20 03:38:57+00:00,1.014
6.06,4.0,2024-08-20 03:39:57+00:00,1.013
6.06,4.0,2024-08-20 03:40:57+00:00,1.014
6.12,4.0,2024-08-20 03:41:57+00:00,1.011
6.06,4.0,2024-08-20 03:42:57+00:00,1.054
6.12,4.0,2024-08-20 03:43:57+00:00,0.985
6.06,4.0,2024-08-20 03:44:57+00:00,0.801
6.06,4.0,2024-08-20 03:45:57+00:00,1.003
6.06,4.06,2024-08-20 03:46:57+00:00,1.038
6.06,4.0,2024-08-20 03:47:57+00:00,1.022
6.06,3.93,2024-08-20 03:48:57+00:00,1.032
6.0,4.06,2024-08-20 03:49:57+00:00,1.02
6.06,4.0,2024-08-20 03:50:57+00:00,1.012
6.0,4.0,2024-08-20 03:51:57+00:00,1.02
6.0,4.0,2024-08-20 03:52:57+00:00,1.009
6.0,4.0,2024-08-20 03:53:57+00:00,1.014
6.0,4.0,2024-08-20 03:54:57+00:00,1.014
6.0,4.0,2024-08-20 03:55:57+00:00,1.015
6.06,4.0,2024-08-20 03:56:57+00:00,1.024
6.06,3.93,2024-08-20 03:57:57+00:00,0.998
5.81,4.0,2024-08-20 03:58:57+00:00,1.029
5.87,4.0,2024-08-20 03:59:57+00:00,1.007
5.87,4.0,2024-08-20 04:00:53+00:00,1.047
5.87,4.0,2024-08-20 04:01:53+00:00,1.041
5.87,4.06,2024-08-20 04:02:53+00:00,1.035
5.81,4.06,2024-08-20 04:03:53+00:00,1.008
5.87,4.0,2024-08-20 04:04:53+00:00,1.018
5.81,4.0,2024-08-20 04:05:53+00:00,1.016
5.87,4.0,2024-08-20 04:06:53+00:00,1.012
5.87,4.0,2024-08-20 04:07:53+00:00,1.015
5.87,4.0,2024-08-20 04:08:53+00:00,1.012
5.87,4.0,2024-08-20 04:09:53+00:00,1.016
5.87,4.0,2024-08-20 04:10:53+00:00,1.014
5.87,4.0,2024-08-20 04:11:53+00:00,1.015
5.93,4.25,2024-08-20 04:12:53+00:00,0.989
5.87,4.31,2024-08-20 04:13:53+00:00,0.997
5.93,4.43,2024-08-20 04:14:53+00:00,0.905
6.0,4.56,2024-08-20 04:15:53+00:00,0.965
6.06,4.5,2024-08-20 04:16:52+00:00,0.951
6.0,4.5,2024-08-20 04:17:52+00:00,0.852
6.0,4.56,2024-08-20 04:18:52+00:00,0.932
6.0,4.5,2024-08-20 04:19:52+00:00,0.865
6.0,4.43,2024-08-20 04:20:52+00:00,1.02
6.0,4.56,2024-08-20 04:21:52+00:00,0.995
6.06,4.56,2024-08-20 04:22:52+00:00,0.989
6.12,4.68,2024-08-20 04:23:52+00:00,0.99
6.12,4.75,2024-08-20 04:24:52+00:00,1.003
6.12,4.81,2024-08-20 04:25:52+00:00,1.018
6.12,4.87,2024-08-20 04:26:52+00:00,0.968
6.18,4.87,2024-08-20 04:27:52+00:00,1.013
6.25,4.93,2024-08-20 04:28:52+00:00,0.964
6.25,4.93,2024-08-20 04:29:52+00:00,0.874
6.25,4.87,2024-08-20 04:30:52+00:00,1.012
6.31,4.87,2024-08-20 04:31:52+00:00,1.001
6.31,4.87,2024-08-20 04:32:52+00:00,0.972
6.31,4.87,2024-08-20 04:33:52+00:00,1.013
6.31,4.93,2024-08-20 04:34:52+00:00,1.01
6.37,4.93,2024-08-20 04:35:52+00:00,0.981
6.37,5.06,2024-08-20 04:36:52+00:00,0.979
6.43,5.12,2024-08-20 04:37:52+00:00,0.928
6.5,5.12,2024-08-20 04:38:51+00:00,0.975
6.43,5.18,2024-08-20 04:39:51+00:00,0.967
6.5,5.18,2024-08-20 04:40:51+00:00,0.976
6.56,5.12,2024-08-20 04:41:51+00:00,1.01
6.5,5.18,2024-08-20 04:42:51+00:00,1.043
6.62,5.18,2024-08-20 04:43:51+00:00,1.013
6.62,5.25,2024-08-20 04:44:51+00:00,0.973
6.56,5.18,2024-08-20 04:45:51+00:00,0.986
6.62,5.25,2024-08-20 04:46:51+00:00,0.983
6.68,5.31,2024-08-20 04:47:51+00:00,0.912
6.68,5.25,2024-08-20 04:48:51+00:00,1.019
6.68,5.25,2024-08-20 04:49:51+00:00,0.894
6.75,5.37,2024-08-20 04:50:51+00:00,0.953
6.75,5.31,2024-08-20 04:51:51+00:00,0.953
6.75,5.43,2024-08-20 04:52:51+00:00,0.983
6.81,5.43,2024-08-20 04:53:51+00:00,0.874
6.81,5.43,2024-08-20 04:54:51+00:00,0.897
6.87,5.43,2024-08-20 04:55:51+00:00,0.868
6.87,5.43,2024-08-20 04:56:51+00:00,0.982
6.93,5.5,2024-08-20 04:57:51+00:00,1.015
6.93,5.5,2024-08-20 04:58:51+00:00,1.007
6.93,5.56,2024-08-20 04:59:51+00:00,0.994
6.93,5.56,2024-08-20 05:00:45+00:00,1.034
7.0,5.56,2024-08-20 05:01:45+00:00,1.013
7.0,5.62,2024-08-20 05:02:45+00:00,1.029
7.06,5.68,2024-08-20 05:03:45+00:00,1.012
7.0,5.68,2024-08-20 05:04:45+00:00,1.016
7.06,5.68,2024-08-20 05:05:45+00:00,0.991
7.06,5.68,2024-08-20 05:06:45+00:00,0.987
7.12,5.75,2024-08-20 05:07:45+00:00,0.997
7.12,5.75,2024-08-20 05:08:45+00:00,0.984
7.18,5.75,2024-08-20 05:09:45+00:00,1.031
7.18,5.81,2024-08-20 05:10:45+00:00,1.009
7.25,5.81,2024-08-20 05:11:45+00:00,0.937
7.25,5.81,2024-08-20 05:12:45+00:00,0.758
7.25,5.87,2024-08-20 05:13:45+00:00,0.995
7.31,5.93,2024-08-20 05:14:45+00:00,1.016
7.31,5.93,2024-08-20 05:15:44+00:00,1.012
7.31,6.0,2024-08-20 05:16:44+00:00,1.005
7.37,5.93,2024-08-20 05:17:44+00:00,0.995
7.37,5.93,2024-08-20 05:18:44+00:00,1.009
7.43,5.87,2024-08-20 05:19:44+00:00,1.002
7.43,5.93,2024-08-20 05:20:44+00:00,1.024
7.43,5.87,2024-08-20 05:21:44+00:00,0.976
7.5,5.87,2024-08-20 05:22:44+00:00,0.999
7.5,5.81,2024-08-20 05:23:44+00:00,0.992
7.56,5.81,2024-08-20 05:24:44+00:00,1.015
7.5,5.81,2024-08-20 05:25:44+00:00,1.016
7.56,5.93,2024-08-20 05:26:44+00:00,1.0
7.56,6.0,2024-08-20 05:27:44+00:00,1.023
7.56,6.0,2024-08-20 05:28:44+00:00,0.983
7.56,6.0,2024-08-20 05:29:44+00:00,1.006
7.56,6.12,2024-08-20 05:30:44+00:00,0.875
7.62,6.18,2024-08-20 05:31:44+00:00,1.008
7.62,6.06,2024-08-20 05:32:44+00:00,0.996
7.68,6.0,2024-08-20 05:33:44+00:00,0.99
7.68,6.0,2024-08-20 05:34:44+00:00,0.929
7.75,6.06,2024-08-20 05:35:44+00:00,1.014
7.75,6.0,2024-08-20 05:36:44+00:00,1.015
7.75,5.93,2024-08-20 05:37:43+00:00,0.998
7.75,5.93,2024-08-20 05:38:43+00:00,1.004
7.75,5.93,2024-08-20 05:39:43+00:00,0.979
7.75,5.87,2024-08-20 05:40:43+00:00,0.98
7.81,5.87,2024-08-20 05:41:43+00:00,1.009
7.87,5.81,2024-08-20 05:42:43+00:00,0.983
7.81,5.87,2024-08-20 05:43:43+00:00,1.003
7.81,5.81,2024-08-20 05:44:43+00:00,1.018
7.81,5.81,2024-08-20 05:45:43+00:00,1.014
7.81,5.81,2024-08-20 05:46:43+00:00,1.027
7.81,5.75,2024-08-20 05:47:43+00:00,0.995
7.87,5.68,2024-08-20 05:48:43+00:00,1.008
7.87,5.68,2024-08-20 05:49:43+00:00,0.996
7.81,5.62,2024-08-20 05:50:43+00:00,1.011
7.87,5.56,2024-08-20 05:51:43+00:00,1.018
7.81,5.5,2024-08-20 05:52:43+00:00,1.01
7.81,5.5,2024-08-20 05:53:43+00:00,1.01
7.81,5.43,2024-08-20 05:54:43+00:00,0.787
7.81,5.37,2024-08-20 05:55:43+00:00,0.997
7.75,5.31,2024-08-20 05:56:43+00:00,1.017
7.75,5.31,2024-08-20 05:57:43+00:00,1.011
7.75,5.31,2024-08-20 05:58:43+00:00,1.023
7.75,5.25,2024-08-20 05:59:42+00:00,1.006
7.68,5.18,2024-08-20 06:00:39+00:00,0.992
7.68,5.12,2024-08-20 06:01:39+00:00,1.015
7.75,5.12,2024-08-20 06:02:39+00:00,1.013
7.68,5.06,2024-08-20 06:03:39+00:00,0.964
7.62,5.06,2024-08-20 06:04:39+00:00,0.906
7.62,5.0,2024-08-20 06:05:39+00:00,0.997
7.62,4.93,2024-08-20 06:06:39+00:00,1.012
7.62,4.87,2024-08-20 06:07:39+00:00,0.953
7.62,4.87,2024-08-20 06:08:39+00:00,0.974
7.56,4.81,2024-08-20 06:09:39+00:00,1.016
7.5,4.75,2024-08-20 06:10:39+00:00,1.005
7.5,4.68,2024-08-20 06:11:39+00:00,1.014
7.5,4.68,2024-08-20 06:12:39+00:00,0.99
7.43,4.56,2024-08-20 06:13:39+00:00,1.019
7.43,4.5,2024-08-20 06:14:39+00:00,0.964
7.43,4.5,2024-08-20 06:15:38+00:00,1.016
7.37,4.5,2024-08-20 06:16:38+00:00,1.021
7.37,4.43,2024-08-20 06:17:38+00:00,1.009
7.31,4.37,2024-08-20 06:18:38+00:00,1.005
7.31,4.37,2024-08-20 06:19:38+00:00,1.008
7.25,4.31,2024-08-20 06:20:38+00:00,1.016
7.18,4.31,2024-08-20 06:21:38+00:00,1.013
7.18,4.25,2024-08-20 06:22:38+00:00,1.007
7.18,4.18,2024-08-20 06:23:38+00:00,0.886
7.12,4.18,2024-08-20 06:24:38+00:00,1.007
7.12,4.18,2024-08-20 06:25:38+00:00,1.011
7.06,4.18,2024-08-20 06:26:38+00:00,1.017
7.06,4.18,2024-08-20 06:27:38+00:00,1.013
7.06,4.12,2024-08-20 06:28:38+00:00,1.016
7.0,4.12,2024-08-20 06:29:38+00:00,1.015
6.93,4.18,2024-08-20 06:30:38+00:00,1.014
6.93,4.18,2024-08-20 06:31:38+00:00,1.016
6.93,4.12,2024-08-20 06:32:38+00:00,1.016
6.93,4.18,2024-08-20 06:33:38+00:00,1.015
6.87,4.18,2024-08-20 06:34:38+00:00,1.013
6.81,4.18,2024-08-20 06:35:38+00:00,1.015
6.81,4.18,2024-08-20 06:36:38+00:00,1.016
6.81,4.18,2024-08-20 06:37:37+00:00,1.018
6.81,4.18,2024-08-20 06:38:37+00:00,1.017
6.81,4.12,2024-08-20 06:39:37+00:00,1.007
6.75,4.12,2024-08-20 06:40:37+00:00,1.018
6.81,4.12,2024-08-20 06:41:37+00:00,1.012
6.75,4.12,2024-08-20 06:42:37+00:00,1.009
6.68,4.12,2024-08-20 06:43:37+00:00,1.016
6.68,4.06,2024-08-20 06:44:37+00:00,1.016
6.68,4.06,2024-08-20 06:45:37+00:00,1.014
6.68,4.12,2024-08-20 06:46:37+00:00,1.015
6.68,4.06,2024-08-20 06:47:37+00:00,1.015
6.62,4.12,2024-08-20 06:48:37+00:00,1.016
6.68,4.12,2024-08-20 06:49:37+00:00,1.014
6.62,4.06,2024-08-20 06:50:37+00:00,1.015
6.62,4.06,2024-08-20 06:51:37+00:00,1.015
6.56,4.12,2024-08-20 06:52:37+00:00,1.022
6.62,4.06,2024-08-20 06:53:37+00:00,0.926
6.56,4.06,2024-08-20 06:54:37+00:00,0.992
6.56,4.12,2024-08-20 06:55:37+00:00,0.997
6.56,4.06,2024-08-20 06:56:37+00:00,1.016
6.5,4.12,2024-08-20 06:57:37+00:00,1.015
6.5,4.06,2024-08-20 06:58:36+00:00,1.016
6.5,4.06,2024-08-20 06:59:36+00:00,1.014
6.56,4.06,2024-08-20 07:00:32+00:00,1.016
6.43,4.06,2024-08-20 07:01:32+00:00,1.016
6.5,4.06,2024-08-20 07:02:32+00:00,1.014
6.43,4.12,2024-08-20 07:03:32+00:00,1.015
6.43,4.06,2024-08-20 07:04:32+00:00,1.016
6.5,4.06,2024-08-20 07:05:32+00:00,1.015
6.43,4.06,2024-08-20 07:06:32+00:00,1.015
6.43,4.06,2024-08-20 07:07:32+00:00,1.015
6.43,4.06,2024-08-20 07:08:32+00:00,1.007
6.37,4.06,2024-08-20 07:09:32+00:00,1.01
6.43,4.06,2024-08-20 07:10:32+00:00,1.014
6.37,4.06,2024-08-20 07:11:32+00:00,1.014
6.37,4.06,2024-08-20 07:12:32+00:00,1.014
6.31,4.0,2024-08-20 07:13:32+00:00,1.013
6.37,4.06,2024-08-20 07:14:32+00:00,1.015
6.37,4.06,2024-08-20 07:15:32+00:00,1.013
6.31,4.06,2024-08-20 07:16:31+00:00,1.015
6.37,4.06,2024-08-20 07:17:31+00:00,1.014
6.37,4.06,2024-08-20 07:18:31+00:00,1.013
6.37,4.06,2024-08-20 07:19:31+00:00,1.014
6.31,4.12,2024-08-20 07:20:31+00:00,1.014
6.37,4.06,2024-08-20 07:21:31+00:00,1.015
6.31,4.0,2024-08-20 07:22:31+00:00,1.032
6.31,4.06,2024-08-20 07:23:31+00:00,0.952
6.31,4.0,2024-08-20 07:24:31+00:00,1.023
6.31,4.06,2024-08-20 07:25:31+00:00,1.004
6.31,4.0,2024-08-20 07:26:31+00:00,1.019
6.31,4.06,2024-08-20 07:27:31+00:00,1.013
6.31,4.06,2024-08-20 07:28:31+00:00,1.015
6.25,4.06,2024-08-20 07:29:31+00:00,1.012
6.25,4.06,2024-08-20 07:30:31+00:00,1.015
6.25,4.06,2024-08-20 07:31:31+00:00,1.015
6.31,4.06,2024-08-20 07:32:31+00:00,1.016
6.25,4.06,2024-08-20 07:33:31+00:00,1.016
6.25,4.06,2024-08-20 07:34:31+00:00,1.016
6.25,4.06,2024-08-20 07:35:31+00:00,1.016
6.25,4.06,2024-08-20 07:36:31+00:00,1.015
6.25,4.06,2024-08-20 07:37:31+00:00,1.031
6.25,4.06,2024-08-20 07:38:30+00:00,1.012
6.25,4.12,2024-08-20 07:39:30+00:00,0.987
6.25,4.06,2024-08-20 07:40:30+00:00,1.001
6.25,4.06,2024-08-20 07:41:30+00:00,1.022
6.25,4.06,2024-08-20 07:42:30+00:00,1.021
6.18,4.06,2024-08-20 07:43:30+00:00,1.011
6.18,4.06,2024-08-20 07:44:30+00:00,1.016
6.18,4.06,2024-08-20 07:45:30+00:00,1.016
6.12,4.0,2024-08-20 07:46:30+00:00,1.016
6.18,4.06,2024-08-20 07:47:30+00:00,1.012
6.18,4.06,2024-08-20 07:48:30+00:00,1.014
6.18,4.0,2024-08-20 07:49:30+00:00,1.014
6.18,4.06,2024-08-20 07:50:30+00:00,1.016
6.18,4.0,2024-08-20 07:51:30+00:00,1.013
6.18,4.0,2024-08-20 07:52:30+00:00,1.011
6.18,4.06,2024-08-20 07:53:30+00:00,1.026
6.18,4.06,2024-08-20 07:54:30+00:00,0.998
6.18,4.06,2024-08-20 07:55:30+00:00,1.005
6.18,4.06,2024-08-20 07:56:30+00:00,1.016
6.18,4.06,2024-08-20 07:57:30+00:00,1.016
6.18,4.0,2024-08-20 07:58:30+00:00,1.015
6.18,4.06,2024-08-20 07:59:30+00:00,1.016
6.18,4.06,2024-08-20 08:00:25+00:00,1.016
6.18,4.06,2024-08-20 08:01:25+00:00,1.015
6.18,4.06,2024-08-20 08:02:25+00:00,1.015
6.18,4.06,2024-08-20 08:03:25+00:00,1.014
6.12,4.06,2024-08-20 08:04:25+00:00,1.015
6.12,4.06,2024-08-20 08:05:25+00:00,1.014
6.18,4.06,2024-08-20 08:06:25+00:00,1.014
6.18,4.06,2024-08-20 08:07:25+00:00,1.011
6.18,4.06,2024-08-20 08:08:25+00:00,1.028
6.18,4.0,2024-08-20 08:09:25+00:00,1.008
6.12,4.0,2024-08-20 08:10:25+00:00,1.028
6.18,4.06,2024-08-20 08:11:25+00:00,1.016
6.18,4.06,2024-08-20 08:12:25+00:00,1.012
6.18,4.06,2024-08-20 08:13:25+00:00,1.015
6.18,4.06,2024-08-20 08:14:25+00:00,1.016
6.12,4.06,2024-08-20 08:15:25+00:00,1.013
6.18,4.06,2024-08-20 08:16:24+00:00,1.014
6.12,4.06,2024-08-20 08:17:24+00:00,1.013
6.12,4.12,2024-08-20 08:18:24+00:00,1.015
6.12,4.0,2024-08-20 08:19:24+00:00,1.015
6.12,4.06,2024-08-20 08:20:24+00:00,1.014
6.12,4.06,2024-08-20 08:21:24+00:00,1.015
6.18,4.06,2024-08-20 08:22:24+00:00,1.012
6.12,4.0,2024-08-20 08:23:24+00:00,1.006
6.12,4.06,2024-08-20 08:24:24+00:00,1.026
6.12,4.06,2024-08-20 08:25:24+00:00,1.016
6.12,4.06,2024-08-20 08:26:24+00:00,1.017
6.12,4.06,2024-08-20 08:27:24+00:00,1.008
6.12,4.06,2024-08-20 08:28:24+00:00,1.016
6.12,4.06,2024-08-20 08:29:24+00:00,1.019
6.12,4.06,2024-08-20 08:30:24+00:00,1.016
6.12,4.0,2024-08-20 08:31:24+00:00,1.014
6.12,4.06,2024-08-20 08:32:24+00:00,1.015
6.12,4.06,2024-08-20 08:33:24+00:00,1.016
6.12,4.0,2024-08-20 08:34:24+00:00,1.016
6.12,4.06,2024-08-20 08:35:24+00:00,1.014
6.12,4.06,2024-08-20 08:36:24+00:00,1.014
6.12,4.06,2024-08-20 08:37:24+00:00,1.005
6.12,4.06,2024-08-20 08:38:23+00:00,1.017
6.12,4.06,2024-08-20 08:39:23+00:00,1.003
6.12,4.06,2024-08-20 08:40:23+00:00,1.007
6.12,4.06,2024-08-20 08:41:23+00:00,1.031
6.12,4.06,2024-08-20 08:42:23+00:00,1.012
6.12,4.06,2024-08-20 08:43:23+00:00,1.024
6.12,4.06,2024-08-20 08:44:23+00:00,1.012
6.12,4.06,2024-08-20 08:45:23+00:00,1.015
6.12,4.06,2024-08-20 08:46:23+00:00,1.014
6.12,4.06,2024-08-20 08:47:23+00:00,1.015
6.18,4.06,2024-08-20 08:48:23+00:00,1.015
6.12,4.06,2024-08-20 08:49:23+00:00,1.013
6.12,4.06,2024-08-20 08:50:23+00:00,1.015
6.12,4.06,2024-08-20 08:51:23+00:00,1.015
6.12,4.06,2024-08-20 08:52:23+00:00,1.002
6.12,4.06,2024-08-20 08:53:23+00:00,1.012
6.18,4.0,2024-08-20 08:54:23+00:00,1.027
6.12,4.06,2024-08-20 08:55:23+00:00,1.022
6.12,4.06,2024-08-20 08:56:23+00:00,1.019
6.12,4.0,2024-08-20 08:57:23+00:00,1.01
6.12,4.0,2024-08-20 08:58:23+00:00,1.022
6.12,4.06,2024-08-20 08:59:23+00:00,1.018
6.12,4.06,2024-08-20 09:00:18+00:00,1.012
6.06,4.0,2024-08-20 09:01:18+00:00,1.015
6.06,4.06,2024-08-20 09:02:18+00:00,1.012
6.12,4.0,2024-08-20 09:03:18+00:00,1.015
6.12,4.0,2024-08-20 09:04:18+00:00,1.014
6.06,4.06,2024-08-20 09:05:18+00:00,1.013
6.12,4.06,2024-08-20 09:06:18+00:00,1.013
6.12,4.06,2024-08-20 09:07:18+00:00,1.027
6.12,4.06,2024-08-20 09:08:18+00:00,1.009
6.12,4.06,2024-08-20 09:09:18+00:00,1.006
6.12,4.12,2024-08-20 09:10:18+00:00,1.036
6.12,4.06,2024-08-20 09:11:18+00:00,1.016
6.12,4.06,2024-08-20 09:12:18+00:00,1.02
6.12,4.06,2024-08-20 09:13:18+00:00,1.015
6.12,4.06,2024-08-20 09:14:18+00:00,1.012
6.12,4.06,2024-08-20 09:15:18+00:00,1.014
6.12,4.06,2024-08-20 09:16:17+00:00,1.013
6.12,4.06,2024-08-20 09:17:17+00:00,1.012
6.06,4.12,2024-08-20 09:18:17+00:00,1.014
6.12,4.06,2024-08-20 09:19:17+00:00,1.013
6.12,4.06,2024-08-20 09:20:17+00:00,1.013
6.12,4.06,2024-08-20 09:21:17+00:00,1.014
6.12,4.06,2024-08-20 09:22:17+00:00,1.016
6.12,4.06,2024-08-20 09:23:17+00:00,0.963
6.12,4.06,2024-08-20 09:24:17+00:00,0.998
6.12,4.06,2024-08-20 09:25:17+00:00,1.018
6.12,4.06,2024-08-20 09:26:17+00:00,1.008
6.12,4.06,2024-08-20 09:27:17+00:00,1.024
6.12,4.06,2024-08-20 09:28:17+00:00,1.012
6.12,4.06,2024-08-20 09:29:17+00:00,1.01
6.12,4.12,2024-08-20 09:30:17+00:00,1.018
6.06,4.06,2024-08-20 09:31:17+00:00,1.014
6.12,4.06,2024-08-20 09:32:17+00:00,1.014
6.12,4.06,2024-08-20 09:33:17+00:00,1.012
6.12,4.06,2024-08-20 09:34:17+00:00,1.014
6.12,4.06,2024-08-20 09:35:17+00:00,1.014
6.12,4.06,2024-08-20 09:36:17+00:00,1.014
6.12,4.06,2024-08-20 09:37:17+00:00,1.005
6.12,4.06,2024-08-20 09:38:16+00:00,1.053
6.12,4.12,2024-08-20 09:39:16+00:00,1.002
6.12,4.12,2024-08-20 09:40:16+00:00,1.016
6.06,4.06,2024-08-20 09:41:16+00:00,1.017
6.06,4.06,2024-08-20 09:42:16+00:00,1.015
6.12,4.12,2024-08-20 09:43:16+00:00,1.024
6.06,4.06,2024-08-20 09:44:16+00:00,1.012
6.12,4.12,2024-08-20 09:45:16+00:00,1.014
6.06,4.12,2024-08-20 09:46:16+00:00,1.012
6.12,4.12,2024-08-20 09:47:16+00:00,1.013
6.12,4.12,2024-08-20 09:48:16+00:00,1.014
6.12,4.12,2024-08-20 09:49:16+00:00,1.014
6.12,4.06,2024-08-20 09:50:16+00:00,1.014
6.12,4.06,2024-08-20 09:51:16+00:00,1.013
6.12,4.12,2024-08-20 09:52:16+00:00,1.024
6.12,4.06,2024-08-20 09:53:16+00:00,0.994
6.18,4.06,2024-08-20 09:54:16+00:00,0.958
6.12,4.12,2024-08-20 09:55:16+00:00,1.01
6.12,4.12,2024-08-20 09:56:16+00:00,1.006
6.12,4.12,2024-08-20 09:57:16+00:00,1.01
6.06,4.06,2024-08-20 09:58:16+00:00,1.016
6.12,4.12,2024-08-20 09:59:16+00:00,1.013
6.12,4.06,2024-08-20 10:00:12+00:00,1.015
6.06,4.12,2024-08-20 10:01:12+00:00,1.015
6.06,4.12,2024-08-20 10:02:12+00:00,1.014
6.12,4.12,2024-08-20 10:03:12+00:00,1.015
6.12,4.12,2024-08-20 10:04:12+00:00,1.015
6.06,4.06,2024-08-20 10:05:12+00:00,1.015
6.12,4.12,2024-08-20 10:06:12+00:00,1.014
6.12,4.12,2024-08-20 10:07:12+00:00,1.016
6.12,4.12,2024-08-20 10:08:12+00:00,0.996
6.12,4.06,2024-08-20 10:09:12+00:00,1.0
6.12,4.12,2024-08-20 10:10:12+00:00,0.978
6.12,4.06,2024-08-20 10:11:12+00:00,0.998
6.18,4.06,2024-08-20 10:12:12+00:00,1.002
6.12,4.12,2024-08-20 10:13:12+00:00,1.023
6.12,4.12,2024-08-20 10:14:12+00:00,1.011
6.12,4.12,2024-08-20 10:15:12+00:00,1.014
6.12,4.12,2024-08-20 10:16:11+00:00,1.015
6.12,4.12,2024-08-20 10:17:11+00:00,1.013
6.12,4.06,2024-08-20 10:18:11+00:00,1.015
6.12,4.12,2024-08-20 10:19:11+00:00,1.014
6.12,4.12,2024-08-20 10:20:11+00:00,1.014
6.12,4.06,2024-08-20 10:21:11+00:00,1.015
6.18,4.12,2024-08-20 10:22:11+00:00,1.016
6.12,4.12,2024-08-20 10:23:11+00:00,1.016
6.12,4.12,2024-08-20 10:24:11+00:00,0.962
6.12,4.12,2024-08-20 10:25:11+00:00,0.995
6.18,4.12,2024-08-20 10:26:11+00:00,1.017
6.12,4.12,2024-08-20 10:27:11+00:00,1.011
6.18,4.12,2024-08-20 10:28:11+00:00,1.025
6.12,4.12,2024-08-20 10:29:11+00:00,1.016
6.18,4.12,2024-08-20 10:30:11+00:00,1.013
6.18,4.12,2024-08-20 10:31:11+00:00,1.012
6.12,4.06,2024-08-20 10:32:11+00:00,1.016
6.12,4.06,2024-08-20 10:33:11+00:00,1.014
6.18,4.12,2024-08-20 10:34:11+00:00,1.015
6.12,4.06,2024-08-20 10:35:11+00:00,1.014
6.18,4.12,2024-08-20 10:36:11+00:00,1.015
6.12,4.12,2024-08-20 10:37:11+00:00,1.014
6.18,4.12,2024-08-20 10:38:10+00:00,0.999
6.18,4.12,2024-08-20 10:39:10+00:00,0.679
6.18,4.12,2024-08-20 10:40:10+00:00,0.985
6.18,4.06,2024-08-20 10:41:10+00:00,1.004
6.18,4.12,2024-08-20 10:42:10+00:00,1.015
6.12,4.12,2024-08-20 10:43:10+00:00,1.009
6.18,4.06,2024-08-20 10:44:10+00:00,1.014
6.18,4.12,2024-08-20 10:45:10+00:00,1.016
6.18,4.12,2024-08-20 10:46:10+00:00,1.013
6.18,4.06,2024-08-20 10:47:10+00:00,1.014
6.18,4.12,2024-08-20 10:48:10+00:00,1.016
6.18,4.12,2024-08-20 10:49:10+00:00,1.014
6.18,4.12,2024-08-20 10:50:10+00:00,1.014
6.18,4.12,2024-08-20 10:51:10+00:00,1.014
6.18,4.06,2024-08-20 10:52:10+00:00,1.013
6.12,4.12,2024-08-20 10:53:10+00:00,1.02
6.18,4.12,2024-08-20 10:54:10+00:00,1.011
6.25,4.06,2024-08-20 10:55:10+00:00,1.007
6.18,4.12,2024-08-20 10:56:10+00:00,1.015
6.12,4.12,2024-08-20 10:57:10+00:00,1.027
6.18,4.12,2024-08-20 10:58:10+00:00,1.016
6.18,4.12,2024-08-20 10:59:10+00:00,1.009
6.18,4.12,2024-08-20 11:00:05+00:00,1.016
6.18,4.06,2024-08-20 11:01:05+00:00,1.014
6.18,4.12,2024-08-20 11:02:05+00:00,1.016
6.18,4.12,2024-08-20 11:03:05+00:00,1.016
6.18,4.12,2024-08-20 11:04:05+00:00,1.014
6.18,4.12,2024-08-20 11:05:05+00:00,1.016
6.12,4.12,2024-08-20 11:06:05+00:00,1.014
6.18,4.12,2024-08-20 11:07:05+00:00,1.014
6.18,4.12,2024-08-20 11:08:05+00:00,1.026
6.18,4.12,2024-08-20 11:09:05+00:00,0.975
6.25,4.12,2024-08-20 11:10:05+00:00,0.993
6.25,4.12,2024-08-20 11:11:05+00:00,1.014
6.18,4.06,2024-08-20 11:12:05+00:00,1.003
6.18,4.12,2024-08-20 11:13:05+00:00,1.016
6.18,4.12,2024-08-20 11:14:05+00:00,1.015
6.18,4.06,2024-08-20 11:15:05+00:00,1.012
6.18,4.12,2024-08-20 11:16:04+00:00,1.012
6.18,4.12,2024-08-20 11:17:04+00:00,1.016
6.25,4.12,2024-08-20 11:18:04+00:00,1.014
6.18,4.12,2024-08-20 11:19:04+00:00,1.013
6.18,4.12,2024-08-20 11:20:04+00:00,1.015
6.18,4.18,2024-08-20 11:21:04+00:00,1.014
6.18,4.18,2024-08-20 11:22:04+00:00,1.014
6.25,4.18,2024-08-20 11:23:04+00:00,1.005
6.18,4.18,2024-08-20 11:24:04+00:00,1.015
6.18,4.12,2024-08-20 11:25:04+00:00,1.017
6.18,4.18,2024-08-20 11:26:04+00:00,1.011
6.25,4.18,2024-08-20 11:27:04+00:00,1.012
6.18,4.18,2024-08-20 11:28:04+00:00,1.02
6.25,4.18,2024-08-20 11:29:04+00:00,1.013
6.18,4.12,2024-08-20 11:30:04+00:00,1.015
6.25,4.12,2024-08-20 11:31:04+00:00,1.015
6.25,4.12,2024-08-20 11:32:04+00:00,1.014
6.25,4.12,2024-08-20 11:33:04+00:00,1.013
6.18,4.18,2024-08-20 11:34:04+00:00,1.014
6.25,4.18,2024-08-20 11:35:04+00:00,1.014
6.25,4.12,2024-08-20 11:36:04+00:00,1.014
6.25,4.18,2024-08-20 11:37:04+00:00,1.014
6.25,4.18,2024-08-20 11:38:03+00:00,0.984
6.25,4.18,2024-08-20 11:39:03+00:00,0.996
6.18,4.18,2024-08-20 11:40:03+00:00,1.018
6.25,4.12,2024-08-20 11:41:03+00:00,1.019
6.25,4.18,2024-08-20 11:42:03+00:00,1.008
6.25,4.18,2024-08-20 11:43:03+00:00,1.021
6.25,4.12,2024-08-20 11:44:03+00:00,1.016
6.25,4.12,2024-08-20 11:45:03+00:00,1.016
6.18,4.12,2024-08-20 11:46:03+00:00,1.013
6.25,4.12,2024-08-20 11:47:03+00:00,1.014
6.25,4.12,2024-08-20 11:48:03+00:00,1.014
6.25,4.18,2024-08-20 11:49:03+00:00,1.015
6.25,4.12,2024-08-20 11:50:03+00:00,1.014
6.25,4.12,2024-08-20 11:51:03+00:00,1.014
6.25,4.18,2024-08-20 11:52:03+00:00,1.015
6.25,4.18,2024-08-20 11:53:03+00:00,1.016
6.25,4.18,2024-08-20 11:54:03+00:00,0.983
6.25,4.18,2024-08-20 11:55:03+00:00,0.989
6.25,4.18,2024-08-20 11:56:03+00:00,1.0
6.25,4.18,2024-08-20 11:57:03+00:00,1.016
6.25,4.18,2024-08-20 11:58:03+00:00,1.013
6.25,4.18,2024-08-20 11:59:03+00:00,1.013
6.18,4.18,2024-08-20 11:59:58+00:00,1.012
6.25,4.18,2024-08-20 12:00:58+00:00,1.015
6.25,4.18,2024-08-20 12:01:58+00:00,1.015
6.25,4.18,2024-08-20 12:02:58+00:00,1.015
6.25,4.18,2024-08-20 12:03:58+00:00,1.014
6.25,4.18,2024-08-20 12:04:58+00:00,1.014
6.31,4.18,2024-08-20 12:05:58+00:00,1.014
6.25,4.18,2024-08-20 12:06:58+00:00,1.015
6.31,4.25,2024-08-20 12:07:58+00:00,1.002
6.31,4.18,2024-08-20 12:08:58+00:00,1.009
6.31,4.18,2024-08-20 12:09:58+00:00,1.011
6.31,4.18,2024-08-20 12:10:58+00:00,1.013
6.31,4.18,2024-08-20 12:11:58+00:00,1.011
6.31,4.12,2024-08-20 12:12:58+00:00,1.016
6.31,4.18,2024-08-20 12:13:58+00:00,1.015
6.31,4.18,2024-08-20 12:14:58+00:00,1.015
6.31,4.18,2024-08-20 12:15:57+00:00,1.014
6.25,4.12,2024-08-20 12:16:57+00:00,1.013
6.31,4.18,2024-08-20 12:17:57+00:00,1.014
6.31,4.25,2024-08-20 12:18:57+00:00,1.015
6.31,4.25,2024-08-20 12:19:57+00:00,1.013
6.31,4.25,2024-08-20 12:20:57+00:00,1.013
6.25,4.18,2024-08-20 12:21:57+00:00,1.014
6.31,4.18,2024-08-20 12:22:57+00:00,1.012
6.31,4.18,2024-08-20 12:23:57+00:00,0.914
6.31,4.18,2024-08-20 12:24:57+00:00,1.022
6.31,4.18,2024-08-20 12:25:57+00:00,1.016
6.31,4.18,2024-08-20 12:26:57+00:00,1.007
6.31,4.18,2024-08-20 12:27:57+00:00,1.016
6.31,4.18,2024-08-20 12:28:57+00:00,1.013
6.37,4.18,2024-08-20 12:29:57+00:00,1.015
6.37,4.18,2024-08-20 12:30:57+00:00,1.013
6.31,4.18,2024-08-20 12:31:57+00:00,1.014
6.31,4.18,2024-08-20 12:32:57+00:00,1.014
6.37,4.25,2024-08-20 12:33:57+00:00,1.014
6.37,4.18,2024-08-20 12:34:57+00:00,1.013
6.31,4.18,2024-08-20 12:35:57+00:00,1.015
6.37,4.18,2024-08-20 12:36:57+00:00,1.015
6.37,4.18,2024-08-20 12:37:56+00:00,1.006
6.37,4.25,2024-08-20 12:38:56+00:00,0.997
6.37,4.18,2024-08-20 12:39:56+00:00,1.004
6.37,4.18,2024-08-20 12:40:56+00:00,1.025
6.37,4.25,2024-08-20 12:41:56+00:00,1.031
6.37,4.18,2024-08-20 12:42:56+00:00,1.022
6.37,4.18,2024-08-20 12:43:56+00:00,1.013
6.37,4.18,2024-08-20 12:44:56+00:00,1.015
6.31,4.18,2024-08-20 12:45:56+00:00,1.015
6.37,4.25,2024-08-20 12:46:56+00:00,1.015
6.31,4.25,2024-08-20 12:47:56+00:00,1.014
6.31,4.25,2024-08-20 12:48:56+00:00,1.016
6.37,4.25,2024-08-20 12:49:56+00:00,1.015
6.31,4.18,2024-08-20 12:50:56+00:00,1.016
6.37,4.18,2024-08-20 12:51:56+00:00,1.014
6.31,4.18,2024-08-20 12:52:56+00:00,1.019
6.31,4.25,2024-08-20 12:53:56+00:00,1.002
6.37,4.18,2024-08-20 12:54:56+00:00,1.016
6.31,4.25,2024-08-20 12:55:56+00:00,0.992
6.37,4.25,2024-08-20 12:56:56+00:00,1.023
6.37,4.25,2024-08-20 12:57:56+00:00,1.009
6.37,4.25,2024-08-20 12:58:56+00:00,1.012
6.37,4.18,2024-08-20 12:59:51+00:00,1.012
6.37,4.18,2024-08-20 13:00:51+00:00,1.013
6.31,4.18,2024-08-20 13:01:51+00:00,1.013
6.37,4.18,2024-08-20 13:02:51+00:00,1.015
6.37,4.18,2024-08-20 13:03:51+00:00,1.015
6.37,4.18,2024-08-20 13:04:51+00:00,1.016
6.37,4.18,2024-08-20 13:05:51+00:00,1.013
6.37,4.18,2024-08-20 13:06:51+00:00,1.015
6.37,4.25,2024-08-20 13:07:51+00:00,0.996
6.37,4.25,2024-08-20 13:08:51+00:00,0.984
6.37,4.25,2024-08-20 13:09:51+00:00,0.987
6.37,4.25,2024-08-20 13:10:51+00:00,1.023
6.31,4.25,2024-08-20 13:11:51+00:00,1.031
6.37,4.18,2024-08-20 13:12:51+00:00,1.016
6.37,4.25,2024-08-20 13:13:51+00:00,1.018
6.37,4.18,2024-08-20 13:14:51+00:00,1.014
6.37,4.18,2024-08-20 13:15:50+00:00,1.016
6.31,4.18,2024-08-20 13:16:50+00:00,1.014
6.37,4.25,2024-08-20 13:17:50+00:00,1.016
6.37,4.25,2024-08-20 13:18:50+00:00,1.014
6.37,4.25,2024-08-20 13:19:50+00:00,1.015
6.37,4.18,2024-08-20 13:20:50+00:00,1.014
6.37,4.25,2024-08-20 13:21:50+00:00,1.014
6.37,4.18,2024-08-20 13:22:50+00:00,1.024
6.37,4.18,2024-08-20 13:23:50+00:00,1.013
6.37,4.18,2024-08-20 13:24:50+00:00,1.024
6.37,4.25,2024-08-20 13:25:50+00:00,1.021
6.37,4.18,2024-08-20 13:26:50+00:00,1.021
6.43,4.25,2024-08-20 13:27:50+00:00,1.027
6.37,4.18,2024-08-20 13:28:50+00:00,1.015
6.37,4.25,2024-08-20 13:29:50+00:00,1.015
6.37,4.25,2024-08-20 13:30:50+00:00,1.014
6.43,4.25,2024-08-20 13:31:50+00:00,1.015
6.37,4.25,2024-08-20 13:32:50+00:00,1.014
6.37,4.18,2024-08-20 13:33:50+00:00,1.015
6.43,4.18,2024-08-20 13:34:50+00:00,1.014
6.37,4.25,2024-08-20 13:35:50+00:00,1.015
6.43,4.18,2024-08-20 13:36:50+00:00,1.015
6.37,4.25,2024-08-20 13:37:49+00:00,1.005
6.37,4.18,2024-08-20 13:38:49+00:00,1.007
6.37,4.25,2024-08-20 13:39:49+00:00,1.018
6.43,4.25,2024-08-20 13:40:49+00:00,1.024
6.43,4.18,2024-08-20 13:41:49+00:00,1.007
6.37,4.25,2024-08-20 13:42:49+00:00,1.019
6.43,4.25,2024-08-20 13:43:49+00:00,1.012
6.43,4.18,2024-08-20 13:44:49+00:00,1.015
6.43,4.31,2024-08-20 13:45:49+00:00,1.015
6.43,4.18,2024-08-20 13:46:49+00:00,1.015
6.43,4.25,2024-08-20 13:47:49+00:00,1.015
6.43,4.25,2024-08-20 13:48:49+00:00,1.015
6.43,4.25,2024-08-20 13:49:49+00:00,1.015
6.43,4.18,2024-08-20 13:50:49+00:00,1.015
6.43,4.25,2024-08-20 13:51:49+00:00,1.015
6.43,4.25,2024-08-20 13:52:49+00:00,1.014
6.5,4.25,2024-08-20 13:53:49+00:00,1.013
6.43,4.18,2024-08-20 13:54:49+00:00,1.011
6.5,4.18,2024-08-20 13:55:49+00:00,1.014
6.5,4.25,2024-08-20 13:56:49+00:00,1.015
6.5,4.25,2024-08-20 13:57:49+00:00,1.015
6.43,4.25,2024-08-20 13:58:49+00:00,1.013
6.43,4.25,2024-08-20 13:59:44+00:00,1.015
6.5,4.18,2024-08-20 14:00:44+00:00,1.014
6.5,4.25,2024-08-20 14:01:44+00:00,1.013
6.5,4.25,2024-08-20 14:02:44+00:00,1.013
6.5,4.25,2024-08-20 14:03:44+00:00,1.014
6.5,4.25,2024-08-20 14:04:44+00:00,1.015
6.5,4.25,2024-08-20 14:05:44+00:00,1.014
6.5,4.25,2024-08-20 14:06:44+00:00,1.014
6.5,4.25,2024-08-20 14:07:44+00:00,1.015
6.5,4.25,2024-08-20 14:08:44+00:00,1.014
6.5,4.25,2024-08-20 14:09:44+00:00,1.015
6.5,4.25,2024-08-20 14:10:44+00:00,1.015
6.5,4.31,2024-08-20 14:11:44+00:00,1.016
6.5,4.31,2024-08-20 14:12:44+00:00,1.014
6.5,4.25,2024-08-20 14:13:44+00:00,0.998
6.43,4.25,2024-08-20 14:14:43+00:00,0.831
6.5,4.25,2024-08-20 14:15:43+00:00,0.597
6.43,4.31,2024-08-20 14:16:43+00:00,0.179
6.43,4.37,2024-08-20 14:17:43+00:00,0.179
6.43,5.12,2024-08-20 14:18:43+00:00,0.181
7.06,11.18,2024-08-20 14:19:43+00:00,0.181
7.12,9.56,2024-08-20 14:20:43+00:00,0.181
7.37,23.68,2024-08-20 14:21:43+00:00,0.181
7.62,52.31,2024-08-20 14:22:43+00:00,0.183
11.0,47.43,2024-08-20 14:23:43+00:00,0.186
15.0,36.18,2024-08-20 14:24:43+00:00,0.185
18.68,36.56,2024-08-20 14:25:43+00:00,0.186
21.5,36.81,2024-08-20 14:26:43+00:00,0.184
24.0,36.62,2024-08-20 14:27:43+00:00,0.185
25.0,36.37,2024-08-20 14:28:43+00:00,0.185
26.0,35.37,2024-08-20 14:29:43+00:00,0.185
26.87,37.31,2024-08-20 14:30:43+00:00,0.184
27.62,58.06,2024-08-20 14:31:43+00:00,0.184
28.5,66.81,2024-08-20 14:32:43+00:00,0.186
29.87,68.31,2024-08-20 14:33:43+00:00,0.186
31.37,70.62,2024-08-20 14:34:43+00:00,0.187
33.31,68.43,2024-08-20 14:35:43+00:00,0.184
35.25,66.18,2024-08-20 14:36:42+00:00,0.183
38.81,60.68,2024-08-20 14:37:42+00:00,0.184
41.43,55.5,2024-08-20 14:38:42+00:00,0.183
43.37,53.68,2024-08-20 14:39:42+00:00,0.183
45.06,52.75,2024-08-20 14:40:42+00:00,0.182
46.5,52.12,2024-08-20 14:41:42+00:00,0.184
47.68,51.75,2024-08-20 14:42:42+00:00,0.183
48.56,51.5,2024-08-20 14:43:42+00:00,0.183
49.37,51.37,2024-08-20 14:44:42+00:00,0.183
49.62,51.18,2024-08-20 14:45:42+00:00,0.181
49.93,50.12,2024-08-20 14:46:42+00:00,0.181
50.18,49.06,2024-08-20 14:47:42+00:00,0.183
50.18,41.93,2024-08-20 14:48:42+00:00,0.182
36.68,29.37,2024-08-20 16:01:31+00:00,0.398
36.43,29.43,2024-08-20 16:02:31+00:00,0.421
36.25,29.43,2024-08-20 16:03:31+00:00,0.436
36.06,29.43,2024-08-20 16:04:31+00:00,0.449
35.93,29.43,2024-08-20 16:05:31+00:00,0.452
35.75,29.43,2024-08-20 16:06:31+00:00,0.458
35.62,29.37,2024-08-20 16:07:31+00:00,0.457
35.5,29.37,2024-08-20 16:08:31+00:00,0.495
35.37,29.43,2024-08-20 16:09:31+00:00,0.52
35.25,29.43,2024-08-20 16:10:31+00:00,0.579
35.06,29.56,2024-08-20 16:11:31+00:00,0.217
33.68,29.5,2024-08-20 16:12:31+00:00,0.432
33.31,28.93,2024-08-20 16:13:31+00:00,0.458
32.37,28.25,2024-08-20 16:14:31+00:00,0.691
31.56,27.5,2024-08-20 16:15:30+00:00,0.458
30.81,26.81,2024-08-20 16:16:30+00:00,0.55
29.75,26.06,2024-08-20 16:17:30+00:00,0.435
29.12,25.25,2024-08-20 16:18:30+00:00,0.259
28.31,24.75,2024-08-20 16:19:30+00:00,0.636
27.68,24.25,2024-08-20 16:20:30+00:00,0.24
27.18,23.81,2024-08-20 16:21:30+00:00,0.755
26.75,23.31,2024-08-20 16:22:30+00:00,0.634
26.06,23.12,2024-08-20 16:23:30+00:00,0.612
25.56,22.81,2024-08-20 16:24:30+00:00,0.826
25.31,22.31,2024-08-20 16:25:30+00:00,0.749
24.87,22.12,2024-08-20 16:26:30+00:00,0.636
24.25,21.62,2024-08-20 16:27:30+00:00,0.792
23.75,21.18,2024-08-20 16:28:30+00:00,0.836
23.25,20.81,2024-08-20 16:29:30+00:00,0.703
22.87,20.43,2024-08-20 16:30:30+00:00,0.735
22.5,20.37,2024-08-20 16:31:30+00:00,0.839
22.12,20.18,2024-08-20 16:32:30+00:00,0.566
21.68,19.75,2024-08-20 16:33:30+00:00,0.746
21.43,19.75,2024-08-20 16:34:30+00:00,0.888
21.18,19.75,2024-08-20 16:35:30+00:00,0.329
21.06,19.81,2024-08-20 16:36:30+00:00,0.799
20.81,19.68,2024-08-20 16:37:29+00:00,0.947
20.62,19.56,2024-08-20 16:38:29+00:00,0.451
20.43,19.25,2024-08-20 16:39:29+00:00,0.821
20.18,19.0,2024-08-20 16:40:29+00:00,1.038
19.93,18.5,2024-08-20 16:41:29+00:00,0.929
19.62,18.25,2024-08-20 16:42:29+00:00,0.89
19.5,18.5,2024-08-20 16:43:29+00:00,0.819
19.37,18.5,2024-08-20 16:44:29+00:00,0.872
19.18,18.37,2024-08-20 16:45:29+00:00,0.919
19.0,18.06,2024-08-20 16:46:29+00:00,0.88
18.87,17.87,2024-08-20 16:47:29+00:00,0.976
18.68,17.87,2024-08-20 16:48:29+00:00,0.791
18.56,17.75,2024-08-20 16:49:29+00:00,0.901
18.43,17.43,2024-08-20 16:50:29+00:00,1.006
18.31,17.62,2024-08-20 16:51:29+00:00,0.835
18.25,17.75,2024-08-20 16:52:29+00:00,0.928
18.12,17.81,2024-08-20 16:53:29+00:00,1.037
18.06,17.87,2024-08-20 16:54:29+00:00,1.025
17.93,17.62,2024-08-20 16:55:29+00:00,0.331
17.87,17.37,2024-08-20 16:56:29+00:00,0.966
17.68,17.18,2024-08-20 16:57:29+00:00,0.724
17.56,17.0,2024-08-20 16:58:28+00:00,0.782
17.37,16.75,2024-08-20 16:59:24+00:00,0.952
17.25,16.5,2024-08-20 17:00:24+00:00,0.954
17.0,16.25,2024-08-20 17:01:24+00:00,0.958
16.81,15.93,2024-08-20 17:02:24+00:00,0.984
16.68,15.93,2024-08-20 17:03:24+00:00,0.82
16.62,15.93,2024-08-20 17:04:24+00:00,0.958
16.56,16.12,2024-08-20 17:05:24+00:00,0.523
16.5,16.43,2024-08-20 17:06:24+00:00,0.932
16.56,16.56,2024-08-20 17:07:24+00:00,1.04
16.62,16.62,2024-08-20 17:08:24+00:00,0.664
16.62,16.62,2024-08-20 17:09:24+00:00,0.447
16.62,16.56,2024-08-20 17:10:24+00:00,0.788
16.62,16.43,2024-08-20 17:11:24+00:00,0.992
16.56,16.25,2024-08-20 17:12:24+00:00,0.948
16.5,16.12,2024-08-20 17:13:24+00:00,0.637
16.43,15.93,2024-08-20 17:14:23+00:00,0.897
16.31,15.75,2024-08-20 17:15:23+00:00,0.98
16.18,15.5,2024-08-20 17:16:23+00:00,0.852
16.18,15.56,2024-08-20 17:17:23+00:00,0.987
16.06,15.68,2024-08-20 17:18:23+00:00,1.03
16.06,15.75,2024-08-20 17:19:23+00:00,0.897
16.12,15.81,2024-08-20 17:20:23+00:00,0.868
16.06,15.75,2024-08-20 17:21:23+00:00,0.999
16.12,15.68,2024-08-20 17:22:23+00:00,0.869
16.06,15.56,2024-08-20 17:23:23+00:00,0.996
16.06,15.5,2024-08-20 17:24:23+00:00,0.921
16.0,15.31,2024-08-20 17:25:23+00:00,0.667
15.93,15.18,2024-08-20 17:26:23+00:00,1.025
15.87,15.12,2024-08-20 17:27:23+00:00,0.878
15.87,15.06,2024-08-20 17:28:23+00:00,1.011
15.81,15.06,2024-08-20 17:29:23+00:00,0.563
15.81,14.87,2024-08-20 17:30:23+00:00,0.944
15.68,14.68,2024-08-20 17:31:23+00:00,1.018
15.62,14.5,2024-08-20 17:32:23+00:00,0.848
15.5,14.31,2024-08-20 17:33:23+00:00,1.082
15.31,14.18,2024-08-20 17:34:23+00:00,1.009
15.25,13.93,2024-08-20 17:35:23+00:00,0.898
15.12,13.81,2024-08-20 17:36:22+00:00,0.91
15.06,13.62,2024-08-20 17:37:22+00:00,0.976
14.81,13.43,2024-08-20 17:38:22+00:00,0.903
14.75,13.18,2024-08-20 17:39:22+00:00,0.788
14.56,13.0,2024-08-20 17:40:22+00:00,0.796
14.43,12.87,2024-08-20 17:41:22+00:00,0.974
14.31,12.68,2024-08-20 17:42:22+00:00,1.044
14.06,12.5,2024-08-20 17:43:22+00:00,0.919
13.87,12.31,2024-08-20 17:44:22+00:00,0.998
13.75,12.12,2024-08-20 17:45:22+00:00,0.696
13.5,11.93,2024-08-20 17:46:22+00:00,0.949
13.5,11.81,2024-08-20 17:47:22+00:00,0.914
13.25,11.62,2024-08-20 17:48:22+00:00,0.962
13.06,11.43,2024-08-20 17:49:22+00:00,1.084
12.93,11.25,2024-08-20 17:50:22+00:00,0.821
12.81,11.0,2024-08-20 17:51:22+00:00,0.894
12.68,10.87,2024-08-20 17:52:22+00:00,1.037
12.5,10.75,2024-08-20 17:53:22+00:00,0.918
12.37,10.5,2024-08-20 17:54:22+00:00,1.048
12.18,10.37,2024-08-20 17:55:22+00:00,0.884
12.06,10.12,2024-08-20 17:56:22+00:00,0.973
11.75,9.93,2024-08-20 17:57:22+00:00,0.821
11.56,9.81,2024-08-20 17:58:21+00:00,0.914
11.25,9.62,2024-08-20 17:59:18+00:00,0.921
11.18,9.43,2024-08-20 18:00:18+00:00,0.977
10.87,9.31,2024-08-20 18:01:18+00:00,0.994
10.62,9.12,2024-08-20 18:02:18+00:00,0.743
10.56,8.87,2024-08-20 18:03:18+00:00,0.978
10.43,8.75,2024-08-20 18:04:18+00:00,0.915
10.18,8.56,2024-08-20 18:05:18+00:00,0.91
10.06,8.43,2024-08-20 18:06:18+00:00,1.0
10.0,8.18,2024-08-20 18:07:18+00:00,0.987
9.81,8.06,2024-08-20 18:08:18+00:00,0.978
9.62,7.93,2024-08-20 18:09:18+00:00,0.967
9.5,7.68,2024-08-20 18:10:18+00:00,0.785
9.25,7.56,2024-08-20 18:11:18+00:00,0.877
9.12,7.31,2024-08-20 18:12:18+00:00,0.85
8.87,7.18,2024-08-20 18:13:18+00:00,0.877
8.81,7.06,2024-08-20 18:14:17+00:00,1.049
8.62,6.81,2024-08-20 18:15:17+00:00,1.027
8.43,6.62,2024-08-20 18:16:17+00:00,1.038
8.12,6.56,2024-08-20 18:17:17+00:00,0.873
7.93,6.43,2024-08-20 18:18:17+00:00,1.006
7.81,6.18,2024-08-20 18:19:17+00:00,0.93
7.62,5.93,2024-08-20 18:20:17+00:00,0.827
7.37,5.87,2024-08-20 18:21:17+00:00,1.036
7.31,5.62,2024-08-20 18:22:17+00:00,0.815
7.18,5.5,2024-08-20 18:23:17+00:00,0.867
6.93,5.31,2024-08-20 18:24:17+00:00,0.926
6.75,5.18,2024-08-20 18:25:17+00:00,0.923
6.62,5.06,2024-08-20 18:26:17+00:00,0.952
6.5,5.0,2024-08-20 18:27:17+00:00,1.024
6.43,5.06,2024-08-20 18:28:17+00:00,1.015
6.43,5.06,2024-08-20 18:29:17+00:00,1.011
6.43,5.06,2024-08-20 18:30:17+00:00,1.013
6.43,5.0,2024-08-20 18:31:17+00:00,1.014
6.5,5.06,2024-08-20 18:32:17+00:00,1.013
6.56,5.06,2024-08-20 18:33:17+00:00,1.012
6.62,5.06,2024-08-20 18:34:17+00:00,1.013
6.68,5.06,2024-08-20 18:35:17+00:00,1.014
6.75,5.06,2024-08-20 18:36:16+00:00,1.013
6.81,5.0,2024-08-20 18:37:16+00:00,1.014
6.87,5.0,2024-08-20 18:38:16+00:00,1.013
6.93,5.0,2024-08-20 18:39:16+00:00,1.013
6.81,4.93,2024-08-20 18:40:16+00:00,0.955
6.75,4.81,2024-08-20 18:41:16+00:00,0.931
6.68,4.75,2024-08-20 18:42:16+00:00,1.0
6.68,4.75,2024-08-20 18:43:16+00:00,1.013
6.68,4.81,2024-08-20 18:44:16+00:00,1.018
6.68,4.75,2024-08-20 18:45:16+00:00,1.015
6.75,4.75,2024-08-20 18:46:16+00:00,1.015
6.81,4.75,2024-08-20 18:47:16+00:00,1.015
6.81,4.68,2024-08-20 18:48:16+00:00,1.014
6.93,4.75,2024-08-20 18:49:16+00:00,1.015
6.93,4.68,2024-08-20 18:50:16+00:00,1.014
6.93,4.68,2024-08-20 18:51:16+00:00,1.013
7.06,4.68,2024-08-20 18:52:16+00:00,1.015
7.06,4.68,2024-08-20 18:53:16+00:00,1.015
7.12,4.68,2024-08-20 18:54:16+00:00,1.014
7.12,4.62,2024-08-20 18:55:16+00:00,0.953
7.06,4.56,2024-08-20 18:56:16+00:00,0.887
7.0,4.56,2024-08-20 18:57:15+00:00,0.954
7.0,4.5,2024-08-20 18:58:15+00:00,1.021
7.0,4.43,2024-08-20 18:59:10+00:00,1.015
7.06,4.5,2024-08-20 19:00:10+00:00,1.018
7.06,4.5,2024-08-20 19:01:10+00:00,1.013
7.12,4.5,2024-08-20 19:02:10+00:00,1.016
7.12,4.5,2024-08-20 19:03:10+00:00,1.016
7.12,4.5,2024-08-20 19:04:10+00:00,1.015
7.18,4.43,2024-08-20 19:05:10+00:00,1.015
7.25,4.5,2024-08-20 19:06:10+00:00,1.015
7.31,4.56,2024-08-20 19:07:10+00:00,1.013
7.31,4.5,2024-08-20 19:08:10+00:00,1.015
7.37,4.5,2024-08-20 19:09:10+00:00,1.015
7.12,4.5,2024-08-20 19:10:10+00:00,0.983
7.0,4.43,2024-08-20 19:11:10+00:00,0.842
6.81,4.43,2024-08-20 19:12:10+00:00,1.002
6.75,4.43,2024-08-20 19:13:10+00:00,1.027
6.75,4.43,2024-08-20 19:14:09+00:00,1.016
6.75,4.5,2024-08-20 19:15:09+00:00,1.01
6.75,4.5,2024-08-20 19:16:09+00:00,1.013
6.81,4.43,2024-08-20 19:17:09+00:00,1.013
6.75,4.43,2024-08-20 19:18:09+00:00,1.014
6.81,4.43,2024-08-20 19:19:09+00:00,1.012
6.81,4.43,2024-08-20 19:20:09+00:00,1.013
6.93,4.43,2024-08-20 19:21:09+00:00,1.013
6.93,4.43,2024-08-20 19:22:09+00:00,1.013
7.0,4.43,2024-08-20 19:23:09+00:00,1.013
7.06,4.5,2024-08-20 19:24:09+00:00,1.013
7.12,4.43,2024-08-20 19:25:09+00:00,0.841
7.06,4.37,2024-08-20 19:26:09+00:00,0.995
6.87,4.37,2024-08-20 19:27:09+00:00,1.033
6.81,4.37,2024-08-20 19:28:09+00:00,1.002
6.81,4.37,2024-08-20 19:29:09+00:00,1.009
6.81,4.37,2024-08-20 19:30:09+00:00,1.014
6.81,4.37,2024-08-20 19:31:09+00:00,1.012
6.81,4.43,2024-08-20 19:32:09+00:00,1.014
6.93,4.37,2024-08-20 19:33:09+00:00,1.012
6.93,4.37,2024-08-20 19:34:09+00:00,1.012
6.93,4.37,2024-08-20 19:35:09+00:00,1.013
7.06,4.43,2024-08-20 19:36:08+00:00,1.013
7.06,4.37,2024-08-20 19:37:08+00:00,1.013
7.06,4.37,2024-08-20 19:38:08+00:00,1.013
7.12,4.37,2024-08-20 19:39:08+00:00,1.013
7.06,4.37,2024-08-20 19:40:08+00:00,0.994
6.81,4.37,2024-08-20 19:41:08+00:00,0.963
6.81,4.37,2024-08-20 19:42:08+00:00,0.999
6.81,4.43,2024-08-20 19:43:08+00:00,1.017
6.75,4.37,2024-08-20 19:44:08+00:00,1.009
6.75,4.37,2024-08-20 19:45:08+00:00,1.016
6.68,4.37,2024-08-20 19:46:08+00:00,1.013
6.81,4.37,2024-08-20 19:47:08+00:00,1.015
6.75,4.37,2024-08-20 19:48:08+00:00,1.014
6.81,4.37,2024-08-20 19:49:08+00:00,1.014
6.87,4.37,2024-08-20 19:50:08+00:00,1.015
6.93,4.37,2024-08-20 19:51:08+00:00,1.014
6.93,4.37,2024-08-20 19:52:08+00:00,1.015
7.0,4.37,2024-08-20 19:53:08+00:00,1.014
7.06,4.37,2024-08-20 19:54:08+00:00,1.013
6.93,4.37,2024-08-20 19:55:08+00:00,0.957
6.68,4.37,2024-08-20 19:56:08+00:00,0.973
6.5,4.37,2024-08-20 19:57:08+00:00,1.041
6.43,4.37,2024-08-20 19:58:08+00:00,1.021
6.37,4.37,2024-08-20 19:59:04+00:00,1.015
6.37,4.37,2024-08-20 20:00:04+00:00,1.017
6.37,4.31,2024-08-20 20:01:04+00:00,1.016
6.37,4.37,2024-08-20 20:02:04+00:00,1.014
6.43,4.37,2024-08-20 20:03:04+00:00,1.015
6.5,4.37,2024-08-20 20:04:04+00:00,1.015
6.56,4.43,2024-08-20 20:05:04+00:00,1.015
6.62,4.37,2024-08-20 20:06:04+00:00,1.014
6.62,4.37,2024-08-20 20:07:04+00:00,1.015
6.68,4.37,2024-08-20 20:08:04+00:00,1.015
6.75,4.37,2024-08-20 20:09:04+00:00,1.015
6.75,4.37,2024-08-20 20:10:04+00:00,0.763
6.68,4.43,2024-08-20 20:11:04+00:00,1.034
6.56,4.37,2024-08-20 20:12:04+00:00,1.008
6.5,4.37,2024-08-20 20:13:04+00:00,1.02
6.56,4.37,2024-08-20 20:14:04+00:00,1.008
6.56,4.43,2024-08-20 20:15:03+00:00,1.015
6.56,4.37,2024-08-20 20:16:03+00:00,1.014
6.56,4.37,2024-08-20 20:17:03+00:00,1.015
6.62,4.31,2024-08-20 20:18:03+00:00,1.014
6.62,4.37,2024-08-20 20:19:03+00:00,1.015
6.75,4.37,2024-08-20 20:20:03+00:00,1.015
6.75,4.37,2024-08-20 20:21:03+00:00,1.014
6.81,4.37,2024-08-20 20:22:03+00:00,1.014
6.81,4.37,2024-08-20 20:23:03+00:00,1.015
6.87,4.37,2024-08-20 20:24:03+00:00,1.014
6.81,4.37,2024-08-20 20:25:03+00:00,0.995
6.75,4.37,2024-08-20 20:26:03+00:00,0.932
6.68,4.43,2024-08-20 20:27:03+00:00,1.033
6.62,4.37,2024-08-20 20:28:03+00:00,0.986
6.62,4.37,2024-08-20 20:29:03+00:00,1.019
6.68,4.43,2024-08-20 20:30:03+00:00,1.01
6.62,4.43,2024-08-20 20:31:03+00:00,1.015
6.68,4.37,2024-08-20 20:32:03+00:00,1.015
6.75,4.43,2024-08-20 20:33:03+00:00,1.014
6.75,4.43,2024-08-20 20:34:03+00:00,1.014
6.75,4.43,2024-08-20 20:35:03+00:00,1.014
6.81,4.37,2024-08-20 20:36:03+00:00,1.015
6.87,4.43,2024-08-20 20:37:02+00:00,1.015
6.87,4.37,2024-08-20 20:38:02+00:00,1.015
6.93,4.43,2024-08-20 20:39:02+00:00,1.014
6.87,4.37,2024-08-20 20:40:02+00:00,0.933
6.81,4.43,2024-08-20 20:41:02+00:00,0.851
6.62,4.43,2024-08-20 20:42:02+00:00,1.022
6.68,4.43,2024-08-20 20:43:02+00:00,0.999
6.62,4.37,2024-08-20 20:44:02+00:00,1.016
6.62,4.43,2024-08-20 20:45:02+00:00,1.015
6.62,4.5,2024-08-20 20:46:02+00:00,1.016
6.68,4.43,2024-08-20 20:47:02+00:00,1.014
6.75,4.43,2024-08-20 20:48:02+00:00,1.016
6.75,4.43,2024-08-20 20:49:02+00:00,1.015
6.75,4.43,2024-08-20 20:50:02+00:00,1.015
6.81,4.43,2024-08-20 20:51:02+00:00,1.014
6.87,4.43,2024-08-20 20:52:02+00:00,1.015
6.93,4.5,2024-08-20 20:53:02+00:00,1.015
6.93,4.5,2024-08-20 20:54:02+00:00,1.015
6.93,4.43,2024-08-20 20:55:02+00:00,0.979
6.81,4.43,2024-08-20 20:56:02+00:00,1.003
6.62,4.43,2024-08-20 20:57:02+00:00,1.021
6.56,4.37,2024-08-20 20:58:02+00:00,0.959
6.31,4.25,2024-08-20 20:58:57+00:00,0.939
6.25,4.06,2024-08-20 20:59:57+00:00,0.703
6.12,4.06,2024-08-20 21:00:57+00:00,0.982
6.06,4.0,2024-08-20 21:01:57+00:00,0.98
6.06,4.0,2024-08-20 21:02:56+00:00,1.027
6.0,4.0,2024-08-20 21:03:56+00:00,1.022
6.06,3.93,2024-08-20 21:04:56+00:00,1.014
6.0,4.0,2024-08-20 21:05:56+00:00,1.015
6.06,4.0,2024-08-20 21:06:56+00:00,1.015
6.06,4.0,2024-08-20 21:07:56+00:00,1.014
6.06,4.06,2024-08-20 21:08:56+00:00,1.014
6.12,4.0,2024-08-20 21:09:56+00:00,1.015
6.12,4.0,2024-08-20 21:10:56+00:00,1.014
6.12,4.0,2024-08-20 21:11:56+00:00,1.014
6.18,4.0,2024-08-20 21:12:56+00:00,1.015
6.18,4.0,2024-08-20 21:13:56+00:00,1.015
6.25,4.0,2024-08-20 21:14:56+00:00,0.969
6.06,4.0,2024-08-20 21:15:56+00:00,0.949
5.93,4.0,2024-08-20 21:16:56+00:00,1.013
5.93,4.0,2024-08-20 21:17:56+00:00,1.003
5.93,3.93,2024-08-20 21:18:56+00:00,1.016
5.87,3.93,2024-08-20 21:19:56+00:00,1.011
5.93,4.0,2024-08-20 21:20:56+00:00,1.014
5.93,4.0,2024-08-20 21:21:56+00:00,1.014
5.93,3.93,2024-08-20 21:22:56+00:00,1.013
6.0,3.93,2024-08-20 21:23:56+00:00,1.014
6.0,3.93,2024-08-20 21:24:55+00:00,1.014
6.06,4.0,2024-08-20 21:25:55+00:00,1.014
6.12,3.93,2024-08-20 21:26:55+00:00,1.014
6.18,4.0,2024-08-20 21:27:55+00:00,1.015
6.25,4.0,2024-08-20 21:28:55+00:00,1.014
6.18,4.0,2024-08-20 21:29:55+00:00,1.009
6.0,4.0,2024-08-20 21:30:55+00:00,1.098
5.93,4.0,2024-08-20 21:31:55+00:00,0.996
5.87,4.0,2024-08-20 21:32:55+00:00,1.014
5.87,4.0,2024-08-20 21:33:55+00:00,1.002
5.93,4.0,2024-08-20 21:34:55+00:00,1.013
5.93,4.0,2024-08-20 21:35:55+00:00,1.015
5.93,4.0,2024-08-20 21:36:55+00:00,1.013
6.0,3.93,2024-08-20 21:37:55+00:00,1.014
6.0,3.93,2024-08-20 21:38:55+00:00,1.014
6.06,4.06,2024-08-20 21:39:55+00:00,1.013
6.12,3.93,2024-08-20 21:40:55+00:00,1.012
6.12,3.93,2024-08-20 21:41:55+00:00,1.014
6.18,4.0,2024-08-20 21:42:55+00:00,1.014
6.25,3.93,2024-08-20 21:43:55+00:00,1.013
6.18,3.93,2024-08-20 21:44:55+00:00,0.784
6.12,4.0,2024-08-20 21:45:55+00:00,0.999
6.12,4.0,2024-08-20 21:46:55+00:00,1.03
6.06,4.0,2024-08-20 21:47:54+00:00,0.999
6.0,4.0,2024-08-20 21:48:54+00:00,1.016
6.06,4.0,2024-08-20 21:49:54+00:00,1.011
6.06,4.0,2024-08-20 21:50:54+00:00,1.012
6.12,3.93,2024-08-20 21:51:54+00:00,1.015
6.12,4.0,2024-08-20 21:52:54+00:00,1.014
6.12,4.0,2024-08-20 21:53:54+00:00,1.014
6.18,4.0,2024-08-20 21:54:54+00:00,1.014
6.18,4.06,2024-08-20 21:55:54+00:00,1.015
6.25,4.0,2024-08-20 21:56:54+00:00,1.015
6.25,4.0,2024-08-20 21:57:54+00:00,1.014
6.31,4.0,2024-08-20 21:58:50+00:00,1.014
6.31,4.0,2024-08-20 21:59:50+00:00,0.898
6.12,4.06,2024-08-20 22:00:50+00:00,0.735
6.06,4.06,2024-08-20 22:01:50+00:00,1.02
6.06,4.0,2024-08-20 22:02:50+00:00,1.015
6.06,4.0,2024-08-20 22:03:50+00:00,1.016
6.06,4.0,2024-08-20 22:04:50+00:00,1.013
6.06,4.06,2024-08-20 22:05:50+00:00,1.013
6.06,4.0,2024-08-20 22:06:50+00:00,1.014
6.06,4.06,2024-08-20 22:07:50+00:00,1.014
6.12,4.06,2024-08-20 22:08:50+00:00,1.015
6.18,4.06,2024-08-20 22:09:50+00:00,1.013
6.18,4.06,2024-08-20 22:10:50+00:00,1.014
6.25,4.06,2024-08-20 22:11:50+00:00,1.015
6.25,4.06,2024-08-20 22:12:50+00:00,1.015
6.31,4.06,2024-08-20 22:13:49+00:00,1.015
6.37,4.06,2024-08-20 22:14:49+00:00,0.57
6.12,4.06,2024-08-20 22:15:49+00:00,0.838
6.12,4.06,2024-08-20 22:16:49+00:00,0.99
6.12,4.12,2024-08-20 22:17:49+00:00,1.005
6.06,4.06,2024-08-20 22:18:49+00:00,1.019
6.12,4.06,2024-08-20 22:19:49+00:00,1.016
6.12,4.06,2024-08-20 22:20:49+00:00,1.014
6.12,4.06,2024-08-20 22:21:49+00:00,1.015
6.18,4.06,2024-08-20 22:22:49+00:00,1.015
6.25,4.06,2024-08-20 22:23:49+00:00,1.016
6.25,4.06,2024-08-20 22:24:49+00:00,1.015
6.25,4.06,2024-08-20 22:25:49+00:00,1.015
6.31,4.06,2024-08-20 22:26:49+00:00,1.015
6.31,4.06,2024-08-20 22:27:49+00:00,1.015
6.37,4.06,2024-08-20 22:28:49+00:00,1.014
6.43,4.06,2024-08-20 22:29:49+00:00,0.976
6.31,4.12,2024-08-20 22:30:49+00:00,0.938
6.25,4.12,2024-08-20 22:31:49+00:00,0.978
6.25,4.06,2024-08-20 22:32:49+00:00,1.012
6.25,4.12,2024-08-20 22:33:49+00:00,1.025
6.25,4.12,2024-08-20 22:34:49+00:00,1.013
6.25,4.12,2024-08-20 22:35:49+00:00,1.013
6.25,4.06,2024-08-20 22:36:48+00:00,1.014
6.31,4.12,2024-08-20 22:37:48+00:00,1.015
6.31,4.06,2024-08-20 22:38:48+00:00,1.015
6.37,4.06,2024-08-20 22:39:48+00:00,1.015
6.31,4.06,2024-08-20 22:40:48+00:00,1.014
6.37,4.06,2024-08-20 22:41:48+00:00,1.015
6.37,4.06,2024-08-20 22:42:48+00:00,1.015
6.5,4.12,2024-08-20 22:43:48+00:00,1.015
6.43,4.12,2024-08-20 22:44:48+00:00,1.036
6.37,4.18,2024-08-20 22:45:48+00:00,0.935
6.25,4.12,2024-08-20 22:46:48+00:00,0.994
6.25,4.18,2024-08-20 22:47:48+00:00,1.023
6.18,4.12,2024-08-20 22:48:48+00:00,1.017
6.18,4.18,2024-08-20 22:49:48+00:00,1.014
6.18,4.12,2024-08-20 22:50:48+00:00,1.013
6.25,4.12,2024-08-20 22:51:48+00:00,1.014
6.25,4.18,2024-08-20 22:52:48+00:00,1.015
6.25,4.18,2024-08-20 22:53:48+00:00,1.014
6.31,4.12,2024-08-20 22:54:48+00:00,1.014
6.37,4.18,2024-08-20 22:55:48+00:00,1.015
6.37,4.18,2024-08-20 22:56:48+00:00,1.014
6.37,4.12,2024-08-20 22:57:48+00:00,1.013
6.37,4.18,2024-08-20 22:58:43+00:00,1.015
6.43,4.12,2024-08-20 22:59:43+00:00,1.096
6.25,4.18,2024-08-20 23:00:43+00:00,0.89
6.18,4.18,2024-08-20 23:01:43+00:00,0.969
6.18,4.18,2024-08-20 23:02:43+00:00,0.992
6.12,4.18,2024-08-20 23:03:43+00:00,1.015
6.18,4.18,2024-08-20 23:04:43+00:00,1.014
6.12,4.18,2024-08-20 23:05:43+00:00,1.017
6.12,4.18,2024-08-20 23:06:43+00:00,1.015
6.18,4.18,2024-08-20 23:07:43+00:00,1.016
6.25,4.18,2024-08-20 23:08:43+00:00,1.016
6.25,4.12,2024-08-20 23:09:43+00:00,1.015
6.25,4.18,2024-08-20 23:10:43+00:00,1.015
6.37,4.18,2024-08-20 23:11:43+00:00,1.016
6.37,4.18,2024-08-20 23:12:43+00:00,1.016
6.37,4.18,2024-08-20 23:13:43+00:00,1.016
6.43,4.18,2024-08-20 23:14:42+00:00,1.007
6.18,4.18,2024-08-20 23:15:42+00:00,0.965
6.06,4.18,2024-08-20 23:16:42+00:00,0.991
6.06,4.25,2024-08-20 23:17:42+00:00,1.022
6.06,4.18,2024-08-20 23:18:42+00:00,1.019
6.0,4.25,2024-08-20 23:19:42+00:00,1.012
6.0,4.18,2024-08-20 23:20:42+00:00,1.013
6.06,4.25,2024-08-20 23:21:42+00:00,1.015
6.06,4.25,2024-08-20 23:22:42+00:00,1.014
6.12,4.18,2024-08-20 23:23:42+00:00,1.015
6.12,4.25,2024-08-20 23:24:42+00:00,1.014
6.18,4.18,2024-08-20 23:25:42+00:00,1.015
6.18,4.18,2024-08-20 23:26:42+00:00,1.014
6.25,4.25,2024-08-20 23:27:42+00:00,1.015
6.31,4.25,2024-08-20 23:28:42+00:00,1.015
6.31,4.18,2024-08-20 23:29:42+00:00,1.036
6.37,4.25,2024-08-20 23:30:42+00:00,0.982
6.12,4.18,2024-08-20 23:31:42+00:00,0.958
6.12,4.25,2024-08-20 23:32:42+00:00,0.99
6.12,4.25,2024-08-20 23:33:42+00:00,1.015
6.12,4.25,2024-08-20 23:34:42+00:00,1.011
6.12,4.25,2024-08-20 23:35:42+00:00,1.014
6.12,4.25,2024-08-20 23:36:41+00:00,1.015
6.18,4.25,2024-08-20 23:37:41+00:00,1.014
6.18,4.25,2024-08-20 23:38:41+00:00,1.016
6.18,4.25,2024-08-20 23:39:41+00:00,1.014
6.25,4.31,2024-08-20 23:40:41+00:00,1.014
6.31,4.25,2024-08-20 23:41:41+00:00,1.015
6.37,4.25,2024-08-20 23:42:41+00:00,1.015
6.37,4.25,2024-08-20 23:43:41+00:00,1.015
6.37,4.25,2024-08-20 23:44:41+00:00,1.006
6.25,4.25,2024-08-20 23:45:41+00:00,0.912
6.06,4.31,2024-08-20 23:46:41+00:00,0.878
6.0,4.25,2024-08-20 23:47:41+00:00,1.006
6.06,4.31,2024-08-20 23:48:41+00:00,1.011
5.93,4.31,2024-08-20 23:49:41+00:00,1.008
6.0,4.25,2024-08-20 23:50:41+00:00,1.014
6.06,4.31,2024-08-20 23:51:41+00:00,1.014
6.06,4.31,2024-08-20 23:52:41+00:00,1.015
6.06,4.31,2024-08-20 23:53:41+00:00,1.014
6.12,4.31,2024-08-20 23:54:41+00:00,1.014
6.12,4.31,2024-08-20 23:55:41+00:00,1.014
6.18,4.31,2024-08-20 23:56:41+00:00,1.013
6.18,4.31,2024-08-20 23:57:41+00:00,1.014
6.25,4.31,2024-08-20 23:58:36+00:00,1.014
6.31,4.31,2024-08-20 23:59:36+00:00,1.013
