Source;Epoch timestamp (UTC);Date;Time (UTC);Submerged temperature (ºC);Surface temperature (ºC);Over surface temperature (ºC)
01:00:01:00:00:00:00;1725925735;09/09/24;23:48:55;-127.0;4.25;5.81
01:00:01:00:00:00:00;1725925795;09/09/24;23:49:55;-127.0;4.25;5.87
01:00:01:00:00:00:00;1725925855;09/09/24;23:50:55;-127.0;4.25;5.93
01:00:01:00:00:00:00;1725925915;09/09/24;23:51:55;-127.0;4.18;5.93
01:00:01:00:00:00:00;1725925975;09/09/24;23:52:55;-127.0;4.25;5.93
01:00:01:00:00:00:00;1725926035;09/09/24;23:53:55;-127.0;4.25;6.0
01:00:01:00:00:00:00;1725926095;09/09/24;23:54:55;-127.0;4.25;6.06
01:00:01:00:00:00:00;1725926155;09/09/24;23:55:55;-127.0;4.25;5.93
01:00:01:00:00:00:00;1725926215;09/09/24;23:56:55;-127.0;4.25;5.81
01:00:01:00:00:00:00;1725926275;09/09/24;23:57:55;-127.0;4.25;5.81
01:00:01:00:00:00:00;1725926335;09/09/24;23:58:55;-127.0;4.31;5.81
01:00:01:00:00:00:00;1725926395;09/09/24;23:59:55;-127.0;4.31;5.81
01:00:01:00:00:00:00;1725926455;10/09/24;00:00:55;-127.0;4.25;5.75
01:00:01:00:00:00:00;1725926515;10/09/24;00:01:55;-127.0;4.25;5.75
01:00:01:00:00:00:00;1725926575;10/09/24;00:02:55;-127.0;4.25;5.81
01:00:01:00:00:00:00;1725926635;10/09/24;00:03:55;-127.0;4.25;5.81
01:00:01:00:00:00:00;1725926695;10/09/24;00:04:55;-127.0;4.25;5.87
01:00:01:00:00:00:00;1725926755;10/09/24;00:05:55;-127.0;4.25;5.87
01:00:01:00:00:00:00;1725926814;10/09/24;00:06:54;-127.0;4.25;5.93
01:00:01:00:00:00:00;1725926874;10/09/24;00:07:54;-127.0;4.25;5.93
01:00:01:00:00:00:00;1725926934;10/09/24;00:08:54;-127.0;4.25;6.0
01:00:01:00:00:00:00;1725926994;10/09/24;00:09:54;-127.0;4.25;6.06
01:00:01:00:00:00:00;1725927054;10/09/24;00:10:54;-127.0;4.31;5.93
01:00:01:00:00:00:00;1725927114;10/09/24;00:11:54;-127.0;4.25;5.93
01:00:01:00:00:00:00;1725927174;10/09/24;00:12:54;-127.0;4.31;5.87
01:00:01:00:00:00:00;1725927234;10/09/24;00:13:54;-127.0;4.31;5.81
01:00:01:00:00:00:00;1725927294;10/09/24;00:14:54;-127.0;4.31;5.81
01:00:01:00:00:00:00;1725927354;10/09/24;00:15:54;-127.0;4.31;5.81
01:00:01:00:00:00:00;1725927414;10/09/24;00:16:54;-127.0;4.31;5.87
01:00:01:00:00:00:00;1725927474;10/09/24;00:17:54;-127.0;4.31;5.87
01:00:01:00:00:00:00;1725927534;10/09/24;00:18:54;-127.0;4.31;5.93
01:00:01:00:00:00:00;1725927594;10/09/24;00:19:54;-127.0;4.31;5.93
01:00:01:00:00:00:00;1725927654;10/09/24;00:20:54;-127.0;4.31;6.0
01:00:01:00:00:00:00;1725927714;10/09/24;00:21:54;-127.0;4.31;6.0
01:00:01:00:00:00:00;1725927769;10/09/24;00:22:49;-127.0;4.31;6.06
01:00:01:00:00:00:00;1725927829;10/09/24;00:23:49;-127.0;4.31;6.12
01:00:01:00:00:00:00;1725927889;10/09/24;00:24:49;-127.0;4.31;6.12
01:00:01:00:00:00:00;1725927949;10/09/24;00:25:49;-127.0;4.37;5.93
01:00:01:00:00:00:00;1725928009;10/09/24;00:26:49;-127.0;4.31;5.87
01:00:01:00:00:00:00;1725928069;10/09/24;00:27:49;-127.0;4.37;5.81
01:00:01:00:00:00:00;1725928129;10/09/24;00:28:49;-127.0;4.31;5.81
01:00:01:00:00:00:00;1725928189;10/09/24;00:29:49;-127.0;4.37;5.81
01:00:01:00:00:00:00;1725928249;10/09/24;00:30:49;-127.0;4.37;5.81
01:00:01:00:00:00:00;1725928309;10/09/24;00:31:49;-127.0;4.31;5.81
01:00:01:00:00:00:00;1725928369;10/09/24;00:32:49;-127.0;4.31;5.81
01:00:01:00:00:00:00;1725928429;10/09/24;00:33:49;-127.0;4.31;5.87
01:00:01:00:00:00:00;1725928489;10/09/24;00:34:49;-127.0;4.31;5.87
01:00:01:00:00:00:00;1725928549;10/09/24;00:35:49;-127.0;4.31;5.87
01:00:01:00:00:00:00;1725928609;10/09/24;00:36:49;-127.0;4.37;5.93
01:00:01:00:00:00:00;1725928669;10/09/24;00:37:49;-127.0;4.37;6.0
01:00:01:00:00:00:00;1725928729;10/09/24;00:38:49;-127.0;4.37;6.06
01:00:01:00:00:00:00;1725928789;10/09/24;00:39:49;-127.0;4.31;6.06
01:00:01:00:00:00:00;1725928848;10/09/24;00:40:48;-127.0;4.37;6.06
01:00:01:00:00:00:00;1725928908;10/09/24;00:41:48;-127.0;4.37;6.0
01:00:01:00:00:00:00;1725928968;10/09/24;00:42:48;-127.0;4.37;6.0
01:00:01:00:00:00:00;1725929028;10/09/24;00:43:48;-127.0;4.37;5.93
01:00:01:00:00:00:00;1725929088;10/09/24;00:44:48;-127.0;4.43;6.0
01:00:01:00:00:00:00;1725929148;10/09/24;00:45:48;-127.0;4.37;6.0
01:00:01:00:00:00:00;1725929208;10/09/24;00:46:48;-127.0;4.37;6.0
01:00:01:00:00:00:00;1725929268;10/09/24;00:47:48;-127.0;4.37;6.0
01:00:01:00:00:00:00;1725929328;10/09/24;00:48:48;-127.0;4.37;6.06
01:00:01:00:00:00:00;1725929388;10/09/24;00:49:48;-127.0;4.37;6.06
01:00:01:00:00:00:00;1725929448;10/09/24;00:50:48;-127.0;4.31;6.06
01:00:01:00:00:00:00;1725929508;10/09/24;00:51:48;-127.0;4.37;6.12
01:00:01:00:00:00:00;1725929568;10/09/24;00:52:48;-127.0;4.37;6.18
01:00:01:00:00:00:00;1725929628;10/09/24;00:53:48;-127.0;4.37;6.18
01:00:01:00:00:00:00;1725929688;10/09/24;00:54:48;-127.0;4.37;6.25
01:00:01:00:00:00:00;1725929748;10/09/24;00:55:48;-127.0;4.37;6.12
01:00:01:00:00:00:00;1725929808;10/09/24;00:56:48;-127.0;4.37;6.06
01:00:01:00:00:00:00;1725929868;10/09/24;00:57:48;-127.0;4.37;6.0
01:00:01:00:00:00:00;1725929928;10/09/24;00:58:48;-127.0;4.37;6.0
01:00:01:00:00:00:00;1725929988;10/09/24;00:59:48;-127.0;4.37;6.0
01:00:01:00:00:00:00;1725930048;10/09/24;01:00:48;-127.0;4.43;5.93
01:00:01:00:00:00:00;1725930108;10/09/24;01:01:48;-127.0;4.43;5.93
01:00:01:00:00:00:00;1725930168;10/09/24;01:02:48;-127.0;4.5;6.0
01:00:01:00:00:00:00;1725930228;10/09/24;01:03:48;-127.0;4.43;6.06
01:00:01:00:00:00:00;1725930288;10/09/24;01:04:48;-127.0;4.37;6.0
01:00:01:00:00:00:00;1725930348;10/09/24;01:05:48;-127.0;4.37;6.0
01:00:01:00:00:00:00;1725930407;10/09/24;01:06:47;-127.0;4.37;6.06
01:00:01:00:00:00:00;1725930467;10/09/24;01:07:47;-127.0;4.43;6.12
01:00:01:00:00:00:00;1725930527;10/09/24;01:08:47;-127.0;4.37;6.12
01:00:01:00:00:00:00;1725930587;10/09/24;01:09:47;-127.0;4.37;6.18
01:00:01:00:00:00:00;1725930647;10/09/24;01:10:47;-127.0;4.43;6.06
01:00:01:00:00:00:00;1725930707;10/09/24;01:11:47;-127.0;4.43;6.0
01:00:01:00:00:00:00;1725930767;10/09/24;01:12:47;-127.0;4.37;5.87
01:00:01:00:00:00:00;1725930827;10/09/24;01:13:47;-127.0;4.18;5.75
01:00:01:00:00:00:00;1725930887;10/09/24;01:14:47;-127.0;4.06;5.68
01:00:01:00:00:00:00;1725930947;10/09/24;01:15:47;-127.0;4.0;5.56
01:00:01:00:00:00:00;1725931007;10/09/24;01:16:47;-127.0;3.93;5.37
01:00:01:00:00:00:00;1725931067;10/09/24;01:17:47;-127.0;3.93;5.37
01:00:01:00:00:00:00;1725931127;10/09/24;01:18:47;-127.0;4.0;5.37
01:00:01:00:00:00:00;1725931187;10/09/24;01:19:47;-127.0;3.93;5.31
01:00:01:00:00:00:00;1725931247;10/09/24;01:20:47;-127.0;3.93;5.31
01:00:01:00:00:00:00;1725931307;10/09/24;01:21:47;-127.0;3.93;5.31
01:00:01:00:00:00:00;1725931363;10/09/24;01:22:43;-127.0;3.93;5.31
01:00:01:00:00:00:00;1725931423;10/09/24;01:23:43;-127.0;3.93;5.37
01:00:01:00:00:00:00;1725931483;10/09/24;01:24:43;-127.0;3.93;5.43
01:00:01:00:00:00:00;1725931543;10/09/24;01:25:43;-127.0;3.87;5.43
01:00:01:00:00:00:00;1725931603;10/09/24;01:26:43;-127.0;3.93;5.43
01:00:01:00:00:00:00;1725931663;10/09/24;01:27:43;-127.0;4.0;5.5
01:00:01:00:00:00:00;1725931723;10/09/24;01:28:43;-127.0;3.93;5.5
01:00:01:00:00:00:00;1725931783;10/09/24;01:29:43;-127.0;3.93;5.5
01:00:01:00:00:00:00;1725931843;10/09/24;01:30:43;-127.0;3.93;5.43
01:00:01:00:00:00:00;1725931903;10/09/24;01:31:43;-127.0;3.87;5.25
01:00:01:00:00:00:00;1725931963;10/09/24;01:32:43;-127.0;3.93;5.25
01:00:01:00:00:00:00;1725932023;10/09/24;01:33:43;-127.0;3.87;5.25
01:00:01:00:00:00:00;1725932083;10/09/24;01:34:43;-127.0;3.93;5.25
01:00:01:00:00:00:00;1725932143;10/09/24;01:35:43;-127.0;3.87;5.25
01:00:01:00:00:00:00;1725932203;10/09/24;01:36:43;-127.0;3.93;5.18
01:00:01:00:00:00:00;1725932263;10/09/24;01:37:43;-127.0;3.93;5.25
01:00:01:00:00:00:00;1725932323;10/09/24;01:38:43;-127.0;3.93;5.31
01:00:01:00:00:00:00;1725932383;10/09/24;01:39:43;-127.0;3.93;5.31
01:00:01:00:00:00:00;1725932442;10/09/24;01:40:42;-127.0;3.93;5.37
01:00:01:00:00:00:00;1725932502;10/09/24;01:41:42;-127.0;3.93;5.37
01:00:01:00:00:00:00;1725932562;10/09/24;01:42:42;-127.0;3.93;5.43
01:00:01:00:00:00:00;1725932622;10/09/24;01:43:42;-127.0;3.93;5.43
01:00:01:00:00:00:00;1725932682;10/09/24;01:44:42;-127.0;3.93;5.43
01:00:01:00:00:00:00;1725932742;10/09/24;01:45:42;-127.0;3.93;5.37
01:00:01:00:00:00:00;1725932802;10/09/24;01:46:42;-127.0;3.93;5.31
01:00:01:00:00:00:00;1725932862;10/09/24;01:47:42;-127.0;3.93;5.25
01:00:01:00:00:00:00;1725932922;10/09/24;01:48:42;-127.0;3.93;5.25
01:00:01:00:00:00:00;1725932982;10/09/24;01:49:42;-127.0;3.93;5.31
01:00:01:00:00:00:00;1725933042;10/09/24;01:50:42;-127.0;3.93;5.31
01:00:01:00:00:00:00;1725933102;10/09/24;01:51:42;-127.0;3.93;5.31
01:00:01:00:00:00:00;1725933162;10/09/24;01:52:42;-127.0;3.93;5.31
01:00:01:00:00:00:00;1725933222;10/09/24;01:53:42;-127.0;3.93;5.31
01:00:01:00:00:00:00;1725933282;10/09/24;01:54:42;-127.0;3.93;5.37
01:00:01:00:00:00:00;1725933342;10/09/24;01:55:42;-127.0;3.87;5.37
01:00:01:00:00:00:00;1725933402;10/09/24;01:56:42;-127.0;3.93;5.43
01:00:01:00:00:00:00;1725933462;10/09/24;01:57:42;-127.0;3.93;5.43
01:00:01:00:00:00:00;1725933522;10/09/24;01:58:42;-127.0;3.93;5.5
01:00:01:00:00:00:00;1725933582;10/09/24;01:59:42;-127.0;3.93;5.5
01:00:01:00:00:00:00;1725933642;10/09/24;02:00:42;-127.0;3.93;5.31
01:00:01:00:00:00:00;1725933702;10/09/24;02:01:42;-127.0;3.93;5.25
01:00:01:00:00:00:00;1725933762;10/09/24;02:02:42;-127.0;3.93;5.18
01:00:01:00:00:00:00;1725933822;10/09/24;02:03:42;-127.0;3.93;5.25
01:00:01:00:00:00:00;1725933882;10/09/24;02:04:42;-127.0;3.93;5.18
01:00:01:00:00:00:00;1725933942;10/09/24;02:05:42;-127.0;4.0;5.18
01:00:01:00:00:00:00;1725934002;10/09/24;02:06:42;-127.0;3.93;5.25
01:00:01:00:00:00:00;1725934061;10/09/24;02:07:41;-127.0;3.93;5.25
01:00:01:00:00:00:00;1725934121;10/09/24;02:08:41;-127.0;3.93;5.25
01:00:01:00:00:00:00;1725934181;10/09/24;02:09:41;-127.0;3.93;5.31
01:00:01:00:00:00:00;1725934241;10/09/24;02:10:41;-127.0;3.93;5.31
01:00:01:00:00:00:00;1725934301;10/09/24;02:11:41;-127.0;3.93;5.37
01:00:01:00:00:00:00;1725934361;10/09/24;02:12:41;-127.0;3.93;5.43
01:00:01:00:00:00:00;1725934421;10/09/24;02:13:41;-127.0;3.93;5.43
01:00:01:00:00:00:00;1725934481;10/09/24;02:14:41;-127.0;3.93;5.43
01:00:01:00:00:00:00;1725934541;10/09/24;02:15:41;-127.0;3.93;5.37
01:00:01:00:00:00:00;1725934601;10/09/24;02:16:41;-127.0;3.93;5.31
01:00:01:00:00:00:00;1725934661;10/09/24;02:17:41;-127.0;3.93;5.31
01:00:01:00:00:00:00;1725934721;10/09/24;02:18:41;-127.0;3.93;5.31
01:00:01:00:00:00:00;1725934781;10/09/24;02:19:41;-127.0;3.93;5.25
01:00:01:00:00:00:00;1725934841;10/09/24;02:20:41;-127.0;3.93;5.31
01:00:01:00:00:00:00;1725934901;10/09/24;02:21:41;-127.0;3.93;5.37
01:00:01:00:00:00:00;1725934955;10/09/24;02:22:35;-127.0;4.0;5.37
01:00:01:00:00:00:00;1725935015;10/09/24;02:23:35;-127.0;3.93;5.37
01:00:01:00:00:00:00;1725935075;10/09/24;02:24:35;-127.0;3.93;5.37
01:00:01:00:00:00:00;1725935135;10/09/24;02:25:35;-127.0;3.93;5.43
01:00:01:00:00:00:00;1725935195;10/09/24;02:26:35;-127.0;4.0;5.43
01:00:01:00:00:00:00;1725935255;10/09/24;02:27:35;-127.0;4.0;5.5
01:00:01:00:00:00:00;1725935315;10/09/24;02:28:35;-127.0;4.0;5.56
01:00:01:00:00:00:00;1725935375;10/09/24;02:29:35;-127.0;3.93;5.56
01:00:01:00:00:00:00;1725935435;10/09/24;02:30:35;-127.0;4.0;5.5
01:00:01:00:00:00:00;1725935495;10/09/24;02:31:35;-127.0;3.93;5.31
01:00:01:00:00:00:00;1725935555;10/09/24;02:32:35;-127.0;3.93;5.43
01:00:01:00:00:00:00;1725935615;10/09/24;02:33:35;-127.0;3.93;5.37
01:00:01:00:00:00:00;1725935675;10/09/24;02:34:35;-127.0;4.0;5.37
01:00:01:00:00:00:00;1725935735;10/09/24;02:35:35;-127.0;4.0;5.37
01:00:01:00:00:00:00;1725935795;10/09/24;02:36:35;-127.0;3.93;5.37
01:00:01:00:00:00:00;1725935855;10/09/24;02:37:35;-127.0;3.93;5.43
01:00:01:00:00:00:00;1725935915;10/09/24;02:38:35;-127.0;3.93;5.43
01:00:01:00:00:00:00;1725935975;10/09/24;02:39:35;-127.0;3.93;5.43
01:00:01:00:00:00:00;1725936034;10/09/24;02:40:34;-127.0;3.93;5.5
01:00:01:00:00:00:00;1725936094;10/09/24;02:41:34;-127.0;3.93;5.5
01:00:01:00:00:00:00;1725936154;10/09/24;02:42:34;-127.0;3.93;5.56
01:00:01:00:00:00:00;1725936214;10/09/24;02:43:34;-127.0;4.0;5.62
01:00:01:00:00:00:00;1725936274;10/09/24;02:44:34;-127.0;4.0;5.62
01:00:01:00:00:00:00;1725936334;10/09/24;02:45:34;-127.0;3.93;5.56
01:00:01:00:00:00:00;1725936394;10/09/24;02:46:34;-127.0;3.93;5.5
01:00:01:00:00:00:00;1725936454;10/09/24;02:47:34;-127.0;4.0;5.43
01:00:01:00:00:00:00;1725936514;10/09/24;02:48:34;-127.0;4.0;5.43
01:00:01:00:00:00:00;1725936574;10/09/24;02:49:34;-127.0;3.93;5.43
01:00:01:00:00:00:00;1725936634;10/09/24;02:50:34;-127.0;3.93;5.43
01:00:01:00:00:00:00;1725936694;10/09/24;02:51:34;-127.0;4.0;5.5
01:00:01:00:00:00:00;1725936754;10/09/24;02:52:34;-127.0;4.0;5.5
01:00:01:00:00:00:00;1725936814;10/09/24;02:53:34;-127.0;4.0;5.5
01:00:01:00:00:00:00;1725936874;10/09/24;02:54:34;-127.0;4.0;5.56
01:00:01:00:00:00:00;1725936934;10/09/24;02:55:34;-127.0;4.06;5.56
01:00:01:00:00:00:00;1725936994;10/09/24;02:56:34;-127.0;4.0;5.62
01:00:01:00:00:00:00;1725937054;10/09/24;02:57:34;-127.0;4.0;5.62
01:00:01:00:00:00:00;1725937114;10/09/24;02:58:34;-127.0;4.0;5.62
01:00:01:00:00:00:00;1725937174;10/09/24;02:59:34;-127.0;4.0;5.62
01:00:01:00:00:00:00;1725937234;10/09/24;03:00:34;-127.0;4.0;5.43
01:00:01:00:00:00:00;1725937294;10/09/24;03:01:34;-127.0;4.0;5.43
01:00:01:00:00:00:00;1725937354;10/09/24;03:02:34;-127.0;4.0;5.43
01:00:01:00:00:00:00;1725937414;10/09/24;03:03:34;-127.0;4.0;5.37
01:00:01:00:00:00:00;1725937474;10/09/24;03:04:34;-127.0;4.0;5.43
01:00:01:00:00:00:00;1725937534;10/09/24;03:05:34;-127.0;4.0;5.43
01:00:01:00:00:00:00;1725937593;10/09/24;03:06:33;-127.0;4.06;5.43
01:00:01:00:00:00:00;1725937653;10/09/24;03:07:33;-127.0;4.06;5.43
01:00:01:00:00:00:00;1725937713;10/09/24;03:08:33;-127.0;4.06;5.5
01:00:01:00:00:00:00;1725937773;10/09/24;03:09:33;-127.0;4.0;5.5
01:00:01:00:00:00:00;1725937833;10/09/24;03:10:33;-127.0;4.0;5.5
01:00:01:00:00:00:00;1725937893;10/09/24;03:11:33;-127.0;4.06;5.56
01:00:01:00:00:00:00;1725937953;10/09/24;03:12:33;-127.0;4.06;5.56
01:00:01:00:00:00:00;1725938013;10/09/24;03:13:33;-127.0;4.06;5.56
01:00:01:00:00:00:00;1725938073;10/09/24;03:14:33;-127.0;4.0;5.62
01:00:01:00:00:00:00;1725938133;10/09/24;03:15:33;-127.0;4.06;5.56
01:00:01:00:00:00:00;1725938193;10/09/24;03:16:33;-127.0;4.06;5.43
01:00:01:00:00:00:00;1725938253;10/09/24;03:17:33;-127.0;4.06;5.43
01:00:01:00:00:00:00;1725938313;10/09/24;03:18:33;-127.0;4.06;5.43
01:00:01:00:00:00:00;1725938373;10/09/24;03:19:33;-127.0;4.0;5.43
01:00:01:00:00:00:00;1725938433;10/09/24;03:20:33;-127.0;4.06;5.43
01:00:01:00:00:00:00;1725938493;10/09/24;03:21:33;-127.0;4.06;5.43
01:00:01:00:00:00:00;1725938549;10/09/24;03:22:29;-127.0;4.06;5.43
01:00:01:00:00:00:00;1725938609;10/09/24;03:23:29;-127.0;4.0;5.5
01:00:01:00:00:00:00;1725938669;10/09/24;03:24:29;-127.0;4.06;5.5
01:00:01:00:00:00:00;1725938729;10/09/24;03:25:29;-127.0;4.06;5.5
01:00:01:00:00:00:00;1725938789;10/09/24;03:26:29;-127.0;4.06;5.56
01:00:01:00:00:00:00;1725938849;10/09/24;03:27:29;-127.0;4.0;5.62
01:00:01:00:00:00:00;1725938909;10/09/24;03:28:29;-127.0;4.06;5.62
01:00:01:00:00:00:00;1725938969;10/09/24;03:29:29;-127.0;4.06;5.68
01:00:01:00:00:00:00;1725939029;10/09/24;03:30:29;-127.0;4.06;5.56
01:00:01:00:00:00:00;1725939089;10/09/24;03:31:29;-127.0;4.0;5.43
01:00:01:00:00:00:00;1725939149;10/09/24;03:32:29;-127.0;4.06;5.43
01:00:01:00:00:00:00;1725939209;10/09/24;03:33:29;-127.0;4.06;5.43
01:00:01:00:00:00:00;1725939269;10/09/24;03:34:29;-127.0;4.06;5.43
01:00:01:00:00:00:00;1725939329;10/09/24;03:35:29;-127.0;4.06;5.43
01:00:01:00:00:00:00;1725939389;10/09/24;03:36:29;-127.0;4.06;5.43
01:00:01:00:00:00:00;1725939449;10/09/24;03:37:29;-127.0;4.06;5.37
01:00:01:00:00:00:00;1725939509;10/09/24;03:38:29;-127.0;4.06;5.5
01:00:01:00:00:00:00;1725939569;10/09/24;03:39:29;-127.0;4.06;5.5
01:00:01:00:00:00:00;1725939628;10/09/24;03:40:28;-127.0;4.06;5.5
01:00:01:00:00:00:00;1725939688;10/09/24;03:41:28;-127.0;4.06;5.56
01:00:01:00:00:00:00;1725939748;10/09/24;03:42:28;-127.0;4.06;5.56
01:00:01:00:00:00:00;1725939808;10/09/24;03:43:28;-127.0;4.12;5.62
01:00:01:00:00:00:00;1725939868;10/09/24;03:44:28;-127.0;4.06;5.62
01:00:01:00:00:00:00;1725939928;10/09/24;03:45:28;-127.0;4.06;5.62
01:00:01:00:00:00:00;1725939988;10/09/24;03:46:28;-127.0;4.06;5.5
01:00:01:00:00:00:00;1725940048;10/09/24;03:47:28;-127.0;4.12;5.5
01:00:01:00:00:00:00;1725940108;10/09/24;03:48:28;-127.0;4.06;5.5
01:00:01:00:00:00:00;1725940168;10/09/24;03:49:28;-127.0;4.06;5.5
01:00:01:00:00:00:00;1725940228;10/09/24;03:50:28;-127.0;4.06;5.5
01:00:01:00:00:00:00;1725940288;10/09/24;03:51:28;-127.0;4.12;5.56
01:00:01:00:00:00:00;1725940348;10/09/24;03:52:28;-127.0;4.12;5.62
01:00:01:00:00:00:00;1725940408;10/09/24;03:53:28;-127.0;4.12;5.56
01:00:01:00:00:00:00;1725940468;10/09/24;03:54:28;-127.0;4.12;5.56
01:00:01:00:00:00:00;1725940528;10/09/24;03:55:28;-127.0;4.12;5.68
01:00:01:00:00:00:00;1725940588;10/09/24;03:56:28;-127.0;4.06;5.68
01:00:01:00:00:00:00;1725940648;10/09/24;03:57:28;-127.0;4.06;5.68
01:00:01:00:00:00:00;1725940708;10/09/24;03:58:28;-127.0;4.12;5.75
01:00:01:00:00:00:00;1725940768;10/09/24;03:59:28;-127.0;4.06;5.75
01:00:01:00:00:00:00;1725940828;10/09/24;04:00:28;-127.0;4.06;5.56
01:00:01:00:00:00:00;1725940888;10/09/24;04:01:28;-127.0;4.12;5.56
01:00:01:00:00:00:00;1725940948;10/09/24;04:02:28;-127.0;4.06;5.5
01:00:01:00:00:00:00;1725941008;10/09/24;04:03:28;-127.0;4.12;5.5
01:00:01:00:00:00:00;1725941068;10/09/24;04:04:28;-127.0;4.12;5.5
01:00:01:00:00:00:00;1725941128;10/09/24;04:05:28;-127.0;4.12;5.43
01:00:01:00:00:00:00;1725941187;10/09/24;04:06:27;-127.0;4.12;5.5
01:00:01:00:00:00:00;1725941247;10/09/24;04:07:27;-127.0;4.12;5.5
01:00:01:00:00:00:00;1725941307;10/09/24;04:08:27;-127.0;4.12;5.5
01:00:01:00:00:00:00;1725941367;10/09/24;04:09:27;-127.0;4.18;5.56
01:00:01:00:00:00:00;1725941427;10/09/24;04:10:27;-127.0;4.18;5.56
01:00:01:00:00:00:00;1725941487;10/09/24;04:11:27;-127.0;4.25;5.62
01:00:01:00:00:00:00;1725941547;10/09/24;04:12:27;-127.0;4.25;5.62
01:00:01:00:00:00:00;1725941607;10/09/24;04:13:27;-127.0;4.31;5.68
01:00:01:00:00:00:00;1725941667;10/09/24;04:14:27;-127.0;5.0;5.68
01:00:01:00:00:00:00;1725941727;10/09/24;04:15:27;-127.0;5.5;5.87
01:00:01:00:00:00:00;1725941787;10/09/24;04:16:27;-127.0;5.68;6.0
01:00:01:00:00:00:00;1725941847;10/09/24;04:17:27;-127.0;5.75;6.12
01:00:01:00:00:00:00;1725941907;10/09/24;04:18:27;-127.0;5.75;6.18
01:00:01:00:00:00:00;1725941967;10/09/24;04:19:27;-127.0;5.81;6.25
01:00:01:00:00:00:00;1725942027;10/09/24;04:20:27;-127.0;5.75;6.31
01:00:01:00:00:00:00;1725942087;10/09/24;04:21:27;-127.0;5.75;6.37
01:00:01:00:00:00:00;1725942141;10/09/24;04:22:21;-127.0;5.81;6.37
01:00:01:00:00:00:00;1725942201;10/09/24;04:23:21;-127.0;5.81;6.5
01:00:01:00:00:00:00;1725942261;10/09/24;04:24:21;-127.0;5.81;6.5
01:00:01:00:00:00:00;1725942321;10/09/24;04:25:21;-127.0;5.87;6.56
01:00:01:00:00:00:00;1725942381;10/09/24;04:26:21;-127.0;5.93;6.56
01:00:01:00:00:00:00;1725942441;10/09/24;04:27:21;-127.0;6.0;6.62
01:00:01:00:00:00:00;1725942501;10/09/24;04:28:21;-127.0;6.12;6.62
01:00:01:00:00:00:00;1725942561;10/09/24;04:29:21;-127.0;6.18;6.68
01:00:01:00:00:00:00;1725942621;10/09/24;04:30:21;-127.0;6.18;6.68
01:00:01:00:00:00:00;1725942681;10/09/24;04:31:21;-127.0;6.12;6.75
01:00:01:00:00:00:00;1725942741;10/09/24;04:32:21;-127.0;6.12;6.81
01:00:01:00:00:00:00;1725942801;10/09/24;04:33:21;-127.0;6.06;6.81
01:00:01:00:00:00:00;1725942861;10/09/24;04:34:21;-127.0;6.18;6.93
01:00:01:00:00:00:00;1725942921;10/09/24;04:35:21;-127.0;6.18;6.93
01:00:01:00:00:00:00;1725942981;10/09/24;04:36:21;-127.0;6.25;6.93
01:00:01:00:00:00:00;1725943041;10/09/24;04:37:21;-127.0;6.31;7.0
01:00:01:00:00:00:00;1725943101;10/09/24;04:38:21;-127.0;6.31;7.0
01:00:01:00:00:00:00;1725943161;10/09/24;04:39:21;-127.0;6.43;7.06
01:00:01:00:00:00:00;1725943220;10/09/24;04:40:20;-127.0;6.5;7.12
01:00:01:00:00:00:00;1725943280;10/09/24;04:41:20;-127.0;6.62;7.12
01:00:01:00:00:00:00;1725943340;10/09/24;04:42:20;-127.0;6.62;7.12
01:00:01:00:00:00:00;1725943400;10/09/24;04:43:20;-127.0;6.62;7.25
01:00:01:00:00:00:00;1725943460;10/09/24;04:44:20;-127.0;6.62;7.25
01:00:01:00:00:00:00;1725943520;10/09/24;04:45:20;-127.0;6.56;7.31
01:00:01:00:00:00:00;1725943580;10/09/24;04:46:20;-127.0;6.56;7.31
01:00:01:00:00:00:00;1725943640;10/09/24;04:47:20;-127.0;6.68;7.37
01:00:01:00:00:00:00;1725943700;10/09/24;04:48:20;-127.0;6.75;7.37
01:00:01:00:00:00:00;1725943760;10/09/24;04:49:20;-127.0;6.68;7.43
01:00:01:00:00:00:00;1725943820;10/09/24;04:50:20;-127.0;6.68;7.43
01:00:01:00:00:00:00;1725943880;10/09/24;04:51:20;-127.0;6.68;7.5
01:00:01:00:00:00:00;1725943940;10/09/24;04:52:20;-127.0;6.75;7.62
01:00:01:00:00:00:00;1725944000;10/09/24;04:53:20;-127.0;6.75;7.56
01:00:01:00:00:00:00;1725944060;10/09/24;04:54:20;-127.0;6.81;7.62
01:00:01:00:00:00:00;1725944120;10/09/24;04:55:20;-127.0;6.81;7.62
01:00:01:00:00:00:00;1725944180;10/09/24;04:56:20;-127.0;6.75;7.62
01:00:01:00:00:00:00;1725944240;10/09/24;04:57:20;-127.0;6.68;7.68
01:00:01:00:00:00:00;1725944300;10/09/24;04:58:20;-127.0;6.68;7.68
01:00:01:00:00:00:00;1725944360;10/09/24;04:59:20;-127.0;6.75;7.68
01:00:01:00:00:00:00;1725944420;10/09/24;05:00:20;-127.0;6.75;7.81
01:00:01:00:00:00:00;1725944480;10/09/24;05:01:20;-127.0;6.81;7.75
01:00:01:00:00:00:00;1725944540;10/09/24;05:02:20;-127.0;6.81;7.81
01:00:01:00:00:00:00;1725944600;10/09/24;05:03:20;-127.0;6.81;7.81
01:00:01:00:00:00:00;1725944660;10/09/24;05:04:20;-127.0;6.75;7.81
01:00:01:00:00:00:00;1725944720;10/09/24;05:05:20;-127.0;6.75;7.87
01:00:01:00:00:00:00;1725944779;10/09/24;05:06:19;-127.0;6.62;7.81
01:00:01:00:00:00:00;1725944839;10/09/24;05:07:19;-127.0;6.68;7.81
01:00:01:00:00:00:00;1725944899;10/09/24;05:08:19;-127.0;6.75;7.81
01:00:01:00:00:00:00;1725944959;10/09/24;05:09:19;-127.0;6.81;7.87
01:00:01:00:00:00:00;1725945019;10/09/24;05:10:19;-127.0;6.81;7.87
01:00:01:00:00:00:00;1725945079;10/09/24;05:11:19;-127.0;6.81;7.87
01:00:01:00:00:00:00;1725945139;10/09/24;05:12:19;-127.0;6.87;7.87
01:00:01:00:00:00:00;1725945199;10/09/24;05:13:19;-127.0;6.93;7.93
01:00:01:00:00:00:00;1725945259;10/09/24;05:14:19;-127.0;6.93;7.93
01:00:01:00:00:00:00;1725945319;10/09/24;05:15:19;-127.0;6.93;7.93
01:00:01:00:00:00:00;1725945379;10/09/24;05:16:19;-127.0;6.93;7.93
01:00:01:00:00:00:00;1725945439;10/09/24;05:17:19;-127.0;6.93;7.93
01:00:01:00:00:00:00;1725945499;10/09/24;05:18:19;-127.0;6.81;7.93
01:00:01:00:00:00:00;1725945559;10/09/24;05:19:19;-127.0;6.81;8.0
01:00:01:00:00:00:00;1725945619;10/09/24;05:20:19;-127.0;6.81;7.93
01:00:01:00:00:00:00;1725945679;10/09/24;05:21:19;-127.0;6.87;7.93
01:00:01:00:00:00:00;1725945734;10/09/24;05:22:14;-127.0;6.87;8.0
01:00:01:00:00:00:00;1725945794;10/09/24;05:23:14;-127.0;6.87;8.0
01:00:01:00:00:00:00;1725945854;10/09/24;05:24:14;-127.0;7.0;8.0
01:00:01:00:00:00:00;1725945914;10/09/24;05:25:14;-127.0;7.0;8.06
01:00:01:00:00:00:00;1725945974;10/09/24;05:26:14;-127.0;7.06;8.06
01:00:01:00:00:00:00;1725946034;10/09/24;05:27:14;-127.0;7.12;8.06
01:00:01:00:00:00:00;1725946094;10/09/24;05:28:14;-127.0;7.06;8.06
01:00:01:00:00:00:00;1725946154;10/09/24;05:29:14;-127.0;7.0;8.06
01:00:01:00:00:00:00;1725946214;10/09/24;05:30:14;-127.0;6.93;8.12
01:00:01:00:00:00:00;1725946274;10/09/24;05:31:14;-127.0;6.93;8.12
01:00:01:00:00:00:00;1725946334;10/09/24;05:32:14;-127.0;6.81;8.12
01:00:01:00:00:00:00;1725946394;10/09/24;05:33:14;-127.0;6.75;8.12
01:00:01:00:00:00:00;1725946454;10/09/24;05:34:14;-127.0;6.68;8.12
01:00:01:00:00:00:00;1725946514;10/09/24;05:35:14;-127.0;6.75;8.12
01:00:01:00:00:00:00;1725946574;10/09/24;05:36:14;-127.0;6.81;8.12
01:00:01:00:00:00:00;1725946634;10/09/24;05:37:14;-127.0;6.75;8.12
01:00:01:00:00:00:00;1725946694;10/09/24;05:38:14;-127.0;6.75;8.12
01:00:01:00:00:00:00;1725946754;10/09/24;05:39:14;-127.0;6.75;8.12
01:00:01:00:00:00:00;1725946813;10/09/24;05:40:13;-127.0;6.68;8.06
01:00:01:00:00:00:00;1725946873;10/09/24;05:41:13;-127.0;6.62;8.06
01:00:01:00:00:00:00;1725946933;10/09/24;05:42:13;-127.0;6.56;8.06
01:00:01:00:00:00:00;1725946993;10/09/24;05:43:13;-127.0;6.62;8.06
01:00:01:00:00:00:00;1725947053;10/09/24;05:44:13;-127.0;6.62;8.0
01:00:01:00:00:00:00;1725947113;10/09/24;05:45:13;-127.0;6.68;7.93
01:00:01:00:00:00:00;1725947173;10/09/24;05:46:13;-127.0;6.56;8.0
01:00:01:00:00:00:00;1725947233;10/09/24;05:47:13;-127.0;6.5;8.0
01:00:01:00:00:00:00;1725947293;10/09/24;05:48:13;-127.0;6.5;8.0
01:00:01:00:00:00:00;1725947353;10/09/24;05:49:13;-127.0;6.37;8.0
01:00:01:00:00:00:00;1725947413;10/09/24;05:50:13;-127.0;6.37;8.0
01:00:01:00:00:00:00;1725947473;10/09/24;05:51:13;-127.0;6.43;8.0
01:00:01:00:00:00:00;1725947533;10/09/24;05:52:13;-127.0;6.37;7.93
01:00:01:00:00:00:00;1725947593;10/09/24;05:53:13;-127.0;6.25;7.93
01:00:01:00:00:00:00;1725947653;10/09/24;05:54:13;-127.0;6.25;7.93
01:00:01:00:00:00:00;1725947713;10/09/24;05:55:13;-127.0;6.06;7.93
01:00:01:00:00:00:00;1725947773;10/09/24;05:56:13;-127.0;6.06;7.93
01:00:01:00:00:00:00;1725947833;10/09/24;05:57:13;-127.0;5.93;7.87
01:00:01:00:00:00:00;1725947893;10/09/24;05:58:13;-127.0;5.81;7.93
01:00:01:00:00:00:00;1725947953;10/09/24;05:59:13;-127.0;5.75;7.87
01:00:01:00:00:00:00;1725948013;10/09/24;06:00:13;-127.0;5.62;7.87
01:00:01:00:00:00:00;1725948073;10/09/24;06:01:13;-127.0;5.56;7.81
01:00:01:00:00:00:00;1725948133;10/09/24;06:02:13;-127.0;5.5;7.81
01:00:01:00:00:00:00;1725948193;10/09/24;06:03:13;-127.0;5.37;7.75
01:00:01:00:00:00:00;1725948253;10/09/24;06:04:13;-127.0;5.31;7.75
01:00:01:00:00:00:00;1725948312;10/09/24;06:05:12;-127.0;5.25;7.68
01:00:01:00:00:00:00;1725948372;10/09/24;06:06:12;-127.0;5.12;7.68
01:00:01:00:00:00:00;1725948432;10/09/24;06:07:12;-127.0;5.06;7.62
01:00:01:00:00:00:00;1725948492;10/09/24;06:08:12;-127.0;4.93;7.56
01:00:01:00:00:00:00;1725948552;10/09/24;06:09:12;-127.0;4.87;7.5
01:00:01:00:00:00:00;1725948612;10/09/24;06:10:12;-127.0;4.81;7.43
01:00:01:00:00:00:00;1725948672;10/09/24;06:11:12;-127.0;4.68;7.37
01:00:01:00:00:00:00;1725948732;10/09/24;06:12:12;-127.0;4.62;7.31
01:00:01:00:00:00:00;1725948792;10/09/24;06:13:12;-127.0;4.5;7.31
01:00:01:00:00:00:00;1725948852;10/09/24;06:14:12;-127.0;4.43;7.18
01:00:01:00:00:00:00;1725948912;10/09/24;06:15:12;-127.0;4.37;7.18
01:00:01:00:00:00:00;1725948972;10/09/24;06:16:12;-127.0;4.31;7.12
01:00:01:00:00:00:00;1725949032;10/09/24;06:17:12;-127.0;4.25;7.06
01:00:01:00:00:00:00;1725949092;10/09/24;06:18:12;-127.0;4.25;7.06
01:00:01:00:00:00:00;1725949152;10/09/24;06:19:12;-127.0;4.25;7.0
01:00:01:00:00:00:00;1725949212;10/09/24;06:20:12;-127.0;4.25;6.93
01:00:01:00:00:00:00;1725949272;10/09/24;06:21:12;-127.0;4.31;6.87
01:00:01:00:00:00:00;1725949327;10/09/24;06:22:07;-127.0;4.25;6.93
01:00:01:00:00:00:00;1725949387;10/09/24;06:23:07;-127.0;4.25;6.87
01:00:01:00:00:00:00;1725949447;10/09/24;06:24:07;-127.0;4.25;6.87
01:00:01:00:00:00:00;1725949507;10/09/24;06:25:07;-127.0;4.25;6.87
01:00:01:00:00:00:00;1725949567;10/09/24;06:26:07;-127.0;4.31;6.81
01:00:01:00:00:00:00;1725949627;10/09/24;06:27:07;-127.0;4.25;6.81
01:00:01:00:00:00:00;1725949687;10/09/24;06:28:07;-127.0;4.25;6.81
01:00:01:00:00:00:00;1725949747;10/09/24;06:29:07;-127.0;4.25;6.75
01:00:01:00:00:00:00;1725949807;10/09/24;06:30:07;-127.0;4.25;6.75
01:00:01:00:00:00:00;1725949867;10/09/24;06:31:07;-127.0;4.18;6.68
01:00:01:00:00:00:00;1725949927;10/09/24;06:32:07;-127.0;4.12;6.68
01:00:01:00:00:00:00;1725949987;10/09/24;06:33:07;-127.0;4.18;6.68
01:00:01:00:00:00:00;1725950047;10/09/24;06:34:07;-127.0;4.12;6.62
01:00:01:00:00:00:00;1725950107;10/09/24;06:35:07;-127.0;4.18;6.62
01:00:01:00:00:00:00;1725950167;10/09/24;06:36:07;-127.0;4.12;6.62
01:00:01:00:00:00:00;1725950227;10/09/24;06:37:07;-127.0;4.18;6.56
01:00:01:00:00:00:00;1725950287;10/09/24;06:38:07;-127.0;4.12;6.62
01:00:01:00:00:00:00;1725950347;10/09/24;06:39:07;-127.0;4.12;6.56
01:00:01:00:00:00:00;1725950406;10/09/24;06:40:06;-127.0;4.18;6.5
01:00:01:00:00:00:00;1725950466;10/09/24;06:41:06;-127.0;4.18;6.5
01:00:01:00:00:00:00;1725950526;10/09/24;06:42:06;-127.0;4.12;6.56
01:00:01:00:00:00:00;1725950586;10/09/24;06:43:06;-127.0;4.18;6.5
01:00:01:00:00:00:00;1725950646;10/09/24;06:44:06;-127.0;4.12;6.5
01:00:01:00:00:00:00;1725950706;10/09/24;06:45:06;-127.0;4.12;6.5
01:00:01:00:00:00:00;1725950766;10/09/24;06:46:06;-127.0;4.12;6.5
01:00:01:00:00:00:00;1725950826;10/09/24;06:47:06;-127.0;4.06;6.5
01:00:01:00:00:00:00;1725950886;10/09/24;06:48:06;-127.0;4.06;6.5
01:00:01:00:00:00:00;1725950946;10/09/24;06:49:06;-127.0;4.12;6.43
01:00:01:00:00:00:00;1725951006;10/09/24;06:50:06;-127.0;4.12;6.43
01:00:01:00:00:00:00;1725951066;10/09/24;06:51:06;-127.0;4.06;6.37
01:00:01:00:00:00:00;1725951126;10/09/24;06:52:06;-127.0;4.12;6.37
01:00:01:00:00:00:00;1725951186;10/09/24;06:53:06;-127.0;4.12;6.43
01:00:01:00:00:00:00;1725951246;10/09/24;06:54:06;-127.0;4.06;6.37
01:00:01:00:00:00:00;1725951306;10/09/24;06:55:06;-127.0;4.12;6.37
01:00:01:00:00:00:00;1725951366;10/09/24;06:56:06;-127.0;4.06;6.37
01:00:01:00:00:00:00;1725951426;10/09/24;06:57:06;-127.0;4.12;6.37
01:00:01:00:00:00:00;1725951486;10/09/24;06:58:06;-127.0;4.12;6.37
01:00:01:00:00:00:00;1725951546;10/09/24;06:59:06;-127.0;4.12;6.37
01:00:01:00:00:00:00;1725951606;10/09/24;07:00:06;-127.0;4.06;6.37
01:00:01:00:00:00:00;1725951666;10/09/24;07:01:06;-127.0;4.06;6.37
01:00:01:00:00:00:00;1725951726;10/09/24;07:02:06;-127.0;4.06;6.31
01:00:01:00:00:00:00;1725951786;10/09/24;07:03:06;-127.0;4.06;6.31
01:00:01:00:00:00:00;1725951846;10/09/24;07:04:06;-127.0;4.06;6.37
01:00:01:00:00:00:00;1725951906;10/09/24;07:05:06;-127.0;4.06;6.31
01:00:01:00:00:00:00;1725951965;10/09/24;07:06:05;-127.0;4.06;6.31
01:00:01:00:00:00:00;1725952025;10/09/24;07:07:05;-127.0;4.06;6.25
01:00:01:00:00:00:00;1725952085;10/09/24;07:08:05;-127.0;4.06;6.31
01:00:01:00:00:00:00;1725952145;10/09/24;07:09:05;-127.0;4.06;6.25
01:00:01:00:00:00:00;1725952205;10/09/24;07:10:05;-127.0;4.0;6.25
01:00:01:00:00:00:00;1725952265;10/09/24;07:11:05;-127.0;4.06;6.18
01:00:01:00:00:00:00;1725952325;10/09/24;07:12:05;-127.0;4.0;6.25
01:00:01:00:00:00:00;1725952385;10/09/24;07:13:05;-127.0;4.06;6.25
01:00:01:00:00:00:00;1725952445;10/09/24;07:14:05;-127.0;4.06;6.25
01:00:01:00:00:00:00;1725952505;10/09/24;07:15:05;-127.0;4.06;6.18
01:00:01:00:00:00:00;1725952565;10/09/24;07:16:05;-127.0;4.06;6.25
01:00:01:00:00:00:00;1725952625;10/09/24;07:17:05;-127.0;4.06;6.25
01:00:01:00:00:00:00;1725952685;10/09/24;07:18:05;-127.0;4.06;6.18
01:00:01:00:00:00:00;1725952745;10/09/24;07:19:05;-127.0;4.06;6.12
01:00:01:00:00:00:00;1725952805;10/09/24;07:20:05;-127.0;4.0;6.18
01:00:01:00:00:00:00;1725952865;10/09/24;07:21:05;-127.0;4.06;6.12
01:00:01:00:00:00:00;1725952920;10/09/24;07:22:00;-127.0;4.0;6.12
01:00:01:00:00:00:00;1725952980;10/09/24;07:23:00;-127.0;4.06;6.12
01:00:01:00:00:00:00;1725953040;10/09/24;07:24:00;-127.0;4.06;6.12
01:00:01:00:00:00:00;1725953100;10/09/24;07:25:00;-127.0;4.06;6.12
01:00:01:00:00:00:00;1725953160;10/09/24;07:26:00;-127.0;4.06;6.12
01:00:01:00:00:00:00;1725953220;10/09/24;07:27:00;-127.0;4.06;6.12
01:00:01:00:00:00:00;1725953280;10/09/24;07:28:00;-127.0;4.06;6.12
01:00:01:00:00:00:00;1725953340;10/09/24;07:29:00;-127.0;4.06;6.12
01:00:01:00:00:00:00;1725953400;10/09/24;07:30:00;-127.0;4.06;6.12
01:00:01:00:00:00:00;1725953460;10/09/24;07:31:00;-127.0;4.0;6.12
01:00:01:00:00:00:00;1725953520;10/09/24;07:32:00;-127.0;4.06;6.12
01:00:01:00:00:00:00;1725953580;10/09/24;07:33:00;-127.0;4.0;6.12
01:00:01:00:00:00:00;1725953640;10/09/24;07:34:00;-127.0;4.0;6.12
01:00:01:00:00:00:00;1725953700;10/09/24;07:35:00;-127.0;4.06;6.12
01:00:01:00:00:00:00;1725953760;10/09/24;07:36:00;-127.0;4.06;6.06
01:00:01:00:00:00:00;1725953820;10/09/24;07:37:00;-127.0;4.0;6.06
01:00:01:00:00:00:00;1725953880;10/09/24;07:38:00;-127.0;4.0;6.06
01:00:01:00:00:00:00;1725953940;10/09/24;07:39:00;-127.0;4.0;6.06
01:00:01:00:00:00:00;1725953999;10/09/24;07:39:59;-127.0;4.0;6.06
01:00:01:00:00:00:00;1725954059;10/09/24;07:40:59;-127.0;4.0;6.06
01:00:01:00:00:00:00;1725954119;10/09/24;07:41:59;-127.0;4.0;6.06
01:00:01:00:00:00:00;1725954179;10/09/24;07:42:59;-127.0;4.0;6.06
01:00:01:00:00:00:00;1725954239;10/09/24;07:43:59;-127.0;4.0;6.06
01:00:01:00:00:00:00;1725954299;10/09/24;07:44:59;-127.0;4.0;6.06
01:00:01:00:00:00:00;1725954359;10/09/24;07:45:59;-127.0;4.06;6.06
01:00:01:00:00:00:00;1725954419;10/09/24;07:46:59;-127.0;4.0;6.06
01:00:01:00:00:00:00;1725954479;10/09/24;07:47:59;-127.0;4.06;6.0
01:00:01:00:00:00:00;1725954539;10/09/24;07:48:59;-127.0;4.06;6.06
01:00:01:00:00:00:00;1725954599;10/09/24;07:49:59;-127.0;4.0;6.0
01:00:01:00:00:00:00;1725954659;10/09/24;07:50:59;-127.0;4.0;6.0
01:00:01:00:00:00:00;1725954719;10/09/24;07:51:59;-127.0;4.0;6.0
01:00:01:00:00:00:00;1725954779;10/09/24;07:52:59;-127.0;4.06;6.0
01:00:01:00:00:00:00;1725954839;10/09/24;07:53:59;-127.0;4.0;6.0
01:00:01:00:00:00:00;1725954899;10/09/24;07:54:59;-127.0;4.0;6.0
01:00:01:00:00:00:00;1725954959;10/09/24;07:55:59;-127.0;4.0;6.0
01:00:01:00:00:00:00;1725955019;10/09/24;07:56:59;-127.0;4.06;6.0
01:00:01:00:00:00:00;1725955079;10/09/24;07:57:59;-127.0;4.0;6.0
01:00:01:00:00:00:00;1725955139;10/09/24;07:58:59;-127.0;4.0;6.0
01:00:01:00:00:00:00;1725955199;10/09/24;07:59:59;-127.0;4.06;6.0
01:00:01:00:00:00:00;1725955259;10/09/24;08:00:59;-127.0;4.0;5.93
01:00:01:00:00:00:00;1725955319;10/09/24;08:01:59;-127.0;4.0;5.93
01:00:01:00:00:00:00;1725955379;10/09/24;08:02:59;-127.0;4.0;5.93
01:00:01:00:00:00:00;1725955439;10/09/24;08:03:59;-127.0;4.06;5.93
01:00:01:00:00:00:00;1725955499;10/09/24;08:04:59;-127.0;4.0;5.93
01:00:01:00:00:00:00;1725955558;10/09/24;08:05:58;-127.0;4.0;5.87
01:00:01:00:00:00:00;1725955618;10/09/24;08:06:58;-127.0;4.0;5.93
01:00:01:00:00:00:00;1725955678;10/09/24;08:07:58;-127.0;4.0;5.87
01:00:01:00:00:00:00;1725955738;10/09/24;08:08:58;-127.0;4.06;5.93
01:00:01:00:00:00:00;1725955798;10/09/24;08:09:58;-127.0;4.06;5.93
01:00:01:00:00:00:00;1725955858;10/09/24;08:10:58;-127.0;4.06;5.93
01:00:01:00:00:00:00;1725955918;10/09/24;08:11:58;-127.0;4.0;5.93
01:00:01:00:00:00:00;1725955978;10/09/24;08:12:58;-127.0;4.0;5.93
01:00:01:00:00:00:00;1725956038;10/09/24;08:13:58;-127.0;4.0;5.93
01:00:01:00:00:00:00;1725956098;10/09/24;08:14:58;-127.0;4.06;6.0
01:00:01:00:00:00:00;1725956158;10/09/24;08:15:58;-127.0;4.06;5.93
01:00:01:00:00:00:00;1725956218;10/09/24;08:16:58;-127.0;4.06;5.93
01:00:01:00:00:00:00;1725956278;10/09/24;08:17:58;-127.0;4.0;5.93
01:00:01:00:00:00:00;1725956338;10/09/24;08:18:58;-127.0;4.0;5.87
01:00:01:00:00:00:00;1725956398;10/09/24;08:19:58;-127.0;4.06;5.93
01:00:01:00:00:00:00;1725956458;10/09/24;08:20:58;-127.0;4.06;5.87
01:00:01:00:00:00:00;1725956513;10/09/24;08:21:53;-127.0;4.0;5.93
01:00:01:00:00:00:00;1725956573;10/09/24;08:22:53;-127.0;4.06;5.93
01:00:01:00:00:00:00;1725956633;10/09/24;08:23:53;-127.0;4.0;5.93
01:00:01:00:00:00:00;1725956693;10/09/24;08:24:53;-127.0;4.0;5.87
01:00:01:00:00:00:00;1725956753;10/09/24;08:25:53;-127.0;4.06;5.93
01:00:01:00:00:00:00;1725956813;10/09/24;08:26:53;-127.0;4.06;5.93
01:00:01:00:00:00:00;1725956873;10/09/24;08:27:53;-127.0;4.0;5.93
01:00:01:00:00:00:00;1725956933;10/09/24;08:28:53;-127.0;4.06;5.93
01:00:01:00:00:00:00;1725956993;10/09/24;08:29:53;-127.0;4.0;5.93
01:00:01:00:00:00:00;1725957053;10/09/24;08:30:53;-127.0;4.06;5.93
01:00:01:00:00:00:00;1725957113;10/09/24;08:31:53;-127.0;4.06;5.93
01:00:01:00:00:00:00;1725957173;10/09/24;08:32:53;-127.0;4.0;5.87
01:00:01:00:00:00:00;1725957233;10/09/24;08:33:53;-127.0;4.06;5.87
01:00:01:00:00:00:00;1725957293;10/09/24;08:34:53;-127.0;4.06;5.93
01:00:01:00:00:00:00;1725957353;10/09/24;08:35:53;-127.0;4.06;5.87
01:00:01:00:00:00:00;1725957413;10/09/24;08:36:53;-127.0;4.06;5.87
01:00:01:00:00:00:00;1725957473;10/09/24;08:37:53;-127.0;4.0;5.87
01:00:01:00:00:00:00;1725957533;10/09/24;08:38:53;-127.0;4.06;5.87
01:00:01:00:00:00:00;1725957592;10/09/24;08:39:52;-127.0;4.06;5.87
01:00:01:00:00:00:00;1725957652;10/09/24;08:40:52;-127.0;4.06;5.87
01:00:01:00:00:00:00;1725957712;10/09/24;08:41:52;-127.0;4.06;5.93
01:00:01:00:00:00:00;1725957772;10/09/24;08:42:52;-127.0;4.06;5.87
01:00:01:00:00:00:00;1725957832;10/09/24;08:43:52;-127.0;4.06;5.87
01:00:01:00:00:00:00;1725957892;10/09/24;08:44:52;-127.0;4.06;5.87
01:00:01:00:00:00:00;1725957952;10/09/24;08:45:52;-127.0;4.12;5.87
01:00:01:00:00:00:00;1725958012;10/09/24;08:46:52;-127.0;4.06;5.93
01:00:01:00:00:00:00;1725958072;10/09/24;08:47:52;-127.0;4.06;5.87
01:00:01:00:00:00:00;1725958132;10/09/24;08:48:52;-127.0;4.06;5.87
01:00:01:00:00:00:00;1725958192;10/09/24;08:49:52;-127.0;4.06;5.93
01:00:01:00:00:00:00;1725958252;10/09/24;08:50:52;-127.0;4.06;5.93
01:00:01:00:00:00:00;1725958312;10/09/24;08:51:52;-127.0;4.06;5.87
01:00:01:00:00:00:00;1725958372;10/09/24;08:52:52;-127.0;4.06;5.93
01:00:01:00:00:00:00;1725958432;10/09/24;08:53:52;-127.0;4.06;5.87
01:00:01:00:00:00:00;1725958492;10/09/24;08:54:52;-127.0;4.06;5.87
01:00:01:00:00:00:00;1725958552;10/09/24;08:55:52;-127.0;4.06;5.87
01:00:01:00:00:00:00;1725958612;10/09/24;08:56:52;-127.0;4.06;5.87
01:00:01:00:00:00:00;1725958672;10/09/24;08:57:52;-127.0;4.06;5.87
01:00:01:00:00:00:00;1725958732;10/09/24;08:58:52;-127.0;4.06;5.87
01:00:01:00:00:00:00;1725958792;10/09/24;08:59:52;-127.0;4.06;5.87
01:00:01:00:00:00:00;1725958852;10/09/24;09:00:52;-127.0;4.06;5.87
01:00:01:00:00:00:00;1725958912;10/09/24;09:01:52;-127.0;4.06;5.87
01:00:01:00:00:00:00;1725958972;10/09/24;09:02:52;-127.0;4.06;5.93
01:00:01:00:00:00:00;1725959032;10/09/24;09:03:52;-127.0;4.06;5.87
01:00:01:00:00:00:00;1725959092;10/09/24;09:04:52;-127.0;4.12;5.93
01:00:01:00:00:00:00;1725959151;10/09/24;09:05:51;-127.0;4.06;5.93
01:00:01:00:00:00:00;1725959211;10/09/24;09:06:51;-127.0;4.06;5.87
01:00:01:00:00:00:00;1725959271;10/09/24;09:07:51;-127.0;4.06;5.87
01:00:01:00:00:00:00;1725959331;10/09/24;09:08:51;-127.0;4.12;5.93
01:00:01:00:00:00:00;1725959391;10/09/24;09:09:51;-127.0;4.06;6.0
01:00:01:00:00:00:00;1725959451;10/09/24;09:10:51;-127.0;4.06;5.93
01:00:01:00:00:00:00;1725959511;10/09/24;09:11:51;-127.0;4.06;5.93
01:00:01:00:00:00:00;1725959571;10/09/24;09:12:51;-127.0;4.06;5.93
01:00:01:00:00:00:00;1725959631;10/09/24;09:13:51;-127.0;4.06;5.93
01:00:01:00:00:00:00;1725959691;10/09/24;09:14:51;-127.0;4.06;5.93
01:00:01:00:00:00:00;1725959751;10/09/24;09:15:51;-127.0;4.06;5.93
01:00:01:00:00:00:00;1725959811;10/09/24;09:16:51;-127.0;4.12;5.93
01:00:01:00:00:00:00;1725959871;10/09/24;09:17:51;-127.0;4.06;5.93
01:00:01:00:00:00:00;1725959931;10/09/24;09:18:51;-127.0;4.12;5.93
01:00:01:00:00:00:00;1725959991;10/09/24;09:19:51;-127.0;4.06;5.93
01:00:01:00:00:00:00;1725960051;10/09/24;09:20:51;-127.0;4.12;5.87
01:00:01:00:00:00:00;1725960106;10/09/24;09:21:46;-127.0;4.06;5.87
01:00:01:00:00:00:00;1725960166;10/09/24;09:22:46;-127.0;4.06;5.93
01:00:01:00:00:00:00;1725960226;10/09/24;09:23:46;-127.0;4.12;5.93
01:00:01:00:00:00:00;1725960286;10/09/24;09:24:46;-127.0;4.06;5.93
01:00:01:00:00:00:00;1725960346;10/09/24;09:25:46;-127.0;4.12;5.93
01:00:01:00:00:00:00;1725960406;10/09/24;09:26:46;-127.0;4.12;5.87
01:00:01:00:00:00:00;1725960466;10/09/24;09:27:46;-127.0;4.12;5.93
01:00:01:00:00:00:00;1725960526;10/09/24;09:28:46;-127.0;4.12;5.93
01:00:01:00:00:00:00;1725960586;10/09/24;09:29:46;-127.0;4.12;5.93
01:00:01:00:00:00:00;1725960646;10/09/24;09:30:46;-127.0;4.12;5.93
01:00:01:00:00:00:00;1725960706;10/09/24;09:31:46;-127.0;4.12;5.93
01:00:01:00:00:00:00;1725960766;10/09/24;09:32:46;-127.0;4.12;5.87
01:00:01:00:00:00:00;1725960826;10/09/24;09:33:46;-127.0;4.12;5.93
01:00:01:00:00:00:00;1725960886;10/09/24;09:34:46;-127.0;4.12;5.93
01:00:01:00:00:00:00;1725960946;10/09/24;09:35:46;-127.0;4.12;5.93
01:00:01:00:00:00:00;1725961006;10/09/24;09:36:46;-127.0;4.12;5.93
01:00:01:00:00:00:00;1725961066;10/09/24;09:37:46;-127.0;4.06;5.93
01:00:01:00:00:00:00;1725961126;10/09/24;09:38:46;-127.0;4.12;5.93
01:00:01:00:00:00:00;1725961185;10/09/24;09:39:45;-127.0;4.12;5.87
01:00:01:00:00:00:00;1725961245;10/09/24;09:40:45;-127.0;4.12;5.93
01:00:01:00:00:00:00;1725961305;10/09/24;09:41:45;-127.0;4.06;5.93
01:00:01:00:00:00:00;1725961365;10/09/24;09:42:45;-127.0;4.12;5.93
01:00:01:00:00:00:00;1725961425;10/09/24;09:43:45;-127.0;4.12;5.93
01:00:01:00:00:00:00;1725961485;10/09/24;09:44:45;-127.0;4.12;5.93
01:00:01:00:00:00:00;1725961545;10/09/24;09:45:45;-127.0;4.12;5.93
01:00:01:00:00:00:00;1725961605;10/09/24;09:46:45;-127.0;4.12;5.93
01:00:01:00:00:00:00;1725961665;10/09/24;09:47:45;-127.0;4.12;5.93
01:00:01:00:00:00:00;1725961725;10/09/24;09:48:45;-127.0;4.12;5.93
01:00:01:00:00:00:00;1725961785;10/09/24;09:49:45;-127.0;4.12;5.93
01:00:01:00:00:00:00;1725961845;10/09/24;09:50:45;-127.0;4.12;5.93
01:00:01:00:00:00:00;1725961905;10/09/24;09:51:45;-127.0;4.06;6.0
01:00:01:00:00:00:00;1725961965;10/09/24;09:52:45;-127.0;4.12;5.93
01:00:01:00:00:00:00;1725962025;10/09/24;09:53:45;-127.0;4.12;5.93
01:00:01:00:00:00:00;1725962085;10/09/24;09:54:45;-127.0;4.12;5.93
01:00:01:00:00:00:00;1725962145;10/09/24;09:55:45;-127.0;4.12;6.0
01:00:01:00:00:00:00;1725962205;10/09/24;09:56:45;-127.0;4.12;5.93
01:00:01:00:00:00:00;1725962265;10/09/24;09:57:45;-127.0;4.12;5.93
01:00:01:00:00:00:00;1725962325;10/09/24;09:58:45;-127.0;4.12;6.0
01:00:01:00:00:00:00;1725962385;10/09/24;09:59:45;-127.0;4.12;6.0
01:00:01:00:00:00:00;1725962445;10/09/24;10:00:45;-127.0;4.12;6.0
01:00:01:00:00:00:00;1725962505;10/09/24;10:01:45;-127.0;4.12;5.93
01:00:01:00:00:00:00;1725962565;10/09/24;10:02:45;-127.0;4.12;6.0
01:00:01:00:00:00:00;1725962625;10/09/24;10:03:45;-127.0;4.12;6.0
01:00:01:00:00:00:00;1725962685;10/09/24;10:04:45;-127.0;4.12;5.93
01:00:01:00:00:00:00;1725962744;10/09/24;10:05:44;-127.0;4.12;5.93
01:00:01:00:00:00:00;1725962804;10/09/24;10:06:44;-127.0;4.12;5.87
01:00:01:00:00:00:00;1725962864;10/09/24;10:07:44;-127.0;4.06;5.93
01:00:01:00:00:00:00;1725962924;10/09/24;10:08:44;-127.0;4.12;5.93
01:00:01:00:00:00:00;1725962984;10/09/24;10:09:44;-127.0;4.12;5.93
01:00:01:00:00:00:00;1725963044;10/09/24;10:10:44;-127.0;4.12;5.93
01:00:01:00:00:00:00;1725963104;10/09/24;10:11:44;-127.0;4.12;5.93
01:00:01:00:00:00:00;1725963164;10/09/24;10:12:44;-127.0;4.18;5.93
01:00:01:00:00:00:00;1725963224;10/09/24;10:13:44;-127.0;4.12;5.93
01:00:01:00:00:00:00;1725963284;10/09/24;10:14:44;-127.0;4.12;5.93
01:00:01:00:00:00:00;1725963344;10/09/24;10:15:44;-127.0;4.12;5.93
01:00:01:00:00:00:00;1725963404;10/09/24;10:16:44;-127.0;4.12;5.93
01:00:01:00:00:00:00;1725963464;10/09/24;10:17:44;-127.0;4.12;5.93
01:00:01:00:00:00:00;1725963524;10/09/24;10:18:44;-127.0;4.12;5.93
01:00:01:00:00:00:00;1725963584;10/09/24;10:19:44;-127.0;4.12;5.93
01:00:01:00:00:00:00;1725963644;10/09/24;10:20:44;-127.0;4.06;5.93
01:00:01:00:00:00:00;1725963699;10/09/24;10:21:39;-127.0;4.12;5.87
01:00:01:00:00:00:00;1725963759;10/09/24;10:22:39;-127.0;4.12;5.87
01:00:01:00:00:00:00;1725963819;10/09/24;10:23:39;-127.0;4.12;5.87
01:00:01:00:00:00:00;1725963879;10/09/24;10:24:39;-127.0;4.12;5.93
01:00:01:00:00:00:00;1725963939;10/09/24;10:25:39;-127.0;4.18;5.87
01:00:01:00:00:00:00;1725963999;10/09/24;10:26:39;-127.0;4.18;5.93
01:00:01:00:00:00:00;1725964059;10/09/24;10:27:39;-127.0;4.18;5.93
01:00:01:00:00:00:00;1725964119;10/09/24;10:28:39;-127.0;4.12;5.93
01:00:01:00:00:00:00;1725964179;10/09/24;10:29:39;-127.0;4.18;5.87
01:00:01:00:00:00:00;1725964239;10/09/24;10:30:39;-127.0;4.12;5.93
01:00:01:00:00:00:00;1725964299;10/09/24;10:31:39;-127.0;4.12;5.93
01:00:01:00:00:00:00;1725964359;10/09/24;10:32:39;-127.0;4.12;5.87
01:00:01:00:00:00:00;1725964419;10/09/24;10:33:39;-127.0;4.12;5.93
01:00:01:00:00:00:00;1725964479;10/09/24;10:34:39;-127.0;4.18;5.93
01:00:01:00:00:00:00;1725964539;10/09/24;10:35:39;-127.0;4.18;5.93
01:00:01:00:00:00:00;1725964599;10/09/24;10:36:39;-127.0;4.12;5.93
01:00:01:00:00:00:00;1725964659;10/09/24;10:37:39;-127.0;4.12;5.93
01:00:01:00:00:00:00;1725964719;10/09/24;10:38:39;-127.0;4.12;5.93
01:00:01:00:00:00:00;1725964778;10/09/24;10:39:38;-127.0;4.18;5.93
01:00:01:00:00:00:00;1725964838;10/09/24;10:40:38;-127.0;4.12;5.93
01:00:01:00:00:00:00;1725964898;10/09/24;10:41:38;-127.0;4.12;5.93
01:00:01:00:00:00:00;1725964958;10/09/24;10:42:38;-127.0;4.12;5.93
01:00:01:00:00:00:00;1725965018;10/09/24;10:43:38;-127.0;4.18;5.93
01:00:01:00:00:00:00;1725965078;10/09/24;10:44:38;-127.0;4.18;5.93
01:00:01:00:00:00:00;1725965138;10/09/24;10:45:38;-127.0;4.18;5.93
01:00:01:00:00:00:00;1725965198;10/09/24;10:46:38;-127.0;4.18;5.93
01:00:01:00:00:00:00;1725965258;10/09/24;10:47:38;-127.0;4.12;5.93
01:00:01:00:00:00:00;1725965318;10/09/24;10:48:38;-127.0;4.12;6.0
01:00:01:00:00:00:00;1725965378;10/09/24;10:49:38;-127.0;4.18;6.0
01:00:01:00:00:00:00;1725965438;10/09/24;10:50:38;-127.0;4.18;6.0
01:00:01:00:00:00:00;1725965498;10/09/24;10:51:38;-127.0;4.18;5.93
01:00:01:00:00:00:00;1725965558;10/09/24;10:52:38;-127.0;4.12;5.93
01:00:01:00:00:00:00;1725965618;10/09/24;10:53:38;-127.0;4.12;6.0
01:00:01:00:00:00:00;1725965678;10/09/24;10:54:38;-127.0;4.18;6.0
01:00:01:00:00:00:00;1725965738;10/09/24;10:55:38;-127.0;4.12;5.93
01:00:01:00:00:00:00;1725965798;10/09/24;10:56:38;-127.0;4.12;6.0
01:00:01:00:00:00:00;1725965858;10/09/24;10:57:38;-127.0;4.18;5.93
01:00:01:00:00:00:00;1725965918;10/09/24;10:58:38;-127.0;4.18;6.0
01:00:01:00:00:00:00;1725965978;10/09/24;10:59:38;-127.0;4.18;5.93
01:00:01:00:00:00:00;1725966038;10/09/24;11:00:38;-127.0;4.18;6.0
01:00:01:00:00:00:00;1725966098;10/09/24;11:01:38;-127.0;4.18;6.0
01:00:01:00:00:00:00;1725966158;10/09/24;11:02:38;-127.0;4.18;6.0
01:00:01:00:00:00:00;1725966218;10/09/24;11:03:38;-127.0;4.18;6.0
01:00:01:00:00:00:00;1725966278;10/09/24;11:04:38;-127.0;4.18;6.0
01:00:01:00:00:00:00;1725966337;10/09/24;11:05:37;-127.0;4.12;6.0
01:00:01:00:00:00:00;1725966397;10/09/24;11:06:37;-127.0;4.12;6.0
01:00:01:00:00:00:00;1725966457;10/09/24;11:07:37;-127.0;4.12;6.0
01:00:01:00:00:00:00;1725966517;10/09/24;11:08:37;-127.0;4.18;6.0
01:00:01:00:00:00:00;1725966577;10/09/24;11:09:37;-127.0;4.12;6.0
01:00:01:00:00:00:00;1725966637;10/09/24;11:10:37;-127.0;4.18;6.0
01:00:01:00:00:00:00;1725966697;10/09/24;11:11:37;-127.0;4.18;6.0
01:00:01:00:00:00:00;1725966757;10/09/24;11:12:37;-127.0;4.18;6.0
01:00:01:00:00:00:00;1725966817;10/09/24;11:13:37;-127.0;4.18;6.0
01:00:01:00:00:00:00;1725966877;10/09/24;11:14:37;-127.0;4.18;6.06
01:00:01:00:00:00:00;1725966937;10/09/24;11:15:37;-127.0;4.18;6.06
01:00:01:00:00:00:00;1725966997;10/09/24;11:16:37;-127.0;4.18;6.0
01:00:01:00:00:00:00;1725967057;10/09/24;11:17:37;-127.0;4.18;6.0
01:00:01:00:00:00:00;1725967117;10/09/24;11:18:37;-127.0;4.18;6.0
01:00:01:00:00:00:00;1725967177;10/09/24;11:19:37;-127.0;4.18;6.06
01:00:01:00:00:00:00;1725967237;10/09/24;11:20:37;-127.0;4.18;6.0
01:00:01:00:00:00:00;1725967292;10/09/24;11:21:32;-127.0;4.18;6.0
01:00:01:00:00:00:00;1725967352;10/09/24;11:22:32;-127.0;4.18;6.0
01:00:01:00:00:00:00;1725967412;10/09/24;11:23:32;-127.0;4.18;5.93
01:00:01:00:00:00:00;1725967472;10/09/24;11:24:32;-127.0;4.18;6.0
01:00:01:00:00:00:00;1725967532;10/09/24;11:25:32;-127.0;4.18;6.0
01:00:01:00:00:00:00;1725967592;10/09/24;11:26:32;-127.0;4.18;6.0
01:00:01:00:00:00:00;1725967652;10/09/24;11:27:32;-127.0;4.18;6.0
01:00:01:00:00:00:00;1725967712;10/09/24;11:28:32;-127.0;4.18;6.0
01:00:01:00:00:00:00;1725967772;10/09/24;11:29:32;-127.0;4.18;6.0
01:00:01:00:00:00:00;1725967832;10/09/24;11:30:32;-127.0;4.18;6.0
01:00:01:00:00:00:00;1725967892;10/09/24;11:31:32;-127.0;4.18;6.0
01:00:01:00:00:00:00;1725967952;10/09/24;11:32:32;-127.0;4.18;6.0
01:00:01:00:00:00:00;1725968012;10/09/24;11:33:32;-127.0;4.18;6.0
01:00:01:00:00:00:00;1725968072;10/09/24;11:34:32;-127.0;4.18;6.0
01:00:01:00:00:00:00;1725968132;10/09/24;11:35:32;-127.0;4.25;6.06
01:00:01:00:00:00:00;1725968192;10/09/24;11:36:32;-127.0;4.18;6.0
01:00:01:00:00:00:00;1725968252;10/09/24;11:37:32;-127.0;4.18;6.0
01:00:01:00:00:00:00;1725968312;10/09/24;11:38:32;-127.0;4.25;6.06
01:00:01:00:00:00:00;1725968371;10/09/24;11:39:31;-127.0;4.25;6.06
01:00:01:00:00:00:00;1725968431;10/09/24;11:40:31;-127.0;4.18;6.06
01:00:01:00:00:00:00;1725968491;10/09/24;11:41:31;-127.0;4.18;6.0
01:00:01:00:00:00:00;1725968551;10/09/24;11:42:31;-127.0;4.18;6.0
01:00:01:00:00:00:00;1725968611;10/09/24;11:43:31;-127.0;4.18;6.0
01:00:01:00:00:00:00;1725968671;10/09/24;11:44:31;-127.0;4.25;6.0
01:00:01:00:00:00:00;1725968731;10/09/24;11:45:31;-127.0;4.18;6.06
01:00:01:00:00:00:00;1725968791;10/09/24;11:46:31;-127.0;4.18;6.0
01:00:01:00:00:00:00;1725968851;10/09/24;11:47:31;-127.0;4.18;6.0
01:00:01:00:00:00:00;1725968911;10/09/24;11:48:31;-127.0;4.18;6.0
01:00:01:00:00:00:00;1725968971;10/09/24;11:49:31;-127.0;4.25;6.0
01:00:01:00:00:00:00;1725969031;10/09/24;11:50:31;-127.0;4.18;6.0
01:00:01:00:00:00:00;1725969091;10/09/24;11:51:31;-127.0;4.18;6.0
01:00:01:00:00:00:00;1725969151;10/09/24;11:52:31;-127.0;4.18;6.0
01:00:01:00:00:00:00;1725969211;10/09/24;11:53:31;-127.0;4.25;5.93
01:00:01:00:00:00:00;1725969271;10/09/24;11:54:31;-127.0;4.18;6.0
01:00:01:00:00:00:00;1725969331;10/09/24;11:55:31;-127.0;4.18;6.0
01:00:01:00:00:00:00;1725969391;10/09/24;11:56:31;-127.0;4.25;6.06
01:00:01:00:00:00:00;1725969451;10/09/24;11:57:31;-127.0;4.18;6.0
01:00:01:00:00:00:00;1725969511;10/09/24;11:58:31;-127.0;4.25;6.06
01:00:01:00:00:00:00;1725969571;10/09/24;11:59:31;-127.0;4.18;6.0
01:00:01:00:00:00:00;1725969631;10/09/24;12:00:31;-127.0;4.25;6.06
01:00:01:00:00:00:00;1725969691;10/09/24;12:01:31;-127.0;4.18;6.0
01:00:01:00:00:00:00;1725969751;10/09/24;12:02:31;-127.0;4.18;6.0
01:00:01:00:00:00:00;1725969811;10/09/24;12:03:31;-127.0;4.18;6.0
01:00:01:00:00:00:00;1725969871;10/09/24;12:04:31;-127.0;4.18;6.0
01:00:01:00:00:00:00;1725969930;10/09/24;12:05:30;-127.0;4.25;6.0
01:00:01:00:00:00:00;1725969990;10/09/24;12:06:30;-127.0;4.25;6.0
01:00:01:00:00:00:00;1725970050;10/09/24;12:07:30;-127.0;4.18;6.0
01:00:01:00:00:00:00;1725970110;10/09/24;12:08:30;-127.0;4.25;6.0
01:00:01:00:00:00:00;1725970170;10/09/24;12:09:30;-127.0;4.25;6.0
01:00:01:00:00:00:00;1725970230;10/09/24;12:10:30;-127.0;4.25;6.0
01:00:01:00:00:00:00;1725970290;10/09/24;12:11:30;-127.0;4.18;5.93
01:00:01:00:00:00:00;1725970350;10/09/24;12:12:30;-127.0;4.18;6.0
01:00:01:00:00:00:00;1725970410;10/09/24;12:13:30;-127.0;4.25;6.0
01:00:01:00:00:00:00;1725970470;10/09/24;12:14:30;-127.0;4.25;6.0
01:00:01:00:00:00:00;1725970530;10/09/24;12:15:30;-127.0;4.25;6.0
01:00:01:00:00:00:00;1725970590;10/09/24;12:16:30;-127.0;4.25;6.06
01:00:01:00:00:00:00;1725970650;10/09/24;12:17:30;-127.0;4.25;6.06
01:00:01:00:00:00:00;1725970710;10/09/24;12:18:30;-127.0;4.25;6.0
01:00:01:00:00:00:00;1725970770;10/09/24;12:19:30;-127.0;4.25;6.06
01:00:01:00:00:00:00;1725970830;10/09/24;12:20:30;-127.0;4.18;6.06
01:00:01:00:00:00:00;1725970885;10/09/24;12:21:25;-127.0;4.25;6.0
01:00:01:00:00:00:00;1725970945;10/09/24;12:22:25;-127.0;4.25;6.0
01:00:01:00:00:00:00;1725971005;10/09/24;12:23:25;-127.0;4.25;6.06
01:00:01:00:00:00:00;1725971065;10/09/24;12:24:25;-127.0;4.18;6.06
01:00:01:00:00:00:00;1725971125;10/09/24;12:25:25;-127.0;4.25;6.0
01:00:01:00:00:00:00;1725971185;10/09/24;12:26:25;-127.0;4.25;6.06
01:00:01:00:00:00:00;1725971245;10/09/24;12:27:25;-127.0;4.25;6.06
01:00:01:00:00:00:00;1725971305;10/09/24;12:28:25;-127.0;4.25;6.06
01:00:01:00:00:00:00;1725971365;10/09/24;12:29:25;-127.0;4.25;6.12
01:00:01:00:00:00:00;1725971425;10/09/24;12:30:25;-127.0;4.25;6.06
01:00:01:00:00:00:00;1725971485;10/09/24;12:31:25;-127.0;4.25;6.06
01:00:01:00:00:00:00;1725971545;10/09/24;12:32:25;-127.0;4.25;6.06
01:00:01:00:00:00:00;1725971605;10/09/24;12:33:25;-127.0;4.25;6.06
01:00:01:00:00:00:00;1725971665;10/09/24;12:34:25;-127.0;4.18;6.06
01:00:01:00:00:00:00;1725971725;10/09/24;12:35:25;-127.0;4.18;6.12
01:00:01:00:00:00:00;1725971785;10/09/24;12:36:25;-127.0;4.31;6.06
01:00:01:00:00:00:00;1725971845;10/09/24;12:37:25;-127.0;4.25;6.12
01:00:01:00:00:00:00;1725971905;10/09/24;12:38:25;-127.0;4.25;6.06
01:00:01:00:00:00:00;1725971965;10/09/24;12:39:25;-127.0;4.25;6.06
01:00:01:00:00:00:00;1725972024;10/09/24;12:40:24;-127.0;4.18;6.12
01:00:01:00:00:00:00;1725972084;10/09/24;12:41:24;-127.0;4.31;6.12
01:00:01:00:00:00:00;1725972144;10/09/24;12:42:24;-127.0;4.25;6.12
01:00:01:00:00:00:00;1725972204;10/09/24;12:43:24;-127.0;4.25;6.06
01:00:01:00:00:00:00;1725972264;10/09/24;12:44:24;-127.0;4.25;6.12
01:00:01:00:00:00:00;1725972324;10/09/24;12:45:24;-127.0;4.25;6.12
01:00:01:00:00:00:00;1725972384;10/09/24;12:46:24;-127.0;4.25;6.06
01:00:01:00:00:00:00;1725972444;10/09/24;12:47:24;-127.0;4.25;6.06
01:00:01:00:00:00:00;1725972504;10/09/24;12:48:24;-127.0;4.25;6.06
01:00:01:00:00:00:00;1725972564;10/09/24;12:49:24;-127.0;4.25;6.0
01:00:01:00:00:00:00;1725972624;10/09/24;12:50:24;-127.0;4.25;6.06
01:00:01:00:00:00:00;1725972684;10/09/24;12:51:24;-127.0;4.25;6.06
01:00:01:00:00:00:00;1725972744;10/09/24;12:52:24;-127.0;4.25;6.06
01:00:01:00:00:00:00;1725972804;10/09/24;12:53:24;-127.0;4.25;6.06
01:00:01:00:00:00:00;1725972864;10/09/24;12:54:24;-127.0;4.25;6.06
01:00:01:00:00:00:00;1725972924;10/09/24;12:55:24;-127.0;4.25;6.06
01:00:01:00:00:00:00;1725972984;10/09/24;12:56:24;-127.0;4.18;6.06
01:00:01:00:00:00:00;1725973044;10/09/24;12:57:24;-127.0;4.25;6.06
01:00:01:00:00:00:00;1725973104;10/09/24;12:58:24;-127.0;4.25;6.12
01:00:01:00:00:00:00;1725973164;10/09/24;12:59:24;-127.0;4.25;6.06
01:00:01:00:00:00:00;1725973224;10/09/24;13:00:24;-127.0;4.31;6.0
01:00:01:00:00:00:00;1725973284;10/09/24;13:01:24;-127.0;4.25;6.06
01:00:01:00:00:00:00;1725973344;10/09/24;13:02:24;-127.0;4.25;6.06
01:00:01:00:00:00:00;1725973404;10/09/24;13:03:24;-127.0;4.25;6.06
01:00:01:00:00:00:00;1725973464;10/09/24;13:04:24;-127.0;4.25;6.06
01:00:01:00:00:00:00;1725973523;10/09/24;13:05:23;-127.0;4.25;6.06
01:00:01:00:00:00:00;1725973583;10/09/24;13:06:23;-127.0;4.31;6.06
01:00:01:00:00:00:00;1725973643;10/09/24;13:07:23;-127.0;4.25;6.06
01:00:01:00:00:00:00;1725973703;10/09/24;13:08:23;-127.0;4.25;6.06
01:00:01:00:00:00:00;1725973763;10/09/24;13:09:23;-127.0;4.25;6.06
01:00:01:00:00:00:00;1725973823;10/09/24;13:10:23;-127.0;4.25;6.0
01:00:01:00:00:00:00;1725973883;10/09/24;13:11:23;-127.0;4.25;6.06
01:00:01:00:00:00:00;1725973943;10/09/24;13:12:23;-127.0;4.25;6.06
01:00:01:00:00:00:00;1725974003;10/09/24;13:13:23;-127.0;4.25;6.06
01:00:01:00:00:00:00;1725974063;10/09/24;13:14:23;-127.0;4.25;6.12
01:00:01:00:00:00:00;1725974123;10/09/24;13:15:23;-127.0;4.18;6.12
01:00:01:00:00:00:00;1725974183;10/09/24;13:16:23;-127.0;4.25;6.12
01:00:01:00:00:00:00;1725974243;10/09/24;13:17:23;-127.0;4.31;6.12
01:00:01:00:00:00:00;1725974303;10/09/24;13:18:23;-127.0;4.31;6.12
01:00:01:00:00:00:00;1725974363;10/09/24;13:19:23;-127.0;4.31;6.12
01:00:01:00:00:00:00;1725974423;10/09/24;13:20:23;-127.0;4.31;6.06
01:00:01:00:00:00:00;1725974478;10/09/24;13:21:18;-127.0;4.31;6.06
01:00:01:00:00:00:00;1725974538;10/09/24;13:22:18;-127.0;4.25;6.12
01:00:01:00:00:00:00;1725974598;10/09/24;13:23:18;-127.0;4.31;6.12
01:00:01:00:00:00:00;1725974658;10/09/24;13:24:18;-127.0;4.25;6.06
01:00:01:00:00:00:00;1725974718;10/09/24;13:25:18;-127.0;4.31;6.12
01:00:01:00:00:00:00;1725974778;10/09/24;13:26:18;-127.0;4.31;6.12
01:00:01:00:00:00:00;1725974838;10/09/24;13:27:18;-127.0;4.31;6.12
01:00:01:00:00:00:00;1725974898;10/09/24;13:28:18;-127.0;4.31;6.12
01:00:01:00:00:00:00;1725974958;10/09/24;13:29:18;-127.0;4.31;6.12
01:00:01:00:00:00:00;1725975018;10/09/24;13:30:18;-127.0;4.37;6.18
01:00:01:00:00:00:00;1725975078;10/09/24;13:31:18;-127.0;4.31;6.18
01:00:01:00:00:00:00;1725975138;10/09/24;13:32:18;-127.0;4.31;6.12
01:00:01:00:00:00:00;1725975198;10/09/24;13:33:18;-127.0;4.31;6.18
01:00:01:00:00:00:00;1725975258;10/09/24;13:34:18;-127.0;4.31;6.18
01:00:01:00:00:00:00;1725975318;10/09/24;13:35:18;-127.0;4.31;6.18
01:00:01:00:00:00:00;1725975378;10/09/24;13:36:18;-127.0;4.31;6.18
01:00:01:00:00:00:00;1725975438;10/09/24;13:37:18;-127.0;4.31;6.18
01:00:01:00:00:00:00;1725975498;10/09/24;13:38:18;-127.0;4.31;6.18
01:00:01:00:00:00:00;1725975557;10/09/24;13:39:17;-127.0;4.31;6.18
01:00:01:00:00:00:00;1725975617;10/09/24;13:40:17;-127.0;4.31;6.18
01:00:01:00:00:00:00;1725975677;10/09/24;13:41:17;-127.0;4.31;6.18
01:00:01:00:00:00:00;1725975737;10/09/24;13:42:17;-127.0;4.25;6.18
01:00:01:00:00:00:00;1725975797;10/09/24;13:43:17;-127.0;4.31;6.25
01:00:01:00:00:00:00;1725975857;10/09/24;13:44:17;-127.0;4.25;6.25
01:00:01:00:00:00:00;1725975917;10/09/24;13:45:17;-127.0;4.31;6.25
01:00:01:00:00:00:00;1725975977;10/09/24;13:46:17;-127.0;4.31;6.18
01:00:01:00:00:00:00;1725976037;10/09/24;13:47:17;-127.0;4.31;6.18
01:00:01:00:00:00:00;1725976097;10/09/24;13:48:17;-127.0;4.31;6.25
01:00:01:00:00:00:00;1725976157;10/09/24;13:49:17;-127.0;4.31;6.18
01:00:01:00:00:00:00;1725976217;10/09/24;13:50:17;-127.0;4.31;6.18
01:00:01:00:00:00:00;1725976277;10/09/24;13:51:17;-127.0;4.37;6.25
01:00:01:00:00:00:00;1725976337;10/09/24;13:52:17;-127.0;4.31;6.25
01:00:01:00:00:00:00;1725976397;10/09/24;13:53:17;-127.0;4.37;6.18
01:00:01:00:00:00:00;1725976457;10/09/24;13:54:17;-127.0;4.25;6.18
01:00:01:00:00:00:00;1725976517;10/09/24;13:55:17;-127.0;4.31;6.25
01:00:01:00:00:00:00;1725976577;10/09/24;13:56:17;-127.0;4.31;6.18
01:00:01:00:00:00:00;1725976637;10/09/24;13:57:17;-127.0;4.31;6.25
01:00:01:00:00:00:00;1725976697;10/09/24;13:58:17;-127.0;4.31;6.25
01:00:01:00:00:00:00;1725976757;10/09/24;13:59:17;-127.0;4.31;6.25
01:00:01:00:00:00:00;1725976817;10/09/24;14:00:17;-127.0;4.31;6.25
01:00:01:00:00:00:00;1725976877;10/09/24;14:01:17;-127.0;4.31;6.25
01:00:01:00:00:00:00;1725976937;10/09/24;14:02:17;-127.0;4.31;6.25
01:00:01:00:00:00:00;1725976997;10/09/24;14:03:17;-127.0;4.31;6.25
01:00:01:00:00:00:00;1725977057;10/09/24;14:04:17;-127.0;4.31;6.25
01:00:01:00:00:00:00;1725977116;10/09/24;14:05:16;-127.0;4.31;6.31
01:00:01:00:00:00:00;1725977176;10/09/24;14:06:16;-127.0;4.31;6.25
01:00:01:00:00:00:00;1725977236;10/09/24;14:07:16;-127.0;4.31;6.25
01:00:01:00:00:00:00;1725977296;10/09/24;14:08:16;-127.0;4.31;6.25
01:00:01:00:00:00:00;1725977356;10/09/24;14:09:16;-127.0;4.31;6.25
01:00:01:00:00:00:00;1725977416;10/09/24;14:10:16;-127.0;4.37;6.25
01:00:01:00:00:00:00;1725977476;10/09/24;14:11:16;-127.0;4.37;6.31
01:00:01:00:00:00:00;1725977536;10/09/24;14:12:16;-127.0;4.31;6.31
01:00:01:00:00:00:00;1725977596;10/09/24;14:13:16;-127.0;4.31;6.25
01:00:01:00:00:00:00;1725977656;10/09/24;14:14:16;-127.0;4.31;6.31
01:00:01:00:00:00:00;1725977716;10/09/24;14:15:16;-127.0;4.31;6.37
01:00:01:00:00:00:00;1725977776;10/09/24;14:16:16;-127.0;4.31;6.37
01:00:01:00:00:00:00;1725977836;10/09/24;14:17:16;-127.0;4.37;6.37
01:00:01:00:00:00:00;1725977896;10/09/24;14:18:16;-127.0;4.31;6.31
01:00:01:00:00:00:00;1725977956;10/09/24;14:19:16;-127.0;4.37;6.31
01:00:01:00:00:00:00;1725978016;10/09/24;14:20:16;-127.0;4.37;6.31
01:00:01:00:00:00:00;1725978071;10/09/24;14:21:11;-127.0;4.37;6.31
01:00:01:00:00:00:00;1725978131;10/09/24;14:22:11;-127.0;4.37;6.31
01:00:01:00:00:00:00;1725978191;10/09/24;14:23:11;-127.0;4.37;6.31
01:00:01:00:00:00:00;1725978251;10/09/24;14:24:11;-127.0;4.37;6.31
01:00:01:00:00:00:00;1725978311;10/09/24;14:25:11;-127.0;4.37;6.37
01:00:01:00:00:00:00;1725978371;10/09/24;14:26:11;-127.0;4.37;6.37
01:00:01:00:00:00:00;1725978431;10/09/24;14:27:11;-127.0;4.43;6.31
01:00:01:00:00:00:00;1725978491;10/09/24;14:28:11;-127.0;4.31;6.37
01:00:01:00:00:00:00;1725978551;10/09/24;14:29:11;-127.0;4.37;6.37
01:00:01:00:00:00:00;1725978611;10/09/24;14:30:11;-127.0;4.37;6.31
01:00:01:00:00:00:00;1725978671;10/09/24;14:31:11;-127.0;4.37;6.37
01:00:01:00:00:00:00;1725978731;10/09/24;14:32:11;-127.0;4.31;6.37
01:00:01:00:00:00:00;1725978791;10/09/24;14:33:11;-127.0;4.37;6.37
01:00:01:00:00:00:00;1725978851;10/09/24;14:34:11;-127.0;4.37;6.37
01:00:01:00:00:00:00;1725978911;10/09/24;14:35:11;-127.0;4.37;6.37
01:00:01:00:00:00:00;1725978971;10/09/24;14:36:11;-127.0;4.37;6.31
01:00:01:00:00:00:00;1725979031;10/09/24;14:37:11;-127.0;4.43;6.37
01:00:01:00:00:00:00;1725979091;10/09/24;14:38:11;-127.0;4.31;6.31
01:00:01:00:00:00:00;1725979150;10/09/24;14:39:10;-127.0;4.43;6.31
01:00:01:00:00:00:00;1725979210;10/09/24;14:40:10;-127.0;4.37;6.31
01:00:01:00:00:00:00;1725979270;10/09/24;14:41:10;-127.0;4.43;6.31
01:00:01:00:00:00:00;1725979330;10/09/24;14:42:10;-127.0;4.37;6.31
01:00:01:00:00:00:00;1725979390;10/09/24;14:43:10;-127.0;4.37;6.31
01:00:01:00:00:00:00;1725979450;10/09/24;14:44:10;-127.0;4.37;6.37
01:00:01:00:00:00:00;1725979510;10/09/24;14:45:10;-127.0;4.43;6.37
01:00:01:00:00:00:00;1725979570;10/09/24;14:46:10;-127.0;4.43;6.37
01:00:01:00:00:00:00;1725979630;10/09/24;14:47:10;-127.0;4.37;6.37
01:00:01:00:00:00:00;1725979690;10/09/24;14:48:10;-127.0;4.37;6.37
01:00:01:00:00:00:00;1725979750;10/09/24;14:49:10;-127.0;4.37;6.31
01:00:01:00:00:00:00;1725979810;10/09/24;14:50:10;-127.0;4.43;6.31
01:00:01:00:00:00:00;1725979870;10/09/24;14:51:10;-127.0;4.37;6.31
01:00:01:00:00:00:00;1725979930;10/09/24;14:52:10;-127.0;4.37;6.31
01:00:01:00:00:00:00;1725979990;10/09/24;14:53:10;-127.0;4.37;6.31
01:00:01:00:00:00:00;1725980050;10/09/24;14:54:10;-127.0;4.37;6.31
01:00:01:00:00:00:00;1725980110;10/09/24;14:55:10;-127.0;4.37;6.31
01:00:01:00:00:00:00;1725980170;10/09/24;14:56:10;-127.0;4.37;6.31
01:00:01:00:00:00:00;1725980230;10/09/24;14:57:10;-127.0;4.31;6.37
01:00:01:00:00:00:00;1725980290;10/09/24;14:58:10;-127.0;4.43;6.37
01:00:01:00:00:00:00;1725980350;10/09/24;14:59:10;-127.0;4.37;6.37
01:00:01:00:00:00:00;1725980410;10/09/24;15:00:10;-127.0;4.37;6.37
01:00:01:00:00:00:00;1725980470;10/09/24;15:01:10;-127.0;4.43;6.37
01:00:01:00:00:00:00;1725980530;10/09/24;15:02:10;-127.0;4.43;6.37
01:00:01:00:00:00:00;1725980590;10/09/24;15:03:10;-127.0;4.37;6.37
01:00:01:00:00:00:00;1725980649;10/09/24;15:04:09;-127.0;4.43;6.43
01:00:01:00:00:00:00;1725980709;10/09/24;15:05:09;-127.0;4.37;6.43
01:00:01:00:00:00:00;1725980769;10/09/24;15:06:09;-127.0;4.43;6.37
01:00:01:00:00:00:00;1725980829;10/09/24;15:07:09;-127.0;4.43;6.37
01:00:01:00:00:00:00;1725980889;10/09/24;15:08:09;-127.0;4.37;6.37
01:00:01:00:00:00:00;1725980949;10/09/24;15:09:09;-127.0;4.43;6.37
01:00:01:00:00:00:00;1725981009;10/09/24;15:10:09;-127.0;4.43;6.43
01:00:01:00:00:00:00;1725981069;10/09/24;15:11:09;-127.0;4.43;6.37
01:00:01:00:00:00:00;1725981129;10/09/24;15:12:09;-127.0;4.43;6.37
01:00:01:00:00:00:00;1725981189;10/09/24;15:13:09;-127.0;4.37;6.43
01:00:01:00:00:00:00;1725981249;10/09/24;15:14:09;-127.0;4.43;6.43
01:00:01:00:00:00:00;1725981309;10/09/24;15:15:09;-127.0;4.43;6.43
01:00:01:00:00:00:00;1725981369;10/09/24;15:16:09;-127.0;4.43;6.43
01:00:01:00:00:00:00;1725981429;10/09/24;15:17:09;-127.0;4.37;6.43
01:00:01:00:00:00:00;1725981489;10/09/24;15:18:09;-127.0;4.37;6.43
01:00:01:00:00:00:00;1725981549;10/09/24;15:19:09;-127.0;4.25;6.43
01:00:01:00:00:00:00;1725981609;10/09/24;15:20:09;-127.0;4.18;6.43
01:00:01:00:00:00:00;1725981664;10/09/24;15:21:04;-127.0;4.12;6.37
01:00:01:00:00:00:00;1725981724;10/09/24;15:22:04;-127.0;4.06;6.31
01:00:01:00:00:00:00;1725981784;10/09/24;15:23:04;-127.0;4.0;6.31
01:00:01:00:00:00:00;1725981844;10/09/24;15:24:04;-127.0;4.06;6.31
01:00:01:00:00:00:00;1725981904;10/09/24;15:25:04;-127.0;4.0;6.25
01:00:01:00:00:00:00;1725981964;10/09/24;15:26:04;-127.0;4.06;6.25
01:00:01:00:00:00:00;1725982024;10/09/24;15:27:04;-127.0;4.0;6.31
01:00:01:00:00:00:00;1725982084;10/09/24;15:28:04;-127.0;4.06;6.25
01:00:01:00:00:00:00;1725982144;10/09/24;15:29:04;-127.0;4.0;6.25
01:00:01:00:00:00:00;1725982204;10/09/24;15:30:04;-127.0;4.0;6.25
01:00:01:00:00:00:00;1725982264;10/09/24;15:31:04;-127.0;4.0;6.18
01:00:01:00:00:00:00;1725982324;10/09/24;15:32:04;-127.0;4.0;6.18
01:00:01:00:00:00:00;1725982384;10/09/24;15:33:04;-127.0;4.0;6.25
01:00:01:00:00:00:00;1725982444;10/09/24;15:34:04;-127.0;4.06;6.25
01:00:01:00:00:00:00;1725982504;10/09/24;15:35:04;-127.0;4.06;6.18
01:00:01:00:00:00:00;1725982564;10/09/24;15:36:04;-127.0;4.0;6.18
01:00:01:00:00:00:00;1725982624;10/09/24;15:37:04;-127.0;4.06;6.18
01:00:01:00:00:00:00;1725982684;10/09/24;15:38:04;-127.0;4.0;6.18
01:00:01:00:00:00:00;1725982743;10/09/24;15:39:03;-127.0;4.0;6.12
01:00:01:00:00:00:00;1725982803;10/09/24;15:40:03;-127.0;4.0;6.18
01:00:01:00:00:00:00;1725982863;10/09/24;15:41:03;-127.0;4.06;6.18
01:00:01:00:00:00:00;1725982923;10/09/24;15:42:03;-127.0;4.06;6.18
01:00:01:00:00:00:00;1725982983;10/09/24;15:43:03;-127.0;4.0;6.18
01:00:01:00:00:00:00;1725983043;10/09/24;15:44:03;-127.0;4.0;6.18
01:00:01:00:00:00:00;1725983103;10/09/24;15:45:03;-127.0;4.06;6.18
01:00:01:00:00:00:00;1725983163;10/09/24;15:46:03;-127.0;4.0;6.12
01:00:01:00:00:00:00;1725983223;10/09/24;15:47:03;-127.0;4.0;6.12
01:00:01:00:00:00:00;1725983283;10/09/24;15:48:03;-127.0;4.0;6.18
01:00:01:00:00:00:00;1725983343;10/09/24;15:49:03;-127.0;4.0;6.18
01:00:01:00:00:00:00;1725983403;10/09/24;15:50:03;-127.0;4.06;6.12
01:00:01:00:00:00:00;1725983463;10/09/24;15:51:03;-127.0;4.06;6.18
01:00:01:00:00:00:00;1725983523;10/09/24;15:52:03;-127.0;4.0;6.18
01:00:01:00:00:00:00;1725983583;10/09/24;15:53:03;-127.0;4.0;6.12
01:00:01:00:00:00:00;1725983643;10/09/24;15:54:03;-127.0;4.0;6.12
01:00:01:00:00:00:00;1725983703;10/09/24;15:55:03;-127.0;4.06;6.12
01:00:01:00:00:00:00;1725983763;10/09/24;15:56:03;-127.0;4.0;6.18
01:00:01:00:00:00:00;1725983823;10/09/24;15:57:03;-127.0;4.06;6.12
01:00:01:00:00:00:00;1725983883;10/09/24;15:58:03;-127.0;3.93;6.18
01:00:01:00:00:00:00;1725983943;10/09/24;15:59:03;-127.0;4.06;6.18
01:00:01:00:00:00:00;1725984003;10/09/24;16:00:03;-127.0;4.06;6.12
01:00:01:00:00:00:00;1725984063;10/09/24;16:01:03;-127.0;4.18;6.12
01:00:01:00:00:00:00;1725984123;10/09/24;16:02:03;-127.0;4.31;6.12
01:00:01:00:00:00:00;1725984183;10/09/24;16:03:03;-127.0;4.37;6.18
01:00:01:00:00:00:00;1725984243;10/09/24;16:04:03;-127.0;4.62;6.18
01:00:01:00:00:00:00;1725984302;10/09/24;16:05:02;-127.0;4.68;6.18
01:00:01:00:00:00:00;1725984362;10/09/24;16:06:02;-127.0;4.75;6.18
01:00:01:00:00:00:00;1725984422;10/09/24;16:07:02;-127.0;4.93;6.25
01:00:01:00:00:00:00;1725984482;10/09/24;16:08:02;-127.0;4.93;6.25
01:00:01:00:00:00:00;1725984542;10/09/24;16:09:02;-127.0;4.93;6.25
01:00:01:00:00:00:00;1725984602;10/09/24;16:10:02;-127.0;4.87;6.25
01:00:01:00:00:00:00;1725984662;10/09/24;16:11:02;-127.0;4.87;6.25
01:00:01:00:00:00:00;1725984722;10/09/24;16:12:02;-127.0;4.93;6.31
01:00:01:00:00:00:00;1725984782;10/09/24;16:13:02;-127.0;4.93;6.31
01:00:01:00:00:00:00;1725984842;10/09/24;16:14:02;-127.0;5.0;6.37
01:00:01:00:00:00:00;1725984902;10/09/24;16:15:02;-127.0;5.0;6.37
01:00:01:00:00:00:00;1725984962;10/09/24;16:16:02;-127.0;5.06;6.37
01:00:01:00:00:00:00;1725985022;10/09/24;16:17:02;-127.0;5.06;6.37
01:00:01:00:00:00:00;1725985082;10/09/24;16:18:02;-127.0;5.18;6.43
01:00:01:00:00:00:00;1725985142;10/09/24;16:19:02;-127.0;5.25;6.37
01:00:01:00:00:00:00;1725985202;10/09/24;16:20:02;-127.0;5.31;6.43
01:00:01:00:00:00:00;1725985257;10/09/24;16:20:57;-127.0;5.31;6.43
01:00:01:00:00:00:00;1725985317;10/09/24;16:21:57;-127.0;5.31;6.43
01:00:01:00:00:00:00;1725985377;10/09/24;16:22:57;-127.0;5.31;6.5
01:00:01:00:00:00:00;1725985437;10/09/24;16:23:57;-127.0;5.31;6.56
01:00:01:00:00:00:00;1725985497;10/09/24;16:24:57;-127.0;5.31;6.56
01:00:01:00:00:00:00;1725985557;10/09/24;16:25:57;-127.0;5.31;6.62
01:00:01:00:00:00:00;1725985617;10/09/24;16:26:57;-127.0;5.37;6.62
01:00:01:00:00:00:00;1725985677;10/09/24;16:27:57;-127.0;5.43;6.62
01:00:01:00:00:00:00;1725985737;10/09/24;16:28:57;-127.0;5.43;6.62
01:00:01:00:00:00:00;1725985797;10/09/24;16:29:57;-127.0;5.56;6.68
01:00:01:00:00:00:00;1725985857;10/09/24;16:30:57;-127.0;5.62;6.68
01:00:01:00:00:00:00;1725985917;10/09/24;16:31:57;-127.0;5.68;6.68
01:00:01:00:00:00:00;1725985977;10/09/24;16:32:57;-127.0;5.68;6.68
01:00:01:00:00:00:00;1725986037;10/09/24;16:33:57;-127.0;5.75;6.75
01:00:01:00:00:00:00;1725986097;10/09/24;16:34:57;-127.0;5.81;6.75
01:00:01:00:00:00:00;1725986157;10/09/24;16:35:57;-127.0;5.87;6.81
01:00:01:00:00:00:00;1725986217;10/09/24;16:36:57;-127.0;6.0;6.75
01:00:01:00:00:00:00;1725986277;10/09/24;16:37:57;-127.0;6.0;6.81
01:00:01:00:00:00:00;1725986336;10/09/24;16:38:56;-127.0;6.0;6.81
01:00:01:00:00:00:00;1725986396;10/09/24;16:39:56;-127.0;6.06;6.87
01:00:01:00:00:00:00;1725986456;10/09/24;16:40:56;-127.0;6.06;6.87
01:00:01:00:00:00:00;1725986516;10/09/24;16:41:56;-127.0;6.12;6.93
01:00:01:00:00:00:00;1725986576;10/09/24;16:42:56;-127.0;6.12;6.93
01:00:01:00:00:00:00;1725986636;10/09/24;16:43:56;-127.0;6.18;7.0
01:00:01:00:00:00:00;1725986696;10/09/24;16:44:56;-127.0;6.18;7.0
01:00:01:00:00:00:00;1725986756;10/09/24;16:45:56;-127.0;6.31;7.12
01:00:01:00:00:00:00;1725986816;10/09/24;16:46:56;-127.0;6.37;7.12
01:00:01:00:00:00:00;1725986876;10/09/24;16:47:56;-127.0;6.37;7.12
01:00:01:00:00:00:00;1725986936;10/09/24;16:48:56;-127.0;6.43;7.25
01:00:01:00:00:00:00;1725986996;10/09/24;16:49:56;-127.0;6.37;7.18
01:00:01:00:00:00:00;1725987056;10/09/24;16:50:56;-127.0;6.37;7.25
01:00:01:00:00:00:00;1725987116;10/09/24;16:51:56;-127.0;6.5;7.31
01:00:01:00:00:00:00;1725987176;10/09/24;16:52:56;-127.0;6.5;7.37
01:00:01:00:00:00:00;1725987236;10/09/24;16:53:56;-127.0;6.5;7.37
01:00:01:00:00:00:00;1725987296;10/09/24;16:54:56;-127.0;6.5;7.43
01:00:01:00:00:00:00;1725987356;10/09/24;16:55:56;-127.0;6.5;7.43
01:00:01:00:00:00:00;1725987416;10/09/24;16:56:56;-127.0;6.56;7.5
01:00:01:00:00:00:00;1725987476;10/09/24;16:57:56;-127.0;6.56;7.56
01:00:01:00:00:00:00;1725987536;10/09/24;16:58:56;-127.0;6.62;7.56
01:00:01:00:00:00:00;1725987596;10/09/24;16:59:56;-127.0;6.62;7.62
01:00:01:00:00:00:00;1725987656;10/09/24;17:00:56;-127.0;6.62;7.68
01:00:01:00:00:00:00;1725987716;10/09/24;17:01:56;-127.0;6.68;7.68
01:00:01:00:00:00:00;1725987776;10/09/24;17:02:56;-127.0;6.62;7.68
01:00:01:00:00:00:00;1725987835;10/09/24;17:03:55;-127.0;6.62;7.68
01:00:01:00:00:00:00;1725987895;10/09/24;17:04:55;-127.0;6.62;7.68
01:00:01:00:00:00:00;1725987955;10/09/24;17:05:55;-127.0;6.68;7.75
01:00:01:00:00:00:00;1725988015;10/09/24;17:06:55;-127.0;6.75;7.68
01:00:01:00:00:00:00;1725988075;10/09/24;17:07:55;-127.0;6.75;7.68
01:00:01:00:00:00:00;1725988135;10/09/24;17:08:55;-127.0;6.75;7.75
01:00:01:00:00:00:00;1725988195;10/09/24;17:09:55;-127.0;6.75;7.81
01:00:01:00:00:00:00;1725988255;10/09/24;17:10:55;-127.0;6.68;7.81
01:00:01:00:00:00:00;1725988315;10/09/24;17:11:55;-127.0;6.68;7.81
01:00:01:00:00:00:00;1725988375;10/09/24;17:12:55;-127.0;6.68;7.87
01:00:01:00:00:00:00;1725988435;10/09/24;17:13:55;-127.0;6.5;7.87
01:00:01:00:00:00:00;1725988495;10/09/24;17:14:55;-127.0;6.5;7.87
01:00:01:00:00:00:00;1725988555;10/09/24;17:15:55;-127.0;6.5;7.87
01:00:01:00:00:00:00;1725988615;10/09/24;17:16:55;-127.0;6.43;7.93
01:00:01:00:00:00:00;1725988675;10/09/24;17:17:55;-127.0;6.37;7.93
01:00:01:00:00:00:00;1725988735;10/09/24;17:18:55;-127.0;6.37;8.0
01:00:01:00:00:00:00;1725988795;10/09/24;17:19:55;-127.0;6.37;8.0
01:00:01:00:00:00:00;1725988850;10/09/24;17:20:50;-127.0;6.31;8.0
01:00:01:00:00:00:00;1725988910;10/09/24;17:21:50;-127.0;6.43;8.0
01:00:01:00:00:00:00;1725988970;10/09/24;17:22:50;-127.0;6.5;8.06
01:00:01:00:00:00:00;1725989030;10/09/24;17:23:50;-127.0;6.56;8.06
01:00:01:00:00:00:00;1725989090;10/09/24;17:24:50;-127.0;6.62;8.06
01:00:01:00:00:00:00;1725989150;10/09/24;17:25:50;-127.0;6.62;8.06
01:00:01:00:00:00:00;1725989210;10/09/24;17:26:50;-127.0;6.62;8.12
01:00:01:00:00:00:00;1725989270;10/09/24;17:27:50;-127.0;6.62;8.06
01:00:01:00:00:00:00;1725989330;10/09/24;17:28:50;-127.0;6.56;8.12
01:00:01:00:00:00:00;1725989390;10/09/24;17:29:50;-127.0;6.5;8.12
01:00:01:00:00:00:00;1725989450;10/09/24;17:30:50;-127.0;6.56;8.18
01:00:01:00:00:00:00;1725989510;10/09/24;17:31:50;-127.0;6.5;8.25
01:00:01:00:00:00:00;1725989570;10/09/24;17:32:50;-127.0;6.5;8.18
01:00:01:00:00:00:00;1725989630;10/09/24;17:33:50;-127.0;6.5;8.18
01:00:01:00:00:00:00;1725989690;10/09/24;17:34:50;-127.0;6.5;8.18
01:00:01:00:00:00:00;1725989750;10/09/24;17:35:50;-127.0;6.5;8.12
01:00:01:00:00:00:00;1725989810;10/09/24;17:36:50;-127.0;6.5;8.12
01:00:01:00:00:00:00;1725989870;10/09/24;17:37:50;-127.0;6.5;8.18
01:00:01:00:00:00:00;1725989929;10/09/24;17:38:49;-127.0;6.5;8.18
01:00:01:00:00:00:00;1725989989;10/09/24;17:39:49;-127.0;6.43;8.18
01:00:01:00:00:00:00;1725990049;10/09/24;17:40:49;-127.0;6.37;8.18
01:00:01:00:00:00:00;1725990109;10/09/24;17:41:49;-127.0;6.37;8.18
01:00:01:00:00:00:00;1725990169;10/09/24;17:42:49;-127.0;6.37;8.18
01:00:01:00:00:00:00;1725990229;10/09/24;17:43:49;-127.0;6.37;8.18
01:00:01:00:00:00:00;1725990289;10/09/24;17:44:49;-127.0;6.37;8.25
01:00:01:00:00:00:00;1725990349;10/09/24;17:45:49;-127.0;6.31;8.18
01:00:01:00:00:00:00;1725990409;10/09/24;17:46:49;-127.0;6.25;8.18
01:00:01:00:00:00:00;1725990469;10/09/24;17:47:49;-127.0;6.18;8.18
01:00:01:00:00:00:00;1725990529;10/09/24;17:48:49;-127.0;6.12;8.12
01:00:01:00:00:00:00;1725990589;10/09/24;17:49:49;-127.0;6.12;8.12
01:00:01:00:00:00:00;1725990649;10/09/24;17:50:49;-127.0;6.0;8.12
01:00:01:00:00:00:00;1725990709;10/09/24;17:51:49;-127.0;5.93;8.12
01:00:01:00:00:00:00;1725990769;10/09/24;17:52:49;-127.0;5.93;8.12
01:00:01:00:00:00:00;1725990829;10/09/24;17:53:49;-127.0;5.87;8.12
01:00:01:00:00:00:00;1725990889;10/09/24;17:54:49;-127.0;5.81;8.06
01:00:01:00:00:00:00;1725990949;10/09/24;17:55:49;-127.0;5.81;8.06
01:00:01:00:00:00:00;1725991009;10/09/24;17:56:49;-127.0;5.75;8.0
01:00:01:00:00:00:00;1725991069;10/09/24;17:57:49;-127.0;5.62;8.06
01:00:01:00:00:00:00;1725991129;10/09/24;17:58:49;-127.0;5.62;8.0
01:00:01:00:00:00:00;1725991189;10/09/24;17:59:49;-127.0;5.56;8.0
01:00:01:00:00:00:00;1725991249;10/09/24;18:00:49;-127.0;5.5;7.93
01:00:01:00:00:00:00;1725991309;10/09/24;18:01:49;-127.0;5.43;7.93
01:00:01:00:00:00:00;1725991369;10/09/24;18:02:49;-127.0;5.37;7.87
01:00:01:00:00:00:00;1725991428;10/09/24;18:03:48;-127.0;5.37;7.87
01:00:01:00:00:00:00;1725991488;10/09/24;18:04:48;-127.0;5.31;7.81
01:00:01:00:00:00:00;1725991548;10/09/24;18:05:48;-127.0;5.18;7.81
01:00:01:00:00:00:00;1725991608;10/09/24;18:06:48;-127.0;5.18;7.81
01:00:01:00:00:00:00;1725991668;10/09/24;18:07:48;-127.0;5.12;7.75
01:00:01:00:00:00:00;1725991728;10/09/24;18:08:48;-127.0;5.06;7.68
01:00:01:00:00:00:00;1725991788;10/09/24;18:09:48;-127.0;5.0;7.68
01:00:01:00:00:00:00;1725991848;10/09/24;18:10:48;-127.0;4.93;7.68
01:00:01:00:00:00:00;1725991908;10/09/24;18:11:48;-127.0;4.87;7.68
01:00:01:00:00:00:00;1725991968;10/09/24;18:12:48;-127.0;4.81;7.62
01:00:01:00:00:00:00;1725992028;10/09/24;18:13:48;-127.0;4.75;7.56
01:00:01:00:00:00:00;1725992088;10/09/24;18:14:48;-127.0;4.68;7.56
01:00:01:00:00:00:00;1725992148;10/09/24;18:15:48;-127.0;4.68;7.56
01:00:01:00:00:00:00;1725992208;10/09/24;18:16:48;-127.0;4.56;7.43
01:00:01:00:00:00:00;1725992268;10/09/24;18:17:48;-127.0;4.5;7.43
01:00:01:00:00:00:00;1725992328;10/09/24;18:18:48;-127.0;4.43;7.37
01:00:01:00:00:00:00;1725992388;10/09/24;18:19:48;-127.0;4.43;7.31
01:00:01:00:00:00:00;1725992443;10/09/24;18:20:43;-127.0;4.37;7.25
01:00:01:00:00:00:00;1725992503;10/09/24;18:21:43;-127.0;4.31;7.25
01:00:01:00:00:00:00;1725992563;10/09/24;18:22:43;-127.0;4.31;7.18
01:00:01:00:00:00:00;1725992623;10/09/24;18:23:43;-127.0;4.25;7.18
01:00:01:00:00:00:00;1725992683;10/09/24;18:24:43;-127.0;4.25;7.18
01:00:01:00:00:00:00;1725992743;10/09/24;18:25:43;-127.0;4.25;7.18
01:00:01:00:00:00:00;1725992803;10/09/24;18:26:43;-127.0;4.25;7.12
01:00:01:00:00:00:00;1725992863;10/09/24;18:27:43;-127.0;4.25;7.06
01:00:01:00:00:00:00;1725992923;10/09/24;18:28:43;-127.0;4.25;7.06
01:00:01:00:00:00:00;1725992983;10/09/24;18:29:43;-127.0;4.25;7.06
01:00:01:00:00:00:00;1725993043;10/09/24;18:30:43;-127.0;4.25;7.0
01:00:01:00:00:00:00;1725993103;10/09/24;18:31:43;-127.0;4.25;7.0
01:00:01:00:00:00:00;1725993163;10/09/24;18:32:43;-127.0;4.25;7.0
01:00:01:00:00:00:00;1725993223;10/09/24;18:33:43;-127.0;4.25;7.0
01:00:01:00:00:00:00;1725993283;10/09/24;18:34:43;-127.0;4.25;7.0
01:00:01:00:00:00:00;1725993343;10/09/24;18:35:43;-127.0;4.25;6.93
01:00:01:00:00:00:00;1725993403;10/09/24;18:36:43;-127.0;4.25;7.0
01:00:01:00:00:00:00;1725993463;10/09/24;18:37:43;-127.0;4.18;6.93
01:00:01:00:00:00:00;1725993522;10/09/24;18:38:42;-127.0;4.18;6.87
01:00:01:00:00:00:00;1725993582;10/09/24;18:39:42;-127.0;4.18;6.93
01:00:01:00:00:00:00;1725993642;10/09/24;18:40:42;-127.0;4.18;6.87
01:00:01:00:00:00:00;1725993702;10/09/24;18:41:42;-127.0;4.18;6.87
01:00:01:00:00:00:00;1725993762;10/09/24;18:42:42;-127.0;4.18;6.87
01:00:01:00:00:00:00;1725993822;10/09/24;18:43:42;-127.0;4.18;6.87
01:00:01:00:00:00:00;1725993882;10/09/24;18:44:42;-127.0;4.18;6.81
01:00:01:00:00:00:00;1725993942;10/09/24;18:45:42;-127.0;4.12;6.75
01:00:01:00:00:00:00;1725994002;10/09/24;18:46:42;-127.0;4.12;6.81
01:00:01:00:00:00:00;1725994062;10/09/24;18:47:42;-127.0;4.12;6.81
01:00:01:00:00:00:00;1725994122;10/09/24;18:48:42;-127.0;4.12;6.81
01:00:01:00:00:00:00;1725994182;10/09/24;18:49:42;-127.0;4.18;6.75
01:00:01:00:00:00:00;1725994242;10/09/24;18:50:42;-127.0;4.18;6.75
01:00:01:00:00:00:00;1725994302;10/09/24;18:51:42;-127.0;4.18;6.75
01:00:01:00:00:00:00;1725994362;10/09/24;18:52:42;-127.0;4.12;6.68
01:00:01:00:00:00:00;1725994422;10/09/24;18:53:42;-127.0;4.12;6.68
01:00:01:00:00:00:00;1725994482;10/09/24;18:54:42;-127.0;4.12;6.75
01:00:01:00:00:00:00;1725994542;10/09/24;18:55:42;-127.0;4.06;6.68
01:00:01:00:00:00:00;1725994602;10/09/24;18:56:42;-127.0;4.06;6.68
01:00:01:00:00:00:00;1725994662;10/09/24;18:57:42;-127.0;4.12;6.68
01:00:01:00:00:00:00;1725994722;10/09/24;18:58:42;-127.0;4.06;6.68
01:00:01:00:00:00:00;1725994782;10/09/24;18:59:42;-127.0;4.06;6.62
01:00:01:00:00:00:00;1725994842;10/09/24;19:00:42;-127.0;4.12;6.68
01:00:01:00:00:00:00;1725994902;10/09/24;19:01:42;-127.0;4.12;6.62
01:00:01:00:00:00:00;1725994962;10/09/24;19:02:42;-127.0;4.12;6.62
01:00:01:00:00:00:00;1725995021;10/09/24;19:03:41;-127.0;4.12;6.62
01:00:01:00:00:00:00;1725995081;10/09/24;19:04:41;-127.0;4.12;6.62
01:00:01:00:00:00:00;1725995141;10/09/24;19:05:41;-127.0;4.12;6.62
01:00:01:00:00:00:00;1725995201;10/09/24;19:06:41;-127.0;4.18;6.62
01:00:01:00:00:00:00;1725995261;10/09/24;19:07:41;-127.0;4.06;6.62
01:00:01:00:00:00:00;1725995321;10/09/24;19:08:41;-127.0;4.06;6.56
01:00:01:00:00:00:00;1725995381;10/09/24;19:09:41;-127.0;4.06;6.5
01:00:01:00:00:00:00;1725995441;10/09/24;19:10:41;-127.0;4.12;6.56
01:00:01:00:00:00:00;1725995501;10/09/24;19:11:41;-127.0;4.12;6.56
01:00:01:00:00:00:00;1725995561;10/09/24;19:12:41;-127.0;4.06;6.56
01:00:01:00:00:00:00;1725995621;10/09/24;19:13:41;-127.0;4.12;6.56
01:00:01:00:00:00:00;1725995681;10/09/24;19:14:41;-127.0;4.06;6.5
01:00:01:00:00:00:00;1725995741;10/09/24;19:15:41;-127.0;4.12;6.5
01:00:01:00:00:00:00;1725995801;10/09/24;19:16:41;-127.0;4.12;6.5
01:00:01:00:00:00:00;1725995861;10/09/24;19:17:41;-127.0;4.06;6.56
01:00:01:00:00:00:00;1725995921;10/09/24;19:18:41;-127.0;4.06;6.5
01:00:01:00:00:00:00;1725995981;10/09/24;19:19:41;-127.0;4.12;6.5
01:00:01:00:00:00:00;1725996036;10/09/24;19:20:36;-127.0;4.06;6.5
01:00:01:00:00:00:00;1725996096;10/09/24;19:21:36;-127.0;4.12;6.5
01:00:01:00:00:00:00;1725996156;10/09/24;19:22:36;-127.0;4.12;6.43
01:00:01:00:00:00:00;1725996216;10/09/24;19:23:36;-127.0;4.06;6.5
01:00:01:00:00:00:00;1725996276;10/09/24;19:24:36;-127.0;4.06;6.43
01:00:01:00:00:00:00;1725996336;10/09/24;19:25:36;-127.0;4.06;6.43
01:00:01:00:00:00:00;1725996396;10/09/24;19:26:36;-127.0;4.06;6.43
01:00:01:00:00:00:00;1725996456;10/09/24;19:27:36;-127.0;4.12;6.43
01:00:01:00:00:00:00;1725996516;10/09/24;19:28:36;-127.0;4.12;6.43
01:00:01:00:00:00:00;1725996576;10/09/24;19:29:36;-127.0;4.12;6.43
01:00:01:00:00:00:00;1725996636;10/09/24;19:30:36;-127.0;4.06;6.43
01:00:01:00:00:00:00;1725996696;10/09/24;19:31:36;-127.0;4.06;6.43
01:00:01:00:00:00:00;1725996756;10/09/24;19:32:36;-127.0;4.12;6.43
01:00:01:00:00:00:00;1725996816;10/09/24;19:33:36;-127.0;4.12;6.37
01:00:01:00:00:00:00;1725996876;10/09/24;19:34:36;-127.0;4.06;6.37
01:00:01:00:00:00:00;1725996936;10/09/24;19:35:36;-127.0;4.06;6.37
01:00:01:00:00:00:00;1725996996;10/09/24;19:36:36;-127.0;4.06;6.37
01:00:01:00:00:00:00;1725997056;10/09/24;19:37:36;-127.0;4.06;6.43
01:00:01:00:00:00:00;1725997115;10/09/24;19:38:35;-127.0;4.06;6.37
01:00:01:00:00:00:00;1725997175;10/09/24;19:39:35;-127.0;4.06;6.37
01:00:01:00:00:00:00;1725997235;10/09/24;19:40:35;-127.0;4.0;6.43
01:00:01:00:00:00:00;1725997295;10/09/24;19:41:35;-127.0;4.06;6.37
01:00:01:00:00:00:00;1725997355;10/09/24;19:42:35;-127.0;4.12;6.43
01:00:01:00:00:00:00;1725997415;10/09/24;19:43:35;-127.0;4.06;6.43
01:00:01:00:00:00:00;1725997475;10/09/24;19:44:35;-127.0;4.0;6.43
01:00:01:00:00:00:00;1725997535;10/09/24;19:45:35;-127.0;4.06;6.37
01:00:01:00:00:00:00;1725997595;10/09/24;19:46:35;-127.0;4.06;6.37
01:00:01:00:00:00:00;1725997655;10/09/24;19:47:35;-127.0;4.06;6.37
01:00:01:00:00:00:00;1725997715;10/09/24;19:48:35;-127.0;4.06;6.37
01:00:01:00:00:00:00;1725997775;10/09/24;19:49:35;-127.0;4.12;6.37
01:00:01:00:00:00:00;1725997835;10/09/24;19:50:35;-127.0;4.06;6.37
01:00:01:00:00:00:00;1725997895;10/09/24;19:51:35;-127.0;4.06;6.37
01:00:01:00:00:00:00;1725997955;10/09/24;19:52:35;-127.0;4.06;6.43
01:00:01:00:00:00:00;1725998015;10/09/24;19:53:35;-127.0;4.12;6.43
01:00:01:00:00:00:00;1725998075;10/09/24;19:54:35;-127.0;4.06;6.43
01:00:01:00:00:00:00;1725998135;10/09/24;19:55:35;-127.0;4.06;6.37
01:00:01:00:00:00:00;1725998195;10/09/24;19:56:35;-127.0;4.06;6.37
01:00:01:00:00:00:00;1725998255;10/09/24;19:57:35;-127.0;4.06;6.37
01:00:01:00:00:00:00;1725998315;10/09/24;19:58:35;-127.0;4.06;6.37
01:00:01:00:00:00:00;1725998375;10/09/24;19:59:35;-127.0;4.06;6.37
01:00:01:00:00:00:00;1725998435;10/09/24;20:00:35;-127.0;4.06;6.31
01:00:01:00:00:00:00;1725998495;10/09/24;20:01:35;-127.0;4.06;6.37
01:00:01:00:00:00:00;1725998555;10/09/24;20:02:35;-127.0;4.06;6.37
01:00:01:00:00:00:00;1725998615;10/09/24;20:03:35;-127.0;4.06;6.37
01:00:01:00:00:00:00;1725998674;10/09/24;20:04:34;-127.0;4.06;6.37
01:00:01:00:00:00:00;1725998734;10/09/24;20:05:34;-127.0;4.06;6.37
01:00:01:00:00:00:00;1725998794;10/09/24;20:06:34;-127.0;4.06;6.37
01:00:01:00:00:00:00;1725998854;10/09/24;20:07:34;-127.0;4.0;6.37
01:00:01:00:00:00:00;1725998914;10/09/24;20:08:34;-127.0;4.06;6.37
01:00:01:00:00:00:00;1725998974;10/09/24;20:09:34;-127.0;4.06;6.31
01:00:01:00:00:00:00;1725999034;10/09/24;20:10:34;-127.0;4.06;6.37
01:00:01:00:00:00:00;1725999094;10/09/24;20:11:34;-127.0;4.06;6.31
01:00:01:00:00:00:00;1725999154;10/09/24;20:12:34;-127.0;4.06;6.31
01:00:01:00:00:00:00;1725999214;10/09/24;20:13:34;-127.0;4.12;6.31
01:00:01:00:00:00:00;1725999274;10/09/24;20:14:34;-127.0;4.06;6.31
01:00:01:00:00:00:00;1725999334;10/09/24;20:15:34;-127.0;4.06;6.31
01:00:01:00:00:00:00;1725999394;10/09/24;20:16:34;-127.0;4.06;6.31
01:00:01:00:00:00:00;1725999454;10/09/24;20:17:34;-127.0;4.06;6.31
01:00:01:00:00:00:00;1725999514;10/09/24;20:18:34;-127.0;4.0;6.31
01:00:01:00:00:00:00;1725999574;10/09/24;20:19:34;-127.0;4.12;6.37
01:00:01:00:00:00:00;1725999629;10/09/24;20:20:29;-127.0;4.06;6.31
01:00:01:00:00:00:00;1725999689;10/09/24;20:21:29;-127.0;4.06;6.31
01:00:01:00:00:00:00;1725999749;10/09/24;20:22:29;-127.0;4.06;6.31
01:00:01:00:00:00:00;1725999809;10/09/24;20:23:29;-127.0;4.06;6.37
01:00:01:00:00:00:00;1725999869;10/09/24;20:24:29;-127.0;4.06;6.31
01:00:01:00:00:00:00;1725999929;10/09/24;20:25:29;-127.0;4.06;6.31
01:00:01:00:00:00:00;1725999989;10/09/24;20:26:29;-127.0;4.0;6.31
01:00:01:00:00:00:00;1726000049;10/09/24;20:27:29;-127.0;4.06;6.31
01:00:01:00:00:00:00;1726000109;10/09/24;20:28:29;-127.0;4.06;6.37
01:00:01:00:00:00:00;1726000169;10/09/24;20:29:29;-127.0;4.0;6.31
01:00:01:00:00:00:00;1726000229;10/09/24;20:30:29;-127.0;4.06;6.25
01:00:01:00:00:00:00;1726000289;10/09/24;20:31:29;-127.0;4.06;6.31
01:00:01:00:00:00:00;1726000349;10/09/24;20:32:29;-127.0;4.0;6.31
01:00:01:00:00:00:00;1726000409;10/09/24;20:33:29;-127.0;4.06;6.31
01:00:01:00:00:00:00;1726000469;10/09/24;20:34:29;-127.0;4.06;6.37
01:00:01:00:00:00:00;1726000529;10/09/24;20:35:29;-127.0;4.12;6.37
01:00:01:00:00:00:00;1726000589;10/09/24;20:36:29;-127.0;4.06;6.31
01:00:01:00:00:00:00;1726000649;10/09/24;20:37:29;-127.0;4.12;6.31
01:00:01:00:00:00:00;1726000708;10/09/24;20:38:28;-127.0;4.12;6.31
01:00:01:00:00:00:00;1726000768;10/09/24;20:39:28;-127.0;4.12;6.31
01:00:01:00:00:00:00;1726000828;10/09/24;20:40:28;-127.0;4.06;6.31
01:00:01:00:00:00:00;1726000888;10/09/24;20:41:28;-127.0;4.06;6.25
01:00:01:00:00:00:00;1726000948;10/09/24;20:42:28;-127.0;4.12;6.25
01:00:01:00:00:00:00;1726001008;10/09/24;20:43:28;-127.0;4.06;6.25
01:00:01:00:00:00:00;1726001068;10/09/24;20:44:28;-127.0;4.12;6.25
01:00:01:00:00:00:00;1726001128;10/09/24;20:45:28;-127.0;4.12;6.25
01:00:01:00:00:00:00;1726001188;10/09/24;20:46:28;-127.0;4.12;6.25
01:00:01:00:00:00:00;1726001248;10/09/24;20:47:28;-127.0;4.06;6.25
01:00:01:00:00:00:00;1726001308;10/09/24;20:48:28;-127.0;4.06;6.25
01:00:01:00:00:00:00;1726001368;10/09/24;20:49:28;-127.0;4.06;6.31
01:00:01:00:00:00:00;1726001428;10/09/24;20:50:28;-127.0;4.12;6.31
01:00:01:00:00:00:00;1726001488;10/09/24;20:51:28;-127.0;4.06;6.31
01:00:01:00:00:00:00;1726001548;10/09/24;20:52:28;-127.0;4.06;6.25
01:00:01:00:00:00:00;1726001608;10/09/24;20:53:28;-127.0;4.12;6.31
01:00:01:00:00:00:00;1726001668;10/09/24;20:54:28;-127.0;4.12;6.31
01:00:01:00:00:00:00;1726001728;10/09/24;20:55:28;-127.0;4.06;6.25
01:00:01:00:00:00:00;1726001788;10/09/24;20:56:28;-127.0;4.06;6.25
01:00:01:00:00:00:00;1726001848;10/09/24;20:57:28;-127.0;4.06;6.31
01:00:01:00:00:00:00;1726001908;10/09/24;20:58:28;-127.0;4.12;6.25
01:00:01:00:00:00:00;1726001968;10/09/24;20:59:28;-127.0;4.06;6.25
01:00:01:00:00:00:00;1726002028;10/09/24;21:00:28;-127.0;4.06;6.31
01:00:01:00:00:00:00;1726002088;10/09/24;21:01:28;-127.0;4.12;6.25
01:00:01:00:00:00:00;1726002148;10/09/24;21:02:28;-127.0;4.12;6.25
01:00:01:00:00:00:00;1726002208;10/09/24;21:03:28;-127.0;4.18;6.25
01:00:01:00:00:00:00;1726002268;10/09/24;21:04:28;-127.0;4.12;6.25
01:00:01:00:00:00:00;1726002327;10/09/24;21:05:27;-127.0;4.12;6.25
01:00:01:00:00:00:00;1726002387;10/09/24;21:06:27;-127.0;4.12;6.25
01:00:01:00:00:00:00;1726002447;10/09/24;21:07:27;-127.0;4.12;6.25
01:00:01:00:00:00:00;1726002507;10/09/24;21:08:27;-127.0;4.12;6.31
01:00:01:00:00:00:00;1726002567;10/09/24;21:09:27;-127.0;4.12;6.25
01:00:01:00:00:00:00;1726002627;10/09/24;21:10:27;-127.0;4.12;6.31
01:00:01:00:00:00:00;1726002687;10/09/24;21:11:27;-127.0;4.12;6.31
01:00:01:00:00:00:00;1726002747;10/09/24;21:12:27;-127.0;4.18;6.31
01:00:01:00:00:00:00;1726002807;10/09/24;21:13:27;-127.0;4.12;6.25
01:00:01:00:00:00:00;1726002867;10/09/24;21:14:27;-127.0;4.12;6.25
01:00:01:00:00:00:00;1726002927;10/09/24;21:15:27;-127.0;4.12;6.25
01:00:01:00:00:00:00;1726002987;10/09/24;21:16:27;-127.0;4.12;6.31
01:00:01:00:00:00:00;1726003047;10/09/24;21:17:27;-127.0;4.12;6.25
01:00:01:00:00:00:00;1726003107;10/09/24;21:18:27;-127.0;4.12;6.25
01:00:01:00:00:00:00;1726003167;10/09/24;21:19:27;-127.0;4.12;6.25
01:00:01:00:00:00:00;1726003222;10/09/24;21:20:22;-127.0;4.12;6.25
01:00:01:00:00:00:00;1726003282;10/09/24;21:21:22;-127.0;4.12;6.25
01:00:01:00:00:00:00;1726003342;10/09/24;21:22:22;-127.0;4.06;6.25
01:00:01:00:00:00:00;1726003402;10/09/24;21:23:22;-127.0;4.12;6.25
01:00:01:00:00:00:00;1726003462;10/09/24;21:24:22;-127.0;4.12;6.25
01:00:01:00:00:00:00;1726003522;10/09/24;21:25:22;-127.0;4.12;6.25
01:00:01:00:00:00:00;1726003582;10/09/24;21:26:22;-127.0;4.12;6.25
01:00:01:00:00:00:00;1726003642;10/09/24;21:27:22;-127.0;4.06;6.31
01:00:01:00:00:00:00;1726003702;10/09/24;21:28:22;-127.0;4.12;6.25
01:00:01:00:00:00:00;1726003762;10/09/24;21:29:22;-127.0;4.12;6.25
01:00:01:00:00:00:00;1726003822;10/09/24;21:30:22;-127.0;4.12;6.31
01:00:01:00:00:00:00;1726003882;10/09/24;21:31:22;-127.0;4.12;6.25
01:00:01:00:00:00:00;1726003942;10/09/24;21:32:22;-127.0;4.06;6.31
01:00:01:00:00:00:00;1726004002;10/09/24;21:33:22;-127.0;4.12;6.25
01:00:01:00:00:00:00;1726004062;10/09/24;21:34:22;-127.0;4.12;6.25
01:00:01:00:00:00:00;1726004122;10/09/24;21:35:22;-127.0;4.12;6.25
01:00:01:00:00:00:00;1726004182;10/09/24;21:36:22;-127.0;4.18;6.25
01:00:01:00:00:00:00;1726004242;10/09/24;21:37:22;-127.0;4.18;6.25
01:00:01:00:00:00:00;1726004301;10/09/24;21:38:21;-127.0;4.12;6.25
01:00:01:00:00:00:00;1726004361;10/09/24;21:39:21;-127.0;4.12;6.25
01:00:01:00:00:00:00;1726004421;10/09/24;21:40:21;-127.0;4.18;6.31
01:00:01:00:00:00:00;1726004481;10/09/24;21:41:21;-127.0;4.12;6.25
01:00:01:00:00:00:00;1726004541;10/09/24;21:42:21;-127.0;4.18;6.25
01:00:01:00:00:00:00;1726004601;10/09/24;21:43:21;-127.0;4.18;6.31
01:00:01:00:00:00:00;1726004661;10/09/24;21:44:21;-127.0;4.18;6.31
01:00:01:00:00:00:00;1726004721;10/09/24;21:45:21;-127.0;4.12;6.31
01:00:01:00:00:00:00;1726004781;10/09/24;21:46:21;-127.0;4.18;6.31
01:00:01:00:00:00:00;1726004841;10/09/24;21:47:21;-127.0;4.12;6.31
01:00:01:00:00:00:00;1726004901;10/09/24;21:48:21;-127.0;4.12;6.31
01:00:01:00:00:00:00;1726004961;10/09/24;21:49:21;-127.0;4.12;6.31
01:00:01:00:00:00:00;1726005021;10/09/24;21:50:21;-127.0;4.12;6.31
01:00:01:00:00:00:00;1726005081;10/09/24;21:51:21;-127.0;4.12;6.31
01:00:01:00:00:00:00;1726005141;10/09/24;21:52:21;-127.0;4.12;6.25
01:00:01:00:00:00:00;1726005201;10/09/24;21:53:21;-127.0;4.12;6.31
01:00:01:00:00:00:00;1726005261;10/09/24;21:54:21;-127.0;4.12;6.31
01:00:01:00:00:00:00;1726005321;10/09/24;21:55:21;-127.0;4.12;6.25
01:00:01:00:00:00:00;1726005381;10/09/24;21:56:21;-127.0;4.18;6.31
01:00:01:00:00:00:00;1726005441;10/09/24;21:57:21;-127.0;4.12;6.31
01:00:01:00:00:00:00;1726005501;10/09/24;21:58:21;-127.0;4.12;6.31
01:00:01:00:00:00:00;1726005561;10/09/24;21:59:21;-127.0;4.12;6.31
01:00:01:00:00:00:00;1726005621;10/09/24;22:00:21;-127.0;4.12;6.37
01:00:01:00:00:00:00;1726005681;10/09/24;22:01:21;-127.0;4.12;6.25
01:00:01:00:00:00:00;1726005741;10/09/24;22:02:21;-127.0;4.12;6.31
01:00:01:00:00:00:00;1726005801;10/09/24;22:03:21;-127.0;4.18;6.31
01:00:01:00:00:00:00;1726005860;10/09/24;22:04:20;-127.0;4.12;6.31
01:00:01:00:00:00:00;1726005920;10/09/24;22:05:20;-127.0;4.18;6.25
01:00:01:00:00:00:00;1726005980;10/09/24;22:06:20;-127.0;4.12;6.31
01:00:01:00:00:00:00;1726006040;10/09/24;22:07:20;-127.0;4.18;6.31
01:00:01:00:00:00:00;1726006100;10/09/24;22:08:20;-127.0;4.18;6.25
01:00:01:00:00:00:00;1726006160;10/09/24;22:09:20;-127.0;4.18;6.31
01:00:01:00:00:00:00;1726006220;10/09/24;22:10:20;-127.0;4.12;6.25
01:00:01:00:00:00:00;1726006280;10/09/24;22:11:20;-127.0;4.12;6.25
01:00:01:00:00:00:00;1726006340;10/09/24;22:12:20;-127.0;4.18;6.31
01:00:01:00:00:00:00;1726006400;10/09/24;22:13:20;-127.0;4.18;6.31
01:00:01:00:00:00:00;1726006460;10/09/24;22:14:20;-127.0;4.18;6.25
01:00:01:00:00:00:00;1726006520;10/09/24;22:15:20;-127.0;4.18;6.31
01:00:01:00:00:00:00;1726006580;10/09/24;22:16:20;-127.0;4.18;6.25
01:00:01:00:00:00:00;1726006640;10/09/24;22:17:20;-127.0;4.12;6.25
01:00:01:00:00:00:00;1726006700;10/09/24;22:18:20;-127.0;4.18;6.31
01:00:01:00:00:00:00;1726006760;10/09/24;22:19:20;-127.0;4.18;6.31
01:00:01:00:00:00:00;1726006815;10/09/24;22:20:15;-127.0;4.12;6.25
01:00:01:00:00:00:00;1726006875;10/09/24;22:21:15;-127.0;4.25;6.25
01:00:01:00:00:00:00;1726006935;10/09/24;22:22:15;-127.0;4.18;6.31
01:00:01:00:00:00:00;1726006995;10/09/24;22:23:15;-127.0;4.18;6.31
01:00:01:00:00:00:00;1726007055;10/09/24;22:24:15;-127.0;4.12;6.31
01:00:01:00:00:00:00;1726007115;10/09/24;22:25:15;-127.0;4.18;6.31
01:00:01:00:00:00:00;1726007175;10/09/24;22:26:15;-127.0;4.12;6.31
01:00:01:00:00:00:00;1726007235;10/09/24;22:27:15;-127.0;4.18;6.31
01:00:01:00:00:00:00;1726007295;10/09/24;22:28:15;-127.0;4.18;6.25
01:00:01:00:00:00:00;1726007355;10/09/24;22:29:15;-127.0;4.18;6.31
01:00:01:00:00:00:00;1726007415;10/09/24;22:30:15;-127.0;4.18;6.25
01:00:01:00:00:00:00;1726007475;10/09/24;22:31:15;-127.0;4.18;6.31
01:00:01:00:00:00:00;1726007535;10/09/24;22:32:15;-127.0;4.18;6.31
01:00:01:00:00:00:00;1726007595;10/09/24;22:33:15;-127.0;4.18;6.25
01:00:01:00:00:00:00;1726007655;10/09/24;22:34:15;-127.0;4.18;6.25
01:00:01:00:00:00:00;1726007715;10/09/24;22:35:15;-127.0;4.18;6.31
01:00:01:00:00:00:00;1726007775;10/09/24;22:36:15;-127.0;4.12;6.25
01:00:01:00:00:00:00;1726007835;10/09/24;22:37:15;-127.0;4.18;6.31
01:00:01:00:00:00:00;1726007894;10/09/24;22:38:14;-127.0;4.12;6.31
01:00:01:00:00:00:00;1726007954;10/09/24;22:39:14;-127.0;4.18;6.25
01:00:01:00:00:00:00;1726008014;10/09/24;22:40:14;-127.0;4.18;6.25
01:00:01:00:00:00:00;1726008074;10/09/24;22:41:14;-127.0;4.18;6.31
01:00:01:00:00:00:00;1726008134;10/09/24;22:42:14;-127.0;4.25;6.25
01:00:01:00:00:00:00;1726008194;10/09/24;22:43:14;-127.0;4.18;6.31
01:00:01:00:00:00:00;1726008254;10/09/24;22:44:14;-127.0;4.18;6.25
01:00:01:00:00:00:00;1726008314;10/09/24;22:45:14;-127.0;4.18;6.25
01:00:01:00:00:00:00;1726008374;10/09/24;22:46:14;-127.0;4.18;6.25
01:00:01:00:00:00:00;1726008434;10/09/24;22:47:14;-127.0;4.18;6.25
01:00:01:00:00:00:00;1726008494;10/09/24;22:48:14;-127.0;4.25;6.25
01:00:01:00:00:00:00;1726008554;10/09/24;22:49:14;-127.0;4.18;6.25
01:00:01:00:00:00:00;1726008614;10/09/24;22:50:14;-127.0;4.25;6.25
01:00:01:00:00:00:00;1726008674;10/09/24;22:51:14;-127.0;4.18;6.25
01:00:01:00:00:00:00;1726008734;10/09/24;22:52:14;-127.0;4.18;6.31
01:00:01:00:00:00:00;1726008794;10/09/24;22:53:14;-127.0;4.25;6.25
01:00:01:00:00:00:00;1726008854;10/09/24;22:54:14;-127.0;4.18;6.31
01:00:01:00:00:00:00;1726008914;10/09/24;22:55:14;-127.0;4.18;6.31
01:00:01:00:00:00:00;1726008974;10/09/24;22:56:14;-127.0;4.18;6.31
01:00:01:00:00:00:00;1726009034;10/09/24;22:57:14;-127.0;4.18;6.25
01:00:01:00:00:00:00;1726009094;10/09/24;22:58:14;-127.0;4.18;6.18
01:00:01:00:00:00:00;1726009154;10/09/24;22:59:14;-127.0;4.25;6.25
01:00:01:00:00:00:00;1726009214;10/09/24;23:00:14;-127.0;4.25;6.25
01:00:01:00:00:00:00;1726009274;10/09/24;23:01:14;-127.0;4.18;6.25
01:00:01:00:00:00:00;1726009334;10/09/24;23:02:14;-127.0;4.18;6.25
01:00:01:00:00:00:00;1726009394;10/09/24;23:03:14;-127.0;4.18;6.25
01:00:01:00:00:00:00;1726009453;10/09/24;23:04:13;-127.0;4.25;6.25
01:00:01:00:00:00:00;1726009513;10/09/24;23:05:13;-127.0;4.18;6.25
01:00:01:00:00:00:00;1726009573;10/09/24;23:06:13;-127.0;4.25;6.25
01:00:01:00:00:00:00;1726009633;10/09/24;23:07:13;-127.0;4.18;6.31
01:00:01:00:00:00:00;1726009693;10/09/24;23:08:13;-127.0;4.18;6.25
01:00:01:00:00:00:00;1726009753;10/09/24;23:09:13;-127.0;4.25;6.31
01:00:01:00:00:00:00;1726009813;10/09/24;23:10:13;-127.0;4.25;6.31
01:00:01:00:00:00:00;1726009873;10/09/24;23:11:13;-127.0;4.25;6.31
01:00:01:00:00:00:00;1726009933;10/09/24;23:12:13;-127.0;4.25;6.31
01:00:01:00:00:00:00;1726009993;10/09/24;23:13:13;-127.0;4.25;6.31
01:00:01:00:00:00:00;1726010053;10/09/24;23:14:13;-127.0;4.25;6.31
01:00:01:00:00:00:00;1726010113;10/09/24;23:15:13;-127.0;4.25;6.25
01:00:01:00:00:00:00;1726010173;10/09/24;23:16:13;-127.0;4.25;6.31
01:00:01:00:00:00:00;1726010233;10/09/24;23:17:13;-127.0;4.18;6.31
01:00:01:00:00:00:00;1726010293;10/09/24;23:18:13;-127.0;4.25;6.25
01:00:01:00:00:00:00;1726010353;10/09/24;23:19:13;-127.0;4.25;6.31
01:00:01:00:00:00:00;1726010408;10/09/24;23:20:08;-127.0;4.25;6.31
01:00:01:00:00:00:00;1726010468;10/09/24;23:21:08;-127.0;4.25;6.31
01:00:01:00:00:00:00;1726010528;10/09/24;23:22:08;-127.0;4.18;6.31
01:00:01:00:00:00:00;1726010588;10/09/24;23:23:08;-127.0;4.25;6.31
01:00:01:00:00:00:00;1726010648;10/09/24;23:24:08;-127.0;4.18;6.31
01:00:01:00:00:00:00;1726010708;10/09/24;23:25:08;-127.0;4.25;6.31
01:00:01:00:00:00:00;1726010768;10/09/24;23:26:08;-127.0;4.25;6.31
01:00:01:00:00:00:00;1726010828;10/09/24;23:27:08;-127.0;4.25;6.25
01:00:01:00:00:00:00;1726010888;10/09/24;23:28:08;-127.0;4.25;6.25
01:00:01:00:00:00:00;1726010948;10/09/24;23:29:08;-127.0;4.25;6.25
01:00:01:00:00:00:00;1726011008;10/09/24;23:30:08;-127.0;4.18;6.25
01:00:01:00:00:00:00;1726011068;10/09/24;23:31:08;-127.0;4.25;6.31
01:00:01:00:00:00:00;1726011128;10/09/24;23:32:08;-127.0;4.25;6.25
01:00:01:00:00:00:00;1726011188;10/09/24;23:33:08;-127.0;4.25;6.31
01:00:01:00:00:00:00;1726011248;10/09/24;23:34:08;-127.0;4.25;6.31
01:00:01:00:00:00:00;1726011308;10/09/24;23:35:08;-127.0;4.25;6.31
01:00:01:00:00:00:00;1726011368;10/09/24;23:36:08;-127.0;4.25;6.25
01:00:01:00:00:00:00;1726011428;10/09/24;23:37:08;-127.0;4.25;6.25
01:00:01:00:00:00:00;1726011487;10/09/24;23:38:07;-127.0;4.25;6.31
01:00:01:00:00:00:00;1726011547;10/09/24;23:39:07;-127.0;4.25;6.25
01:00:01:00:00:00:00;1726011607;10/09/24;23:40:07;-127.0;4.25;6.25
01:00:01:00:00:00:00;1726011667;10/09/24;23:41:07;-127.0;4.25;6.25
01:00:01:00:00:00:00;1726011727;10/09/24;23:42:07;-127.0;4.25;6.31
01:00:01:00:00:00:00;1726011787;10/09/24;23:43:07;-127.0;4.25;6.25
01:00:01:00:00:00:00;1726011847;10/09/24;23:44:07;-127.0;4.25;6.31
01:00:01:00:00:00:00;1726011907;10/09/24;23:45:07;-127.0;4.25;6.25
